Mã khách hàng,Lãi suất khoản vay (%),Tỷ lệ khoản vay trên thu nhập,Tỷ lệ tổng nợ trên thu nhập,Thu nhập hàng năm (VND),Tình trạng sở hữu nhà,Từng vỡ nợ trong hồ sơ tín dụng (Có/Không),Số tiền vay đề nghị (VND),Mục đích khoản vay,"Trạng thái trả nợ (0 = không vỡ nợ, 1 = vỡ nợ)",predicted,prob_vỡ_nợ,correct
CUST_26802,13.49,0.0705882352941176,0.1859291385887392,2659396020.0,3,1,187722072.0,1,1,0,0.20047684768144924,0
CUST_14419,10.0,0.5208333333333334,0.6428956354008721,750888288.0,2,1,391087650.0,5,1,1,0.7456080113783763,1
CUST_25970,5.79,0.3368421052631579,0.4421145534760023,990755380.0,2,1,333728128.0,5,1,1,0.6521338500042224,1
CUST_12669,12.87,0.1025641025641025,0.4012638294368754,2033655780.0,3,1,208580080.0,4,1,0,0.31520980353031364,0
CUST_05315,6.17,0.3269230769230769,0.5351715853426882,677885260.0,2,1,221616335.0,2,1,1,0.5988859069608391,1
CUST_00189,10.99,0.4166666666666667,0.7033811858729154,1564350600.0,2,0,651812750.0,3,1,1,0.8225476362067904,1
CUST_10626,13.85,0.2201881035513195,0.3821731124608501,1657742330.82,3,1,365015140.0,1,1,1,0.5530513916100628,1
CUST_10250,7.49,0.1627118644067796,0.244895298487724,1538278090.0,2,1,250296096.0,2,1,0,0.45370754065185004,0
CUST_05067,10.99,0.119047619047619,0.2224692604479134,1095045420.0,2,0,130362550.0,3,1,0,0.4159275486876916,0
CUST_00622,12.21,0.3883495145631068,0.4584825332279563,1342734265.0,2,1,521450199.9999999,4,1,1,0.7597970132102781,1
CUST_13369,9.63,0.1282051282051282,0.40199604117825,2033655780.0,3,1,260725100.0,2,1,0,0.3659161607076578,0
CUST_19940,11.99,0.2862903225806452,0.4762970670645712,808247810.0,3,1,231393526.25,0,1,1,0.5830992611699569,1
CUST_16447,16.29,0.16875,0.3476566554594623,834320320.0,2,0,140791554.0,2,1,0,0.48029115013030366,0
CUST_29450,10.39,0.0517241379310344,0.2327336942999198,756102790.0,2,1,39108765.0,0,1,0,0.3881393493667362,0
CUST_31631,18.39,0.2884615384615384,0.3902060058671309,2711541040.0,3,1,782175300.0,2,1,1,0.7597129825074846,1
CUST_05878,10.99,0.1248524471079633,0.3975928827511104,1148546210.52,2,0,143398805.0,3,1,0,0.4189236430323496,0
CUST_13341,15.21,0.0378378378378378,0.1492782489560338,1929365740.0,2,0,73003028.0,4,1,0,0.2179659865182036,0
CUST_24832,10.99,0.0502708811114434,0.1844539803763445,1568887216.74,3,1,78869342.75,5,1,0,0.2780236913941487,0
CUST_18406,7.51,0.3617438386855862,0.5062452230148057,558577454.24,3,1,202061952.5,2,1,1,0.6021937556998652,1
CUST_14793,10.37,0.3333333333333333,0.5810125984455602,1173262950.0,2,1,391087650.0,3,1,1,0.6740029336091701,1
CUST_01132,14.96,0.3777777777777777,0.4891668790019361,1173262950.0,2,0,443232670.0,2,1,1,0.7216062564027438,1
CUST_32030,10.99,0.3541666666666667,0.433202350984728,782175300.0,2,1,277020418.75,4,1,1,0.6352684507426591,1
CUST_28212,14.96,0.119047619047619,0.3423848616560703,1095045420.0,2,0,130362550.0,4,1,0,0.4159275486876919,0
CUST_17150,10.99,0.3678524230575348,0.5581297638703935,1913696161.49,2,1,703957770.0,2,1,1,0.8132339959640458,1
CUST_32467,12.21,0.376081233546446,0.6337176661711131,277307216.36,2,1,104290040.0,0,1,1,0.5555387130546733,1
CUST_06226,17.04,0.2083333333333333,0.4735071407312264,750888288.0,2,0,156435060.0,4,1,1,0.5144676371230374,1
CUST_03001,17.49,0.1103296097090056,0.2541155327483959,756207080.04,2,0,83432032.0,1,1,0,0.43461563017453064,0
CUST_29005,10.99,0.2557544757033248,0.4327021261995199,2038870282.0,3,0,521450199.9999999,5,1,1,0.6402386726520544,1
CUST_20620,6.62,0.4135416666666666,0.6616417747034655,625740240.0,2,1,258769661.75,3,1,1,0.6468000865031152,1
CUST_17003,9.96,0.1379310344827586,0.4037946639259419,756102790.0,2,1,104290040.0,5,1,0,0.4569769638865216,0
CUST_06315,7.88,0.2068965517241379,0.4279083384108981,756102790.0,2,1,156435060.0,2,1,1,0.5133913821779911,1
CUST_22232,14.96,0.201030280185953,0.431700518280476,830044428.3599999,2,0,166864064.0,2,1,1,0.5094251691179791,1
CUST_19084,12.73,0.35,0.5902024152144808,1042900400.0,2,1,365015140.0,5,1,1,0.6728286522944562,1
CUST_02621,20.3,0.081081081081081,0.3764498786232601,964682870.0,2,1,78217530.0,3,1,0,0.3874836639450234,0
CUST_23562,10.62,0.2586206896551724,0.3908097912783477,1512205580.0,3,1,391087650.0,3,1,1,0.6097597228189716,1
CUST_30563,11.99,0.32,0.3735606401549202,651812750.0,2,1,208580080.0,5,1,1,0.590454059649809,1
CUST_16323,10.74,0.3645,0.6346395309276468,1303625500.0,2,1,475171494.75,4,1,1,0.7277463753732515,1
CUST_15486,16.02,0.2272727272727272,0.4231847751563451,1720785660.0,2,1,391087650.0,0,1,1,0.5680667155624483,1
CUST_05304,9.88,0.3541666666666667,0.5508414406641218,625740240.0,2,1,221616335.0,4,1,1,0.6091900367995099,1
CUST_18780,14.17,0.0227272727272727,0.2580530770351,1147190440.0,2,1,26072510.0,4,1,0,0.30263282149271326,0
CUST_22999,15.23,0.1111111111111111,0.268247370494818,1407915540.0,3,1,156435060.0,5,1,0,0.3810798535296473,0
CUST_04446,17.99,0.123076923076923,0.3598831818324717,1016827890.0,2,1,125148048.0,0,1,0,0.42616918666022485,0
CUST_00488,11.36,0.3882252559726962,0.4806884601030806,1527849086.0,2,1,593149602.5,5,1,1,0.7874300639584288,1
CUST_02522,10.99,0.15625,0.409974355057832,500592191.9999999,2,0,78217530.0,1,1,0,0.4813942416637797,0
CUST_32397,10.62,0.1145833333333333,0.2624899071315421,1251480480.0,2,1,143398805.0,2,1,0,0.3983749807858509,0
CUST_10336,10.95,0.4998000799680128,0.7921761701469641,521658780.08,2,1,260725100.0,2,1,1,0.6680717285089898,1
CUST_28922,14.96,0.1923076923076923,0.4465628759327592,2033655780.0,2,1,391087650.0,3,1,1,0.5038663754169899,1
CUST_00448,10.99,0.2448979591836734,0.5109743830196465,2555105980.0,2,0,625740240.0,3,1,1,0.6461288877181942,1
CUST_00500,10.25,0.3666666666666666,0.4303261567292781,1564350600.0,2,1,573595220.0,3,1,1,0.7675553645843489,1
CUST_08240,12.18,0.2473614775725593,0.4054162596041907,790518503.1999999,2,1,195543825.0,0,1,1,0.5485257679162233,1
CUST_19878,15.62,0.2115384615384615,0.3181033482436678,1355770520.0,2,0,286797610.0,1,1,1,0.5308007236232499,1
CUST_31128,8.59,0.4230769230769231,0.5487372572337059,677885260.0,2,1,286797610.0,3,1,1,0.6645075031476938,1
CUST_08192,6.91,0.3571428571428571,0.5449909378083742,547522710.0,2,1,195543825.0,3,1,1,0.5976025887057655,1
CUST_16958,13.57,0.0833333333333333,0.264304771409939,312870120.0,2,1,26072510.0,2,1,0,0.46370063391927197,0
CUST_12277,6.54,0.3428571428571428,0.5552727626489835,912537850.0,2,1,312870120.0,4,1,1,0.6462551927107956,1
CUST_19273,21.36,0.0868055555555555,0.2199166987837571,750888288.0,2,1,65181274.99999999,0,1,0,0.4163480592340914,0
CUST_10668,15.33,0.3144654088050314,0.4681976200608829,829105818.0,2,1,260725100.0,3,1,1,0.6095581807491397,1
CUST_06015,14.84,0.0954816709292412,0.3596985802416389,1529152711.5,2,1,146006056.0,5,1,0,0.34742976789368235,0
CUST_03431,15.27,0.3273026315789473,0.5680222586728025,792604304.0,3,1,259421474.5,4,1,1,0.6153746587076443,1
CUST_14362,10.99,0.3186533052039381,0.4964424552364802,1186403495.04,2,1,378051395.0,0,1,1,0.6590277899066358,1
CUST_05238,10.59,0.416432057057057,0.6950002650729661,555657333.12,2,1,231393526.25,0,1,1,0.6327904103857012,1
CUST_13292,11.72,0.3472222222222222,0.5190663808534458,938610360.0,2,1,325906375.0,4,1,1,0.6542109939841155,1
CUST_07527,16.29,0.2197802197802197,0.5128315756828111,759231491.1999999,2,1,166864064.0,1,1,1,0.524034648190028,1
CUST_17629,18.53,0.0935064935064935,0.2544793294831417,2007583270.0,3,1,187722072.0,3,1,0,0.3005308953881854,0
CUST_30103,15.21,0.0462962962962962,0.1258483929551256,2815831080.0,2,0,130362550.0,0,1,0,0.14663079024180606,0
CUST_12049,9.91,0.3905172413793103,0.6839648451404526,756102790.0,2,1,295271175.75,3,1,1,0.6582627222411789,1
CUST_12982,10.65,0.047692478896078,0.2269531524002907,1640039096.53,3,1,78217530.0,5,1,0,0.26582682874730335,0
CUST_17060,16.29,0.1379310344827586,0.2937625748430891,756102790.0,2,1,104290040.0,5,1,0,0.456976963886522,0
CUST_28969,10.99,0.1769911504424778,0.4164426940493738,2946193630.0,3,1,521450199.9999999,3,1,0,0.4567941838189341,0
CUST_02485,7.51,0.2,0.4970047937430837,391087650.0,2,1,78217530.0,4,1,1,0.5040044788321257,1
CUST_08002,8.9,0.24,0.421014486301864,782175300.0,2,1,187722072.0,5,1,1,0.5418257232197077,1
CUST_11844,15.57,0.1282051282051282,0.2502334249360554,2033655780.0,2,0,260725100.0,3,1,0,0.3659161607076582,0
CUST_19352,13.23,0.2,0.4009438941913043,391087650.0,2,1,78217530.0,2,1,1,0.5040044788321262,1
CUST_14975,10.37,0.3395816354251562,0.5953892048573519,1151674911.72,2,1,391087650.0,0,1,1,0.6779098224824063,1
CUST_02515,13.06,0.1578947368421052,0.2860088369882982,495377689.9999999,2,1,78217530.0,4,1,0,0.4824699261017483,0
CUST_18203,18.36,0.3157051282051282,0.4803525509571391,2033655780.0,2,1,642035558.75,1,1,1,0.7509261954662637,1
CUST_25084,16.45,0.3658536585365853,0.4225632958062055,855178328.0,2,1,312870120.0,5,1,1,0.6570128759608143,1
CUST_04422,10.99,0.16,0.4109786784740948,782175300.0,2,1,125148048.0,0,1,0,0.4741177185725964,0
CUST_12067,10.62,0.2949234488315874,0.4750676678951683,1617799245.5,3,1,477126933.0,5,1,1,0.6752699159997086,1
CUST_30427,16.77,0.2,0.3923774011227294,912537850.0,2,1,182507570.0,3,1,1,0.5093428961172594,1
CUST_27283,15.58,0.2717391304347826,0.3574148324249413,1439202552.0,2,0,391087650.0,5,1,1,0.6240136612878651,1
CUST_24884,15.96,0.125,0.22042911698453,1877220720.0,3,0,234652590.0,2,1,0,0.36968357010833075,0
CUST_06111,6.62,0.3333333333333333,0.6278828844155399,469305180.0,2,1,156435060.0,4,1,1,0.5721279449764352,1
CUST_17855,9.99,0.2222222222222222,0.3512112548260339,281583108.0,1,1,62574023.99999999,2,1,1,0.5096649954421215,1
CUST_18298,6.91,0.3328173374613003,0.4178265702758355,1684284146.0,2,1,560558965.0,5,1,1,0.7386457869501505,1
CUST_00105,10.99,0.3048192771084337,0.4408526140655088,2164018330.0,2,1,659634503.0,2,1,1,0.7450068547175346,1
CUST_24564,14.96,0.1851851851851851,0.2440088874578359,1407915540.0,2,1,260725100.0,0,1,0,0.491807455064591,0
CUST_04094,17.58,0.1176470588235294,0.2008521670741381,886465340.0,3,1,104290040.0,5,1,0,0.4303979060862541,0
CUST_18560,14.96,0.3515625,0.4494895133996206,1334912512.0,2,0,469305180.0,2,1,1,0.7174671652833817,1
CUST_17891,12.42,0.375,0.5512947304123734,2085800800.0,2,1,782175300.0,5,1,1,0.841323729225152,1
CUST_22256,15.65,0.1560975609756097,0.2715657901955845,1068972910.0,2,0,166864064.0,5,1,0,0.4601586064246938,0
CUST_17038,7.49,0.1428571428571428,0.3658415791285032,1277552990.0,2,1,182507570.0,2,1,0,0.4343291697938437,0
CUST_00978,17.19,0.4615384615384615,0.5281010206424325,1016827890.0,2,1,469305180.0,5,1,1,0.7675882178014596,1
CUST_00089,15.68,0.2708333333333333,0.4416428181507163,312870120.0,3,0,84735657.5,3,1,1,0.5271995906441597,1
CUST_14570,10.99,0.053763440860215,0.1106618452196082,969897372.0,2,1,52145020.0,4,1,0,0.3600242627573672,0
CUST_13826,14.96,0.2100840336134453,0.4754025511527052,1861577214.0,3,0,391087650.0,5,1,1,0.5393290526957312,1
CUST_13706,14.61,0.0602409638554216,0.352759599688596,2164018330.0,3,1,130362550.0,3,1,0,0.22745658295897708,0
CUST_09149,6.92,0.4166666666666667,0.5859868958243126,312870120.0,2,1,130362550.0,4,1,1,0.5760895383311131,1
CUST_20738,6.62,0.1385732498198547,0.3443090806668362,940748305.82,3,1,130362550.0,2,1,0,0.4471903406728522,0
CUST_29125,10.99,0.4375,0.5147054179117195,2085800800.0,2,1,912537850.0,5,1,1,0.9032049102423949,1
CUST_23592,17.74,0.2891156462585034,0.3797987911467018,1533063588.0,3,1,443232670.0,1,1,1,0.6581736582030132,1
CUST_31068,15.28,0.15625,0.400263412624341,1668640640.0,2,0,260725100.0,2,1,0,0.4382687128802176,0
CUST_28016,16.89,0.04,0.3307237235796184,1303625500.0,2,1,52145020.0,2,1,0,0.2992243393795785,0
CUST_00432,15.83,0.3478260869565217,0.4995792244015768,1799003190.0,2,1,625740240.0,3,1,1,0.7732543633557234,1
CUST_07374,5.42,0.1282051282051282,0.3527652172198769,1220193468.0,3,1,156435060.0,5,1,0,0.4182731869595776,0
CUST_18279,10.99,0.3254310344827586,0.4912516119620579,1814646696.0,2,1,590542351.5,4,1,1,0.742927166221297,1
CUST_31133,6.62,0.3171428571428571,0.3858036872363311,912537850.0,2,1,289404861.0,2,1,1,0.6226649362327986,1
CUST_20433,10.0,0.3392857142857143,0.5024303515557283,365015140.0,2,1,123844422.5,1,1,1,0.5585785213251767,1
CUST_00491,18.99,0.3221372734301176,0.4524472877611444,1821060533.46,2,0,586631475.0,2,1,1,0.7386535338961944,1
CUST_05320,7.49,0.1794871794871795,0.4213872836305545,1016827890.0,3,1,182507570.0,3,1,0,0.48780457660727994,0
CUST_28987,14.96,0.0969696969696969,0.3339652647931184,1720785660.0,2,1,166864064.0,4,1,0,0.3322003807525003,0
CUST_13650,7.88,0.2708333333333333,0.3248076220404051,1251480480.0,2,1,338942630.0,1,1,1,0.6072157055682065,1
CUST_23218,14.42,0.2824074074074074,0.473368377016475,1407915540.0,3,0,397605777.5,5,1,1,0.6366218434142424,1
CUST_16604,10.99,0.2,0.4244883415175385,469305180.0,2,1,93861036.0,0,1,1,0.5048053293909632,1
CUST_02624,10.75,0.081081081081081,0.2330409594876798,964682870.0,2,1,78217530.0,2,1,0,0.38748366394502276,0
CUST_30962,10.62,0.3333333333333333,0.3921332580771238,312870120.0,2,1,104290040.0,5,1,1,0.5482722483772192,1
CUST_26290,10.99,0.2028985507246377,0.2794656032016288,1799003190.0,2,0,365015140.0,1,1,1,0.5240548396034531,1
CUST_28291,16.07,0.20390625,0.3149150247862452,834320320.0,2,0,170123127.75,0,1,1,0.5120734906534717,1
CUST_00320,14.96,0.2485583615032809,0.3478275351937158,2622373055.8,2,0,651812750.0,3,1,1,0.659156347830745,1
CUST_16901,17.27,0.5181818181818182,0.7747418670038685,1147190440.0,3,1,594453228.0,3,1,1,0.8361239621573904,1
CUST_30763,16.89,0.3,0.574147380975109,782175300.0,2,1,234652590.0,3,1,1,0.5917446013150319,1
CUST_28535,12.68,0.2,0.3747393281514161,312870120.0,2,1,62574023.99999999,5,1,1,0.5032036077248915,1
CUST_18628,12.42,0.3608247422680412,0.5583448077366241,1264516735.0,2,1,456268925.0,4,1,1,0.7177992155419652,1
CUST_23815,15.27,0.1,0.3452722524528181,1564350600.0,3,0,156435060.0,4,1,0,0.3510975536465529,0
CUST_15818,16.45,0.1488095238095238,0.3701644544740633,4380181680.0,3,1,651812750.0,0,1,0,0.31156497175723286,0
CUST_11923,7.66,0.34375,0.6336056731267179,834320320.0,2,1,286797610.0,3,1,1,0.6351084577626657,1
CUST_08084,14.67,0.1411764705882353,0.3799425993441145,1329698010.0,2,1,187722072.0,3,1,0,0.42930591071743895,0
CUST_01136,10.99,0.3238095238095238,0.4630971348095446,1368806775.0,2,1,443232670.0,1,1,1,0.6880201419594547,1
CUST_20236,12.73,0.0934492103541725,0.3233400482967347,1116007718.04,2,0,104290040.0,2,1,0,0.38464414176877615,0
CUST_00649,13.11,0.3448275862068966,0.510437788512036,1512205580.0,2,1,521450199.9999999,3,1,1,0.7333224177349765,1
CUST_02798,9.99,0.2296211251435132,0.3763076118506184,1362549372.6,2,1,312870120.0,5,1,1,0.5574468932559731,1
CUST_14794,15.28,0.3846153846153846,0.4783518818527307,1016827890.0,2,1,391087650.0,5,1,1,0.7017399295820845,1
CUST_19927,7.51,0.3732638888888889,0.5811535128556455,750888288.0,2,1,280279482.5,3,1,1,0.6444811552667559,1
CUST_11025,14.84,0.1339366515837104,0.3923958671956973,1440506177.5,3,1,192936574.0,5,1,0,0.41250325012322486,0
CUST_17094,7.9,0.3191489361702128,0.5604576051331036,1225407970.0,2,1,391087650.0,0,1,1,0.6644664481606395,1
CUST_26559,10.99,0.365,0.516200492110362,1042900400.0,2,0,380658646.0,3,1,1,0.6875812979846488,1
CUST_00027,17.74,0.4159090909090909,0.6094742663386855,286797610.0,3,0,119281733.25,4,1,1,0.5696043344357772,1
CUST_15922,11.14,0.6583333333333333,0.9498729601030946,782175300.0,2,1,514932072.4999999,4,1,1,0.8301166340891932,1
CUST_09281,8.94,0.2,0.3381677441891499,651812750.0,2,1,130362550.0,3,1,1,0.506673877705416,1
CUST_25961,11.71,0.2351851851851852,0.4673260917500875,1407915540.0,2,1,331120877.0,3,1,1,0.5676962345716433,1
CUST_19186,13.62,0.3741666666666666,0.4372205213492895,782175300.0,3,0,292663924.75,3,1,1,0.6508358253363568,1
CUST_04117,12.98,0.3625,0.4189777545761426,312870120.0,2,0,113415418.5,3,1,1,0.5580518424706001,1
CUST_01166,12.53,0.336,0.5177066132006125,1303625500.0,2,1,438018168.0,5,1,1,0.6946870926169043,1
CUST_16572,10.99,0.5864583333333333,0.6366119151347642,625740240.0,2,1,366970578.25,4,1,1,0.7453861884755594,1
CUST_23900,9.88,0.2459016393442623,0.4955863580995069,1590423110.0,3,1,391087650.0,1,1,1,0.5942774770957029,1
CUST_04332,10.25,0.3383190883190883,0.3925773498405772,366058040.4,2,1,123844422.5,3,1,1,0.5583660491318566,1
CUST_29258,12.53,0.4358960387947475,0.4944042622528226,1435526328.09,2,1,625740240.0,3,1,1,0.8215807060031406,1
CUST_00029,9.99,0.5,0.6074428365444497,1694713150.0,2,1,847356575.0,1,1,1,0.9066888051773102,1
CUST_04047,16.0,0.0655737704918032,0.2760457554807299,1590423110.0,2,0,104290040.0,3,1,0,0.2969514684005172,0
CUST_06369,14.74,0.2,0.4085075881908458,782175300.0,2,0,156435060.0,2,1,1,0.5080084439754032,1
CUST_24996,16.0,0.3292487402656894,0.5294391317072857,910660629.28,2,1,299833865.0,1,1,1,0.6335891397448662,1
CUST_16960,10.39,0.3846153846153846,0.5832697237854209,813462312.0,2,1,312870120.0,2,1,1,0.6647373245206961,1
CUST_13041,12.87,0.2352941176470588,0.4500558931718506,1662122512.5,3,1,391087650.0,5,1,1,0.5799180126971549,1
CUST_10481,11.14,0.3333333333333333,0.4416176784358618,782175300.0,2,1,260725100.0,0,1,1,0.6187463989207397,1
CUST_31039,14.65,0.1025641025641025,0.3676628578100023,1016827890.0,2,0,104290040.0,2,1,0,0.40421401857267836,0
CUST_08731,11.11,0.2666666666666666,0.3167852454903196,782175300.0,2,1,208580080.0,3,1,1,0.5641774385777751,1
CUST_19219,10.99,0.33,0.537076094289699,1042900400.0,2,0,344157132.0,4,1,1,0.6526182026497592,1
CUST_05644,6.91,0.1616161616161616,0.3885190511054434,1032471396.0,3,1,166864064.0,5,1,0,0.46765881735633896,0
CUST_31717,15.31,0.2123893805309734,0.4549902254747076,2946193630.0,3,0,625740240.0,2,1,1,0.5692860490499673,1
CUST_09653,16.89,0.1806451612903225,0.429501940588336,1212371715.0,2,0,219009084.0,5,1,0,0.48698116906239086,0
CUST_02400,10.74,0.1015625,0.2275689280078073,834320320.0,3,1,84735657.5,0,1,0,0.4202053051008798,0
CUST_08575,16.77,0.3809523809523809,0.5692499854685563,547522710.0,2,0,208580080.0,2,1,1,0.611117036274196,1
CUST_26786,7.88,0.3703703703703703,0.4916905922528964,1055936655.0,2,1,391087650.0,3,1,1,0.6949330606869351,1
CUST_04110,16.0,0.1615384615384615,0.2669986935242959,677885260.0,2,1,109504542.0,0,1,0,0.478692020602738,0
CUST_09467,10.25,0.3214285714285714,0.4153423186393966,1460060560.0,3,1,469305180.0,2,1,1,0.6960443642483048,1
CUST_18377,20.17,0.3389830508474576,0.6094471991969136,1538278090.0,2,0,521450199.9999999,4,1,1,0.7290885677632686,1
CUST_24111,13.49,0.2941176470588235,0.4528378425050249,886465340.0,2,1,260725100.0,4,1,1,0.5982222859692887,1
CUST_13198,16.77,0.3205128205128205,0.5809175473757365,2033655780.0,3,1,651812750.0,1,1,1,0.7587706326525153,1
CUST_18235,16.29,0.2267573696145124,0.5000772532198274,459919076.4,1,1,104290040.0,5,1,1,0.5180412611273201,1
CUST_30877,10.99,0.3174200101574403,0.4678904456402846,821388355.04,2,1,260725100.0,5,1,1,0.6110746756995605,1
CUST_03493,11.71,0.425,0.7174756938869794,651812750.0,2,1,277020418.75,2,1,1,0.6598431223033063,1
CUST_06283,15.57,0.4020618556701031,0.601894085299527,1264516735.0,0,1,508413944.9999999,2,1,1,0.7612724142139876,1
CUST_22327,15.62,0.2333333333333333,0.4137262595029732,782175300.0,2,1,182507570.0,5,1,1,0.5362077754956465,1
CUST_29904,14.54,0.0813559322033898,0.1542353313643931,1538278090.0,2,0,125148048.0,2,1,0,0.32556026989674386,0
CUST_00086,10.99,0.2592592592592592,0.4252457527120564,2815831080.0,2,1,730030280.0,2,1,1,0.6982213106080559,1
CUST_07295,12.53,0.1739130434782608,0.2970396550604963,1199335460.0,3,1,208580080.0,5,1,0,0.47837958915153667,0
CUST_05886,11.99,0.1065891472868217,0.2546375518707189,1345341516.0,2,1,143398805.0,1,1,0,0.37994275446203396,0
CUST_07989,12.69,0.3130434782608696,0.6106740997689203,599667730.0,2,1,187722072.0,3,1,1,0.578955615234773,1
CUST_12148,7.51,0.054054054054054,0.2864131213912649,1929365740.0,3,1,104290040.0,2,1,0,0.24197151561142108,0
CUST_08570,12.41,0.4,0.487148232474067,521450199.9999999,2,0,208580080.0,5,1,1,0.6162240939611743,1
CUST_10124,15.33,0.1376811594202898,0.2207269993752179,1799003190.0,2,0,247688845.0,1,1,0,0.39833084611635766,0
CUST_32188,9.91,0.16,0.4172069324677099,391087650.0,2,1,62574023.99999999,5,1,0,0.48705017847898185,0
CUST_06786,12.49,0.3043478260869565,0.5988301448787833,599667730.0,2,0,182507570.0,3,1,1,0.5734345154919014,1
CUST_23741,14.27,0.328125,0.4504036599415023,750888288.0,2,0,246385219.5,0,1,1,0.6101408254974361,1
CUST_16618,6.76,0.1115772560921181,0.3891998515552832,584180659.06,2,1,65181274.99999999,1,1,0,0.4501549179136447,0
CUST_00657,10.99,0.3333333333333333,0.595456634416255,1564350600.0,2,1,521450199.9999999,0,1,1,0.7248127241956719,1
CUST_29130,15.99,0.0647428782833888,0.3357342508728807,14094798906.0,3,0,912537850.0,5,1,0,0.00045771223837112713,0
CUST_26590,12.42,0.46875,0.5561327343647767,834320320.0,2,1,391087650.0,3,1,1,0.7323130379033205,1
CUST_16944,17.27,0.075,0.1260653650155648,1042900400.0,2,0,78217530.0,0,1,0,0.37226143273709444,0
CUST_23569,10.99,0.3191489361702128,0.5751022013971054,735244782.0,2,1,234652590.0,2,1,1,0.6010776777614906,1
CUST_00897,15.65,0.0625,0.1698475419408528,417160160.0,2,0,26072510.0,4,1,0,0.4423523262736903,0
CUST_00153,10.99,0.4545785148010764,0.6252288877026546,1433883759.96,2,1,651812750.0,2,1,1,0.8377388709278656,1
CUST_09781,13.98,0.3260869565217391,0.4344813117479085,719601276.0,2,0,234652590.0,4,1,1,0.6041728132398698,1
CUST_22675,6.99,0.196078431372549,0.4480423192940773,1329698010.0,3,1,260725100.0,1,1,1,0.5079624183940709,1
CUST_18201,5.99,0.1805054151624548,0.4131905167202016,433325116.2,1,1,78217530.0,1,1,0,0.4952802649557138,0
CUST_30115,12.61,0.1565217391304348,0.4220559630815716,899501595.0,2,1,140791554.0,0,1,0,0.4668659221524646,0
CUST_23496,10.99,0.1693548387096774,0.2428484279437834,1293196496.0,2,1,219009084.0,2,1,0,0.47031825064558663,0
CUST_27184,14.91,0.3,0.5529891780917451,1303625500.0,2,1,391087650.0,3,1,1,0.6499084804520883,1
CUST_23824,11.99,0.05,0.1755775686873975,1564350600.0,3,1,78217530.0,2,1,0,0.278208811969609,0
CUST_24336,15.21,0.238095238095238,0.3166432034665082,1095045420.0,2,0,260725100.0,1,1,1,0.5561937975016705,1
CUST_12252,14.96,0.3529411764705882,0.4138201864116801,886465340.0,2,1,312870120.0,0,1,1,0.6511642009433466,1
CUST_20637,14.12,0.1512345679012345,0.3704689421768722,844749324.0,2,1,127755299.0,5,1,0,0.4640577830725304,0
CUST_30001,15.31,0.1204935415461731,0.2035106090655174,1081904874.96,2,0,130362550.0,3,1,0,0.4185674627783361,0
CUST_27570,8.88,0.2,0.3237647129634048,1955438250.0,2,1,391087650.0,1,1,1,0.5200121259158571,1
CUST_09395,14.84,0.125,0.2163203255773012,1668640640.0,2,1,208580080.0,0,1,0,0.38360172164680123,0
CUST_08251,14.27,0.2314814814814814,0.4367126234988892,844749324.0,2,1,195543825.0,4,1,1,0.5374072126050132,1
CUST_05096,16.77,0.1136363636363636,0.1680904170787828,1147190440.0,2,1,130362550.0,1,1,0,0.40550053938741476,0
CUST_00958,14.91,0.4142045454545454,0.5492094935376917,1147190440.0,2,1,475171494.75,1,1,1,0.752589213082669,1
CUST_07199,9.25,0.1055806938159879,0.1916135595531188,1728607413.0,2,1,182507570.0,5,1,0,0.3459514286610813,0
CUST_20194,13.49,0.1176470588235294,0.1973207465226427,886465340.0,2,1,104290040.0,3,1,0,0.4303979060862538,0
CUST_16001,14.27,0.1142857142857142,0.3154610024424594,1095045420.0,2,0,125148048.0,2,1,0,0.41044558450266017,0
CUST_02241,15.7,0.5416666666666666,0.821330467486555,625740240.0,2,0,338942630.0,4,1,1,0.7216432487679815,1
CUST_00355,14.93,0.1689189189189189,0.4181025238272666,3858731480.0,2,1,651812750.0,3,1,0,0.41048118927454186,0
CUST_15262,17.39,0.2455242966751918,0.3260019762237792,2548587852.5,3,0,625740240.0,5,1,1,0.6473592814449666,1
CUST_28810,13.23,0.1363636363636363,0.2365698508061918,1147190440.0,3,0,156435060.0,2,1,0,0.4330178050020384,0
CUST_31131,11.97,0.3055555555555556,0.4157970370535014,938610360.0,2,0,286797610.0,5,1,1,0.6149169785960309,1
CUST_31710,14.22,0.0596658711217183,0.1697379989686567,655462901.4,2,0,39108765.0,3,1,0,0.4080605718178462,0
CUST_11679,8.59,0.0852514919011082,0.3821498927660851,1529152711.5,3,1,130362550.0,5,1,0,0.3322146792069875,0
CUST_18336,10.99,0.5,0.6642801293082196,521450199.9999999,1,1,260725100.0,5,1,1,0.6681099429284673,1
CUST_03111,16.07,0.2243589743589743,0.4181317913145183,406731156.0,2,1,91253785.0,0,1,1,0.5148999464991506,1
CUST_12870,15.33,0.0817260542661,0.2184347665290565,957069697.08,2,0,78217530.0,1,1,0,0.38897763607293023,0
CUST_10417,6.54,0.3787878787878788,0.4799453178295365,688314264.0,2,1,260725100.0,5,1,1,0.6368645974532283,1
CUST_06621,9.63,0.2613636363636363,0.5435656406670374,1147190440.0,3,1,299833865.0,0,1,1,0.5871553292649888,1
CUST_21780,15.95,0.0909090909090909,0.1998518152987388,1147190440.0,3,0,104290040.0,5,1,0,0.37856438241509827,0
CUST_03100,12.69,0.3022820163487738,0.5011399791599437,765488893.5999999,3,1,231393526.25,0,1,1,0.5916614216830137,1
CUST_30731,10.99,0.1089630931458699,0.355946793100348,1483525819.0,3,1,161649562.0,4,1,0,0.37172376945849567,0
CUST_14795,8.88,0.3333333333333333,0.4919670486449363,1173262950.0,2,1,391087650.0,2,1,1,0.67400293360917,1
CUST_23743,10.99,0.3389830508474576,0.5482722911933152,1538278090.0,3,0,521450199.9999999,5,1,1,0.729088567763268,1
CUST_06867,10.08,0.1704545454545454,0.4554414788882029,1147190440.0,3,1,195543825.0,0,1,0,0.47502674094136094,0
CUST_12294,11.49,0.3333333333333333,0.5345124013401074,938610360.0,2,1,312870120.0,4,1,1,0.6413151552356513,1
CUST_10462,11.86,0.3333333333333333,0.6153582633613907,782175300.0,2,1,260725100.0,2,1,1,0.6187463989207398,1
CUST_24252,10.71,0.375,0.6178274903826593,1668640640.0,3,1,625740240.0,0,1,1,0.7915820898159673,1
CUST_12702,15.28,0.2033898305084746,0.2599710839806708,1538278090.0,2,0,312870120.0,5,1,1,0.5213906500664318,1
CUST_25576,16.0,0.1344086021505376,0.4030520339073499,1939794744.0,3,0,260725100.0,3,1,0,0.38408942694145487,0
CUST_11056,13.8,0.3333333333333333,0.5853779609034839,312870120.0,2,0,104290040.0,0,1,1,0.5482722483772194,1
CUST_00608,11.36,0.4123711340206185,0.5907668346163498,1264516735.0,2,1,521450199.9999999,4,1,1,0.7713927964056014,1
CUST_22698,9.63,0.0235294117647058,0.1702854971362694,1329698010.0,3,1,31287012.0,2,1,0,0.2762829689500545,0
CUST_28404,12.53,0.4629629629629629,0.7559923602901312,563166216.0,2,1,260725100.0,0,1,1,0.6604235043486777,1
CUST_11337,5.42,0.196078431372549,0.2794084622081471,1329698010.0,2,1,260725100.0,2,1,1,0.5079624183940707,1
CUST_13351,16.77,0.1636904761904762,0.4148401289861105,438018168.0,2,0,71699402.5,5,1,0,0.48724797408580406,0
CUST_28709,11.14,0.4933333333333333,0.7454874003866302,782175300.0,2,1,385873148.0,5,1,1,0.7363074199523865,1
CUST_16665,12.68,0.1388888888888889,0.3965125278626505,938610360.0,2,1,130362550.0,2,1,0,0.44762706241422945,0
CUST_02001,11.26,0.4666666666666667,0.7106454993179165,782175300.0,2,1,365015140.0,5,1,1,0.7183769437112856,1
CUST_00260,16.02,0.3289473684210526,0.4218509162099187,1981510760.0,2,1,651812750.0,3,1,1,0.7665684258722154,1
CUST_01826,14.46,0.1585870726495726,0.290004854448943,780923819.52,3,0,123844422.5,3,1,0,0.47296634711962815,0
CUST_22708,12.29,0.0411417824187449,0.3142945305519095,1330819127.93,3,1,54752271.0,0,1,0,0.29688878196991647,0
CUST_18014,10.99,0.3846153846153846,0.6126389309186273,1694713150.0,2,1,651812750.0,1,1,1,0.8062765334810094,1
CUST_16995,15.2,0.2564102564102564,0.4729375492245941,1016827890.0,2,1,260725100.0,1,1,1,0.5720828650795113,1
CUST_18342,13.04,0.3773300128292204,0.5183798727557024,1381947320.04,2,1,521450199.9999999,0,1,1,0.7538343672682304,1
CUST_07813,17.04,0.2058823529411764,0.3104303755566362,886465340.0,2,1,182507570.0,2,1,1,0.5147251809448564,1
CUST_29360,10.99,0.3137931034482759,0.5747395539092623,1512205580.0,2,1,474519682.0,5,1,1,0.6916954579581839,1
CUST_26088,15.99,0.0357142857142857,0.2605923930526466,2190090840.0,3,0,78217530.0,3,1,0,0.1868867221915814,0
CUST_14334,11.49,0.4142857142857143,0.7022463086708683,912537850.0,2,1,378051395.0,5,1,1,0.7079069141478667,1
CUST_06749,9.99,0.4733333333333333,0.6860476464070498,391087650.0,2,1,185114821.0,5,1,1,0.6176338899464933,1
CUST_19154,15.57,0.0705882352941176,0.2859976403755779,886465340.0,2,0,62574023.99999999,5,1,0,0.38672358367622967,0
CUST_00327,15.05,0.2314814814814814,0.5192539203443223,2815831080.0,2,1,651812750.0,0,1,1,0.6223880121031912,1
CUST_23465,5.99,0.0456140350877193,0.1826714403251017,1486133070.0,3,1,67788526.0,1,1,0,0.2821224385745389,0
CUST_12978,17.58,0.2225755166931637,0.2743242734897833,1639960879.0,3,1,365015140.0,5,1,1,0.5566800309936302,1
CUST_19200,16.32,0.1774289294901391,0.3413523720526444,1976426620.55,2,1,350675259.5,3,1,0,0.47191082208031904,0
CUST_00971,6.17,0.4285714285714285,0.5261840742386256,1095045420.0,2,1,469305180.0,4,1,1,0.7558605298406529,1
CUST_09849,16.0,0.2647370278856336,0.3866743185426388,886361049.9599999,2,0,234652590.0,2,1,1,0.5707963634661454,1
CUST_30010,15.65,0.1666666666666666,0.3331682315834404,1407915540.0,2,0,234652590.0,1,1,0,0.46360904578310574,0
CUST_29214,12.87,0.3019323671497584,0.5879553665670506,2158803828.0,2,0,651812750.0,2,1,1,0.7393418376279302,1
CUST_26708,14.96,0.0476190476190476,0.2991832830648375,1095045420.0,2,0,52145020.0,3,1,0,0.3365605302682809,0
CUST_03081,9.63,0.520654782310593,0.6341181274225611,912642140.04,0,1,475171494.75,5,1,1,0.7868866045526518,1
CUST_15224,21.21,0.1747787610619469,0.2284768786753782,2946193630.0,3,1,514932072.4999999,4,1,0,0.449790425892037,0
CUST_29241,16.82,0.1582278481012658,0.2140661940352562,4119456580.0,2,1,651812750.0,1,1,0,0.35953227270312843,0
CUST_13787,16.02,0.0595238095238095,0.328603649861807,2190090840.0,3,1,130362550.0,3,1,0,0.2236934903262413,0
CUST_30758,10.65,0.3658536585365853,0.4816845558954784,641383746.0,2,1,234652590.0,2,1,1,0.6195192128876167,1
CUST_03743,13.47,0.2483469406761245,0.3352169130946342,839873764.63,3,0,208580080.0,5,1,1,0.5524220330244924,1
CUST_05999,14.91,0.0925619834710743,0.2922667459727088,1577386855.0,2,1,146006056.0,0,1,0,0.3384501311363525,0
CUST_16322,10.91,0.5138888888888888,0.7421174318206274,938610360.0,2,1,482341435.0,5,1,1,0.7884975051235984,1
CUST_01215,6.03,0.4571428571428571,0.7392191257703111,912537850.0,2,1,417160160.0,2,1,1,0.7416980357996082,1
CUST_20335,15.62,0.1833333333333333,0.2841228149084321,625740240.0,2,0,114719044.0,4,1,0,0.49510260462940414,0
CUST_01195,10.75,0.4081329771445532,0.6918507957934739,1054059434.28,2,1,430196415.0,5,1,1,0.729957732363285,1
CUST_00396,13.85,0.2827380952380952,0.3650364128781398,438018168.0,3,0,123844422.5,1,1,1,0.5436580225035814,1
CUST_20977,18.25,0.1136260339969093,0.3419852552161307,1147294730.04,2,1,130362550.0,3,1,0,0.40547976721697365,0
CUST_29367,7.88,0.3272727272727272,0.5030268210319065,1433988050.0,2,1,469305180.0,1,1,1,0.7005825544035199,1
CUST_26406,15.88,0.1698831204131557,0.2684725067726404,2302098342.96,3,1,391087650.0,3,1,0,0.44860001036246894,0
CUST_23457,13.98,0.2625,0.4286146570644286,834320320.0,2,1,219009084.0,1,1,1,0.5647025116552082,1
CUST_31992,7.51,0.2557283142389525,0.4644885859874594,446048501.08,3,1,114067231.25,2,1,1,0.5314708036434724,1
CUST_00123,10.99,0.5102040816326531,0.6827204189585755,1277552990.0,2,1,651812750.0,2,1,1,0.8545402622775267,1
CUST_13782,16.35,0.4136363636363636,0.5102500141314131,860392830.0,2,1,355889761.5,3,1,1,0.6968267633425702,1
CUST_00986,15.99,0.2083333333333333,0.3333886970142146,625740240.0,3,0,130362550.0,5,1,1,0.5120573926588375,1
CUST_19683,10.99,0.193103448275862,0.3943302332632856,756102790.0,3,1,146006056.0,3,1,1,0.5020897182180418,1
CUST_15075,14.96,0.0296296296296296,0.1798453818562281,1407915540.0,2,1,41716016.0,4,1,0,0.2724196080180345,0
CUST_12930,11.11,0.163826998689384,0.28516503827271,1909759212.48,3,1,312870120.0,1,1,0,0.4448964573332874,0
CUST_13149,15.95,0.1883116883116883,0.2474679785376415,2007583270.0,3,0,378051395.0,1,1,0,0.49512099504328977,0
CUST_15135,15.31,0.2233798261211433,0.2757183930600897,2917957101.67,3,1,651812750.0,3,1,1,0.6023621549061846,1
CUST_00554,14.09,0.3219920575292476,0.4330200147896352,1700423029.69,2,1,547522710.0,3,1,1,0.7249367224949483,1
CUST_02243,12.87,0.5416666666666666,0.7370046652098099,625740240.0,2,1,338942630.0,3,1,1,0.7216432487679812,1
CUST_24597,10.99,0.4347826086956521,0.6496392630381398,1799003190.0,3,0,782175300.0,2,1,1,0.8704643324124854,1
CUST_08635,19.42,0.1599285900249191,0.3590783687080116,1402023152.74,3,1,224223586.0,3,1,0,0.4535908108489875,0
CUST_21930,13.99,0.09009009009009,0.2572602812092621,1157619444.0,3,0,104290040.0,4,1,0,0.37653939876161496,0
CUST_18369,14.61,0.3174603174603174,0.5239138145030316,1642568130.0,2,0,521450199.9999999,4,1,1,0.711737155672636,1
CUST_24380,15.28,0.0303030303030303,0.1499638933685401,1720785660.0,3,1,52145020.0,3,1,0,0.23224756467859592,0
CUST_18173,7.9,0.1875,0.2627249865065347,417160160.0,1,1,78217530.0,4,1,0,0.4986191113682798,0
CUST_19889,16.35,0.1691657054978854,0.3563241563074134,1695364962.75,2,0,286797610.0,5,1,0,0.4607749680714892,0
CUST_20488,9.99,0.1481481481481481,0.4230348258077621,844749324.0,2,1,125148048.0,1,1,0,0.4612473452614912,0
CUST_26731,13.11,0.4285714285714285,0.666694479965815,912537850.0,2,1,391087650.0,5,1,1,0.7194559090461145,1
CUST_27730,18.39,0.0611995104039167,0.2945048495033094,4260248134.0,3,1,260725100.0,2,1,0,0.08398081566306909,0
CUST_25895,13.61,0.3086419753086419,0.5815143284553933,1055936655.0,2,1,325906375.0,5,1,1,0.6319666167117588,1
CUST_17613,10.38,0.3712438853948288,0.507996918663612,1193912377.92,2,1,443232670.0,0,1,1,0.718165911332237,1
CUST_00467,10.99,0.5461773282303627,0.6889270869922722,1144478898.96,2,1,625088427.25,1,1,1,0.8538021941238716,1
CUST_22595,10.99,0.168,0.3563133657739314,1303625500.0,3,1,219009084.0,5,1,0,0.4681722215454982,0
CUST_12991,15.95,0.1519064256418046,0.2124182778392123,2059623999.96,2,0,312870120.0,3,1,0,0.41456254388214336,0
CUST_02266,11.71,0.3385416666666667,0.6197980714956279,1001184384.0,2,1,338942630.0,2,1,1,0.6553014366312802,1
CUST_21136,15.21,0.0833333333333333,0.2478345817906172,1564350600.0,2,0,130362550.0,1,1,0,0.3257947896526793,0
CUST_14577,14.79,0.1632653061224489,0.2845208445810755,2555105980.0,3,0,417160160.0,3,1,0,0.4249899086101344,0
CUST_12314,10.62,0.3209242618741977,0.3952579603026045,974903293.92,2,1,312870120.0,2,1,1,0.6343885913441317,1
CUST_28372,10.99,0.1062367204099487,0.3806995695671488,834424610.04,2,1,88646534.0,3,1,0,0.4243211054636012,0
CUST_20188,16.32,0.1212121212121212,0.4175303033519033,860392830.0,2,1,104290040.0,1,1,0,0.4356867296606724,0
CUST_17873,17.8,0.0710059171597633,0.1536276279938039,8812508380.0,2,1,625740240.0,1,1,0,0.010272369251290757,0
CUST_32288,17.49,0.1818181818181818,0.3221776765329502,1147190440.0,2,1,208580080.0,3,1,0,0.48913872100797545,0
CUST_05367,14.27,0.1931818181818181,0.4678694923347535,1147190440.0,2,1,221616335.0,5,1,1,0.5032680345221642,1
CUST_22386,14.91,0.197072072072072,0.3202387644610066,926095555.2,2,0,182507570.0,4,1,1,0.5065431727490719,1
CUST_22656,10.99,0.2205882352941176,0.3183455692978228,886465340.0,2,1,195543825.0,4,1,1,0.5288285002175487,1
CUST_18326,6.91,0.5,0.6121186054538801,1042900400.0,2,1,521450199.9999999,3,1,1,0.8020724632212168,1
CUST_01303,16.45,0.2711864406779661,0.5399703566706372,1538278090.0,2,1,417160160.0,5,1,1,0.6313026028417584,1
CUST_32247,14.54,0.125764591550906,0.2933176368633397,1368259252.29,2,1,172078566.0,1,1,0,0.4050726004551295,0
CUST_15890,9.99,0.2083333333333333,0.3747342635763719,312870120.0,1,1,65181274.99999999,2,1,1,0.5060295730405506,1
CUST_01458,14.35,0.0454545454545454,0.2464269372405634,688314264.0,2,0,31287012.0,3,1,0,0.39339922061490384,0
CUST_31466,11.36,0.3111111111111111,0.401600605074497,1173262950.0,2,1,365015140.0,0,1,1,0.6486926457185148,1
CUST_01391,15.57,0.0297619047619047,0.2113529406511209,876036336.0,2,0,26072510.0,2,1,0,0.3518865773909145,0
CUST_02479,13.43,0.2083333333333333,0.2926507346007365,375444144.0,2,0,78217530.0,5,1,1,0.507235333324524,1
CUST_17244,12.69,0.1666666666666666,0.3944710815005198,782175300.0,2,1,130362550.0,2,1,0,0.47975806046010594,0
CUST_10008,12.53,0.7115384615384616,0.9205474710912314,338942630.0,2,1,241170717.5,3,1,1,0.6825803114848883,1
CUST_01005,19.69,0.3445635528330781,0.4021515067960621,1362027922.4,2,1,469305180.0,5,1,1,0.7129037538119612,1
CUST_17560,7.66,0.5583333333333333,0.7891793687178451,312870120.0,2,1,174685817.0,5,1,1,0.6222062873672598,1
CUST_06103,10.0,0.4032258064516129,0.4559179211970079,387958948.8,2,1,156435060.0,2,1,1,0.588495404648385,1
CUST_31997,16.29,0.0579710144927536,0.2632061737467699,1799003190.0,2,1,104290040.0,3,1,0,0.26227224062379667,0
CUST_01889,7.49,0.5138888888888888,0.6883638983438715,750888288.0,2,1,385873148.0,5,1,1,0.7412957130091374,1
CUST_01451,18.25,0.0588235294117647,0.2149345079838307,531879203.9999999,2,1,31287012.0,2,1,0,0.42463002777258835,0
CUST_22978,14.59,0.243028130506106,0.3311085618054786,858254884.18,2,0,208580080.0,3,1,1,0.5486641014369544,1
CUST_00942,14.65,0.2083333333333333,0.2883587003116212,625740240.0,3,1,130362550.0,4,1,1,0.5120573926588374,1
CUST_28144,10.78,0.1949406111161483,0.4424399552495678,287553712.79,3,0,56055896.5,3,1,1,0.5013673920600566,1
CUST_21783,15.95,0.1111111111111111,0.395581620548162,1407915540.0,2,1,156435060.0,1,1,0,0.3810798535296473,0
CUST_04961,12.68,0.1388888888888889,0.4305846261858542,938610360.0,2,1,130362550.0,2,1,0,0.44762706241422945,0
CUST_30341,15.27,0.1163043478260869,0.3173000296111173,1199335460.0,3,1,139487928.5,0,1,0,0.4046530612268936,0
CUST_31747,10.99,0.25,0.4193832698693737,1564350600.0,2,0,391087650.0,0,1,1,0.5994607375430178,1
CUST_00682,14.61,0.3571428571428571,0.4691789186349754,1460060560.0,2,0,521450199.9999999,2,1,1,0.7416627545279844,1
CUST_17057,10.99,0.108705104791721,0.2532231756464972,1199231169.96,2,0,130362550.0,4,1,0,0.395178672335893,0
CUST_30900,8.9,0.075,0.1681500004296224,1668640640.0,3,1,125148048.0,0,1,0,0.3023686499718685,0
CUST_17846,10.36,0.5392156862745098,0.6089090149614375,265939602.0,1,1,143398805.0,1,1,1,0.5991777899019896,1
CUST_09300,11.99,0.109090909090909,0.237030094375165,1433988050.0,3,1,156435060.0,2,1,0,0.3760122194828004,0
CUST_16938,10.99,0.4516279860579784,0.702513011308157,1226763740.52,2,1,554040837.5,2,1,1,0.8003839371930679,1
CUST_00859,15.99,0.144927536231884,0.2827472730646665,3598006380.0,2,0,521450199.9999999,4,1,0,0.32920100337104147,0
CUST_07937,11.46,0.1590764475956731,0.2957418890704977,1147294730.04,2,1,182507570.0,1,1,0,0.4609331245641341,0
CUST_12321,16.35,0.1907790143084261,0.3524651259221433,1639960879.0,3,0,312870120.0,5,1,1,0.5004004336021235,1
CUST_31748,14.91,0.0203252032520325,0.2569948687847412,3206918730.0,3,0,65181274.99999999,3,1,0,0.08572214987979258,0
CUST_17837,8.49,0.4539559014267185,0.566677042619841,2010190521.0,2,1,912537850.0,3,1,1,0.9085306331963706,1
CUST_03548,12.92,0.161328125,0.2634158120020246,1668640640.0,2,0,269198665.75,2,1,0,0.44733343730519515,0
CUST_15415,10.62,0.25,0.3554034386819651,1564350600.0,2,1,391087650.0,0,1,1,0.5994607375430178,1
CUST_21694,14.46,0.1428571428571428,0.3832960896632603,1095045420.0,2,1,156435060.0,5,1,0,0.4436243867206869,0
CUST_13247,10.99,0.3828125,0.616139468204321,834320320.0,2,1,319388247.5,3,1,1,0.6671907109433778,1
CUST_14652,13.49,0.4166666666666667,0.6685833276546302,938610360.0,2,0,391087650.0,4,1,1,0.7150874432000104,1
CUST_04501,17.99,0.0923076923076923,0.2106885422203009,1355770520.0,2,1,125148048.0,5,1,0,0.3594983922542531,0
CUST_26358,16.45,0.1818181818181818,0.4347995876253444,2294380880.0,3,1,417160160.0,3,1,0,0.47828768739459326,0
CUST_31918,13.92,0.5275106837606838,0.651838497200404,976154774.4,2,1,514932072.4999999,4,1,1,0.8063058716190558,1
CUST_14260,17.99,0.2117647058823529,0.3579787871349423,1772930680.0,2,0,375444144.0,0,1,1,0.5406736600935667,1
CUST_14193,13.57,0.4,0.6832860711269,938610360.0,2,1,375444144.0,0,1,1,0.7010689690324423,1
CUST_06368,14.11,0.2,0.2933251230619995,782175300.0,2,0,156435060.0,0,1,1,0.5080084439754032,1
CUST_21440,7.49,0.1071428571428571,0.2047293756061441,1095045420.0,3,1,117326295.0,5,1,0,0.40226456925356496,0
CUST_32481,13.43,0.40290088638195,0.581148969921439,1617799245.5,3,0,651812750.0,5,1,1,0.8160097375338224,1
CUST_09041,7.51,0.2962962962962963,0.35410141655048,1407915540.0,3,1,417160160.0,1,1,1,0.6559997885627274,1
CUST_16683,10.99,0.2450980392156862,0.3827887429677087,2659396020.0,3,1,651812750.0,5,1,1,0.6522507702098215,1
CUST_29561,15.68,0.4024670708760192,0.5567818522828403,872933707.31,2,0,351327072.25,5,1,1,0.6904208059236409,1
CUST_16632,12.23,0.4375,0.6361275410309832,834320320.0,2,1,365015140.0,5,1,1,0.7095792124137741,1
CUST_00023,17.58,0.5230769230769231,0.7232112023537182,1694713150.0,2,1,886465340.0,2,1,1,0.9200798189752504,1
CUST_23949,10.38,0.3333333333333333,0.6105693067930168,782175300.0,2,1,260725100.0,4,1,1,0.6187463989207397,1
CUST_06264,10.99,0.2,0.4118155264872822,782175300.0,2,0,156435060.0,3,1,1,0.5080084439754029,1
CUST_00605,10.62,0.4301075268817204,0.4958376186010026,1212371715.0,2,1,521450199.9999999,2,1,1,0.7789014668300115,1
CUST_20397,16.02,0.1013513513513513,0.2215862610705327,1157619444.0,2,1,117326295.0,2,1,0,0.38989856580842225,0
CUST_07985,6.91,0.3461538461538461,0.4460741010976785,542308208.0,2,1,187722072.0,3,1,1,0.59046296574536,1
CUST_04061,14.27,0.3529411764705882,0.4049413025350708,886465340.0,3,1,312870120.0,4,1,1,0.6511642009433466,1
CUST_27816,11.83,0.1117068811438784,0.3418863692310852,5835027738.0,3,1,651812750.0,1,1,0,0.1197450200963425,0
CUST_00031,11.12,0.1736111111111111,0.3322599598622733,300355315.2,1,1,52145020.0,5,1,0,0.494484039394209,0
CUST_03424,13.22,0.249199590718553,0.4056630301205227,789918835.4699999,3,0,196847450.5,1,1,1,0.5500478046997734,1
CUST_02887,15.21,0.046875,0.2311820362681232,1668640640.0,2,1,78217530.0,3,1,0,0.2612404524785469,0
CUST_00636,12.18,0.3636628118408611,0.4377815817156557,1433883759.96,2,1,521450199.9999999,2,1,1,0.7457849528390851,1
CUST_02213,13.49,0.3533333333333333,0.4591074280652081,977719125.0,2,0,345460757.5,3,1,1,0.6659835693346864,1
CUST_18376,6.54,0.3076923076923077,0.5637250283551805,1694713150.0,2,1,521450199.9999999,1,1,1,0.7028178093401498,1
CUST_21161,13.3,0.3076923076923077,0.4532184372174296,1016827890.0,3,1,312870120.0,1,1,1,0.6263176078747504,1
CUST_24220,13.22,0.0796875,0.3142631427490504,1668640640.0,3,1,132969801.0,3,1,0,0.30957023003529605,0
CUST_23895,13.23,0.4166666666666667,0.6279687577706818,625740240.0,2,1,260725100.0,5,1,1,0.6487346104439711,1
CUST_28892,14.65,0.4285714285714285,0.560031071802284,1095045420.0,2,0,469305180.0,4,1,1,0.7558605298406533,1
CUST_19223,10.65,0.0774193548387096,0.2831613615507914,808247810.0,3,1,62574023.99999999,1,1,0,0.4021583278346033,0
CUST_28170,9.88,0.375,0.5486116218472684,1042900400.0,2,1,391087650.0,2,1,1,0.6972116998764142,1
CUST_01036,15.58,0.1458333333333333,0.3412453225185222,625740240.0,3,0,91253785.0,0,1,0,0.469703683179259,0
CUST_19028,5.42,0.04,0.2169292758992604,1303625500.0,2,1,52145020.0,0,1,0,0.29922433937957776,0
CUST_10451,16.29,0.1518026565464895,0.3369162767510415,1374021277.0,3,0,208580080.0,5,1,0,0.4425385333881569,0
CUST_01541,15.58,0.0483333333333333,0.2292347050497361,782175300.0,2,1,37805139.5,0,1,0,0.3817010441611028,0
CUST_16278,10.95,0.313953488372093,0.6069051012932848,1121117930.0,2,1,351978885.0,2,1,1,0.6456235680833516,1
CUST_17502,16.77,0.3809523809523809,0.5069898387267016,547522710.0,2,0,208580080.0,3,1,1,0.611117036274196,1
CUST_00433,13.92,0.3076923076923077,0.5287396552838297,2033655780.0,2,1,625740240.0,0,1,1,0.7374782714107412,1
CUST_03127,16.49,0.1570069980261977,0.2416070594779662,581208392.92,2,1,91253785.0,3,1,0,0.47887746273737636,0
CUST_10487,9.63,0.3333333333333333,0.6146250804046663,782175300.0,2,1,260725100.0,5,1,1,0.6187463989207396,1
CUST_26515,13.98,0.4142857142857143,0.4814648674407129,912537850.0,2,0,378051395.0,3,1,1,0.7079069141478668,1
CUST_18572,12.18,0.3050847457627119,0.3726716327202839,1538278090.0,2,1,469305180.0,0,1,1,0.6822012030932576,1
CUST_17497,11.36,0.1790322580645161,0.3824290482908374,808247810.0,2,1,144702430.5,0,1,0,0.48990708148092943,0
CUST_00421,19.69,0.4067796610169492,0.6708844301117579,1538278090.0,2,0,625740240.0,3,1,1,0.8087947120169509,1
CUST_14707,11.71,0.4411764705882353,0.6134519272284614,886465340.0,2,1,391087650.0,2,1,1,0.7237832671386145,1
CUST_13567,19.79,0.3171856978085351,0.4436723699743574,1808389293.6,3,0,573595220.0,5,1,1,0.729665681435203,1
CUST_21678,14.61,0.1538461538461538,0.3089009357948211,1016827890.0,2,1,156435060.0,4,1,0,0.45962810002309806,0
CUST_25159,15.38,0.0945945945945946,0.2240474922400459,1929365740.0,3,1,182507570.0,4,1,0,0.30943644339517845,0
CUST_21344,12.73,0.11,0.403989363848785,1303625500.0,2,1,143398805.0,1,1,0,0.388095617167932,0
CUST_22043,14.96,0.1143790849673202,0.1727086615965003,1595637612.0,2,0,182507570.0,5,1,0,0.3712122129673694,0
CUST_25538,17.93,0.1357220412595005,0.4071552273706513,1921022536.8,3,0,260725100.0,3,1,0,0.38776510765238664,0
CUST_25178,14.96,0.3524643129883099,0.4314198702874782,887664675.4599999,2,0,312870120.0,5,1,1,0.6509390794605755,1
CUST_28996,14.91,0.175,0.3651411832962546,1042900400.0,2,0,182507570.0,4,1,0,0.48242394551599904,0
CUST_10045,11.49,0.1661016949152542,0.3384424872226222,1538278090.0,3,1,255510598.0,2,1,0,0.45931714817033825,0
CUST_20986,16.0,0.1106194690265486,0.3158986675887902,1178477452.0,2,1,130362550.0,2,1,0,0.39928436870144474,0
CUST_03092,15.62,0.1172413793103448,0.3875748321033548,756102790.0,2,0,88646534.0,1,1,0,0.44020062020038725,0
CUST_12008,14.74,0.326797385620915,0.458675203379861,1595637612.0,3,0,521450199.9999999,5,1,1,0.719626815757186,1
CUST_09847,10.99,0.2697922599598309,0.5604117460637824,869752861.0899999,2,1,234652590.0,2,1,1,0.5741548068681144,1
CUST_14151,14.26,0.3065217391304348,0.5287775925051166,1199335460.0,2,1,367622391.0,0,1,1,0.6463562012032757,1
CUST_24200,14.96,0.2564102564102564,0.361182285378241,1016827890.0,2,1,260725100.0,5,1,1,0.5720828650795113,1
CUST_21536,12.36,0.5,0.6630827488416174,1095045420.0,3,1,547522710.0,2,1,1,0.8129453196737279,1
CUST_10429,11.34,0.3496503496503496,0.4811918866614535,745673786.0,2,0,260725100.0,0,1,1,0.6258348585810007,1
CUST_05308,11.71,0.34,0.4706846284957305,651812750.0,2,1,221616335.0,5,1,1,0.604049519357886,1
CUST_02016,6.03,0.35,0.6448910405390674,1042900400.0,2,1,365015140.0,5,1,1,0.6728286522944558,1
CUST_07713,17.58,0.2333333333333333,0.5278205084858671,782175300.0,2,1,182507570.0,5,1,1,0.5362077754956466,1
CUST_30910,18.39,0.10625,0.1590385648725302,1668640640.0,3,0,177293068.0,3,1,0,0.3520713471736637,0
CUST_18401,13.49,0.2898550724637681,0.4016815584283928,1799003190.0,2,0,521450199.9999999,4,1,1,0.6845118865050203,1
CUST_02497,6.0,0.1674480910917615,0.4196505964294567,467115089.16,2,1,78217530.0,5,1,0,0.48830270771775125,0
CUST_25483,15.62,0.0833333333333333,0.2355638762401338,938610360.0,2,1,78217530.0,1,1,0,0.3926086263544498,0
CUST_02484,9.91,0.2,0.3909116401142227,391087650.0,2,1,78217530.0,2,1,1,0.5040044788321258,1
CUST_10358,9.88,0.4232983406705046,0.5297089938624503,615936976.24,2,1,260725100.0,0,1,1,0.6505781291135971,1
CUST_21856,14.74,0.2272727272727272,0.3372545940741387,1147190440.0,3,1,260725100.0,3,1,1,0.5455347742676973,1
CUST_01655,10.36,0.1598721023181454,0.3237448461422218,260933680.08,2,1,41716016.0,3,1,0,0.4913226421844197,0
CUST_19903,9.63,0.3724137931034483,0.613459741821514,756102790.0,2,1,281583108.0,1,1,1,0.6447890539628522,1
CUST_19556,11.71,0.0612244897959183,0.1560654123229298,1277552990.0,2,1,78217530.0,2,1,0,0.32818537298122263,0
CUST_10133,11.71,0.4,0.6561939545271536,625740240.0,2,1,250296096.0,0,1,1,0.6383621037490409,1
CUST_24119,10.99,0.0551470588235294,0.32751892013308,1418344544.0,3,0,78217530.0,5,1,0,0.3030681985826628,0
CUST_23753,14.59,0.4337899543378995,0.6487665720970082,570987969.0,2,1,247688845.0,0,1,1,0.6461583815210385,1
CUST_15937,7.51,0.1903829416884247,0.247745639204614,239658511.92,2,1,45626892.5,0,1,0,0.4999556241161602,0
CUST_32340,8.49,0.0277777777777777,0.2884056354569465,1407915540.0,2,1,39108765.0,0,1,0,0.27018467847779526,0
CUST_21107,13.17,0.0925925925925925,0.2095377011171338,1407915540.0,2,1,130362550.0,3,1,0,0.3547977627476385,0
CUST_22048,9.91,0.3108695652173913,0.5564109480828378,1199335460.0,3,1,372836893.0,0,1,1,0.6515070616711001,1
CUST_32308,10.99,0.5558659217877095,0.7771071142954509,1400093787.0,2,0,778264423.5,1,1,1,0.9018280358581077,1
CUST_00683,17.39,0.3571428571428571,0.4339397273383342,1460060560.0,2,0,521450199.9999999,4,1,1,0.7416627545279845,1
CUST_31926,13.35,0.4388888888888889,0.6939714171893154,1173262950.0,2,1,514932072.4999999,5,1,1,0.7795982489301638,1
CUST_16486,13.8,0.238095238095238,0.51932396965045,1095045420.0,2,1,260725100.0,2,1,1,0.5561937975016704,1
CUST_07554,17.49,0.1871345029239766,0.4144072780013227,891679842.0,2,0,166864064.0,1,1,0,0.49669511445294356,0
CUST_23711,10.99,0.3557692307692308,0.4295928371595736,677885260.0,2,1,241170717.5,2,1,1,0.6190720969421315,1
CUST_31201,7.51,0.3287671232876712,0.5000353970601474,951646615.0,2,1,312870120.0,2,1,1,0.6388337688710805,1
CUST_03238,15.65,0.059322033898305,0.1310410946812087,1538278090.0,2,1,91253785.0,5,1,0,0.29415313124678116,0
CUST_08787,15.62,0.074074074074074,0.258745201176002,1407915540.0,3,1,104290040.0,4,1,0,0.32936368489477036,0
CUST_28747,14.91,0.2898550724637681,0.3821517618626185,1799003190.0,3,0,521450199.9999999,3,1,1,0.6845118865050204,1
CUST_00842,11.71,0.3125,0.409553533795579,594453228.0,3,1,185766633.75,1,1,1,0.5779387103153504,1
CUST_03436,14.42,0.3176470588235294,0.372138364317079,886465340.0,2,0,281583108.0,0,1,1,0.6197535387227892,1
CUST_25526,13.36,0.2876712328767123,0.3642615504252383,1903293230.0,3,0,547522710.0,2,1,1,0.6902880386826158,1
CUST_31498,13.8,0.2372881355932203,0.4422506802635439,1538278090.0,2,1,365015140.0,4,1,1,0.5773030760925413,1
CUST_17058,9.99,0.15625,0.412897191856222,500592191.9999999,2,1,78217530.0,0,1,0,0.4813942416637795,0
CUST_17336,8.9,0.4714285714285714,0.7019139066265182,821284065.0,2,1,387176773.5,3,1,1,0.7310985783393558,1
CUST_14775,10.99,0.3488372093023256,0.5423400096432148,1121117930.0,2,1,391087650.0,3,1,1,0.6833975207754862,1
CUST_31281,17.49,0.1095890410958904,0.4081260541567081,1903293230.0,3,1,208580080.0,3,1,0,0.3389078683306841,0
CUST_26136,12.29,0.238095238095238,0.4899625627036896,2190090840.0,3,0,521450199.9999999,0,1,1,0.6109857373171994,1
CUST_16195,11.86,0.3333333333333333,0.5242867803551193,782175300.0,2,1,260725100.0,2,1,1,0.6187463989207398,1
CUST_00090,13.06,0.3928571428571428,0.4998449456523439,1825075700.0,2,0,716994025.0,2,1,1,0.8321451562446385,1
CUST_01821,13.99,0.072463768115942,0.2175668839939355,719601276.0,2,1,52145020.0,3,1,0,0.40891384336076847,0
CUST_28275,12.99,0.0819903303787268,0.2910001582942016,3235598491.0,2,1,265287789.25,5,1,0,0.17900964910184528,0
CUST_03224,13.24,0.0686274509803921,0.3509247686728106,1329698010.0,2,0,91253785.0,3,1,0,0.3311555722819875,0
CUST_19235,7.88,0.4333333333333333,0.582659587949388,782175300.0,2,1,338942630.0,0,1,1,0.6949525802634188,1
CUST_07957,16.45,0.2653061224489796,0.4204612453216436,1277552990.0,3,1,338942630.0,3,1,1,0.6020661824170184,1
CUST_13524,11.99,0.1975308641975308,0.2937993108314277,2111873310.0,3,1,417160160.0,3,1,1,0.5159667897790589,1
CUST_07061,15.31,0.1777777777777777,0.3571014077732463,1173262950.0,3,0,208580080.0,3,1,0,0.48375727285313874,0
CUST_20805,5.99,0.1282051282051282,0.2475265433585659,1016827890.0,2,1,130362550.0,3,1,0,0.4317073778814551,0
CUST_30783,15.62,0.2033898305084746,0.4051412517680411,1538278090.0,3,0,312870120.0,5,1,1,0.5213906500664319,1
CUST_00974,11.03,0.4209049456331112,0.5089463019078109,1114990890.15,2,0,469305180.0,3,1,1,0.7528066720761989,1
CUST_08381,16.07,0.2524271844660194,0.4569835189604183,1342734265.0,0,1,338942630.0,5,1,1,0.5890954091171263,1
CUST_23318,15.33,0.1802581296416468,0.4514007924637904,1446398564.76,3,0,260725100.0,5,1,0,0.4838633937728868,0
CUST_22003,16.49,0.1327433628318584,0.2562490025310905,1178477452.0,3,0,156435060.0,5,1,0,0.42668255920268017,0
CUST_19085,19.82,0.4117647058823529,0.4759724387238277,886465340.0,2,1,365015140.0,5,1,1,0.7006211813555423,1
CUST_17015,15.68,0.2708333333333333,0.5671689080058303,312870120.0,3,0,84735657.5,3,1,1,0.5271995906441597,1
CUST_29531,9.63,0.2260583641594739,0.4132865390352498,253737667.32,2,1,57359522.0,2,1,1,0.509764198064274,1
CUST_23728,8.38,0.7770833333333333,1.033554474918403,312870120.0,2,1,243126155.75,5,1,1,0.6890487388271922,1
CUST_30549,11.36,0.0288461538461538,0.105027471596043,1355770520.0,3,1,39108765.0,0,1,0,0.27876374175939017,0
CUST_03708,10.25,0.2083333333333333,0.4018690531979791,500592191.9999999,2,1,104290040.0,4,1,1,0.5096465873801233,1
CUST_19945,10.74,0.4193548387096774,0.6088960282770548,808247810.0,3,1,338942630.0,0,1,1,0.690366771890198,1
CUST_01975,17.04,0.0607638888888888,0.241942294670943,901065945.6,2,1,54752271.0,5,1,0,0.3758774550105924,0
CUST_05733,17.99,0.1766666666666666,0.2412885212021585,782175300.0,2,0,138184303.0,2,1,0,0.4882278084257043,0
CUST_00607,12.99,0.4761904761904761,0.544322222697686,1095045420.0,2,1,521450199.9999999,0,1,1,0.795143735997249,1
CUST_09196,13.49,0.2525252525252525,0.4811626307252101,516235697.9999999,2,0,130362550.0,3,1,1,0.5346231487357725,1
CUST_02753,14.65,0.2479338842975206,0.3375458856024115,1261909484.0,2,0,312870120.0,4,1,1,0.5778511219128852,1
CUST_20089,10.37,0.2083333333333333,0.50642902853021,500592191.9999999,2,1,104290040.0,0,1,1,0.5096465873801233,1
CUST_17673,16.49,0.21,0.3634971998137297,2607251000.0,2,0,547522710.0,1,1,1,0.5547389582437058,1
CUST_02269,11.83,0.3333333333333333,0.4389341012052587,1016827890.0,2,1,338942630.0,3,1,1,0.652376065733904,1
CUST_13835,6.92,0.3333333333333333,0.4801966554216498,1095045420.0,2,1,365015140.0,4,1,1,0.6632749769629209,1
CUST_02086,15.23,0.1111111111111111,0.3858147965191844,563166216.0,2,1,62574023.99999999,3,1,0,0.45165477951317057,0
CUST_00995,12.21,0.342687430986559,0.5643401585335571,1369484660.26,2,1,469305180.0,4,1,1,0.711641125191816,1
CUST_06202,8.94,0.0833333333333333,0.368483284280245,1095045420.0,3,1,91253785.0,3,1,0,0.37540763019876927,0
CUST_27992,15.37,0.3852080123266564,0.4976214499804566,1692105899.0,3,1,651812750.0,3,1,1,0.806612783380369,1
CUST_28509,15.62,0.0477272727272727,0.314035144977932,1720785660.0,2,0,82128406.5,3,1,0,0.2562297642723428,0
CUST_22367,14.11,0.1734835496775247,0.4498978519340932,1277448699.96,3,0,221616335.0,1,1,0,0.47637993387591543,0
CUST_11416,19.91,0.0908888241044021,0.2804666430344218,1520366275.63,3,0,138184303.0,5,1,0,0.34141132304142874,0
CUST_00257,10.99,0.409165302782324,0.4673514368032779,382327286.64,3,1,156435060.0,3,1,1,0.5896217574957743,1
CUST_10458,5.79,0.3333333333333333,0.5177903701628286,782175300.0,2,1,260725100.0,5,1,1,0.6187463989207395,1
CUST_05965,14.96,0.1435897435897435,0.4407692564965984,1016827890.0,2,1,146006056.0,1,1,0,0.44841932018179836,0
CUST_00133,10.36,0.499960003199744,0.7082518891725846,1303729790.04,2,1,651812750.0,4,1,1,0.8518312092512151,1
CUST_13153,13.12,0.1290322580645161,0.2810987456414904,2424743430.0,2,1,312870120.0,3,1,0,0.3437093788089264,0
CUST_27814,7.88,0.32,0.3809142015954134,1564350600.0,2,1,500592191.9999999,3,1,1,0.7064122877608772,1
CUST_18187,10.99,0.359375,0.5317302330757966,417160160.0,0,0,149916932.5,3,1,1,0.5757522747500715,1
CUST_16708,10.99,0.1268115942028985,0.3044771663231206,719601276.0,2,1,91253785.0,1,1,0,0.4504421279158236,0
CUST_22012,11.49,0.1241134751773049,0.4093368074632306,1470489564.0,2,1,182507570.0,3,1,0,0.3956510445222019,0
CUST_08552,10.95,0.0569216757741347,0.3252735725409458,1374125567.04,3,1,78217530.0,1,1,0,0.3108400835051189,0
CUST_14943,19.29,0.1089324618736383,0.3310465211349405,2393456418.0,1,1,260725100.0,5,1,0,0.30005118157132094,0
CUST_03665,9.76,0.3333333333333333,0.4566269579366212,312870120.0,2,1,104290040.0,4,1,1,0.5482722483772191,1
CUST_09568,17.27,0.1347107438016529,0.193440489757927,1577386855.0,2,0,212490956.5,3,1,0,0.40566033070940977,0
CUST_23500,7.49,0.1597687157638466,0.3326810982390329,1370788285.76,2,1,219009084.0,1,1,0,0.4543833906299735,0
CUST_29277,14.11,0.333596437666612,0.4482893422910796,1750690828.97,2,0,584024224.0,5,1,1,0.7475935062303052,1
CUST_29768,15.62,0.0486486486486486,0.3266499114093661,1929365740.0,2,0,93861036.0,2,1,0,0.2337743510928555,0
CUST_26813,14.74,0.2306805074971165,0.5270487656489573,2260486617.0,3,1,521450199.9999999,5,1,1,0.5970755733615903,1
CUST_04557,13.22,0.1204819277108433,0.3566550114481129,2164018330.0,2,1,260725100.0,2,1,0,0.34130455508929436,0
CUST_12153,10.95,0.3371428571428571,0.4768558969721494,912537850.0,2,1,307655618.0,4,1,1,0.641069472831656,1
CUST_24559,15.95,0.1851851851851851,0.4731720890577363,1407915540.0,2,1,260725100.0,3,1,0,0.4918074550645911,0
CUST_24611,17.27,0.3695652173913043,0.6087118899832749,1799003190.0,3,1,664849005.0,4,1,1,0.801604373497002,1
CUST_18476,10.99,0.2240896358543417,0.3211656180449151,2326971517.5,2,1,521450199.9999999,5,1,1,0.5837928260098839,1
CUST_18303,16.29,0.3652173913043478,0.4485778929542126,1499169325.0,2,0,547522710.0,1,1,1,0.7568275500948559,1
CUST_03068,8.94,0.0833333333333333,0.3260096548711185,1016827890.0,2,1,84735657.5,3,1,0,0.38397184529908296,0
CUST_18947,13.16,0.08,0.305036693561485,651812750.0,2,0,52145020.0,1,1,0,0.4225171865860157,0
CUST_28062,15.05,0.375,0.6012475321603604,312870120.0,2,1,117326295.0,2,1,1,0.5622298039158862,1
CUST_29473,10.59,0.0386363636363636,0.0907058701568519,1147190440.0,2,1,44323267.0,0,1,0,0.319589741049961,0
CUST_03723,11.36,0.1818181818181818,0.4619808892678452,573595220.0,2,1,104290040.0,0,1,0,0.4945687197144741,0
CUST_19295,14.09,0.0641025641025641,0.180734415392129,1016827890.0,2,1,65181274.99999999,4,1,0,0.36412382763749784,0
CUST_09712,15.58,0.1721446535426242,0.3330778045682692,1503210564.05,3,1,258769661.75,5,1,0,0.4700391542708636,0
CUST_05444,8.94,0.0968992248062015,0.3075692038162581,1345341516.0,2,1,130362550.0,1,1,0,0.36671966619208607,0
CUST_12841,15.21,0.0870265914585012,0.3396564725290676,1617799245.5,3,0,140791554.0,5,1,0,0.32602737348875793,0
CUST_29159,9.88,0.1666666666666666,0.4401207872449296,312870120.0,1,1,52145020.0,1,1,0,0.4918995052699711,0
CUST_19187,15.05,0.0375,0.1110722985523263,1720785660.0,2,0,64529462.24999999,0,1,0,0.24195969806592843,0
CUST_08611,12.73,0.3174603174603174,0.6047869414550613,657027252.0,2,1,208580080.0,3,1,1,0.5894118145427727,1
CUST_20387,12.23,0.0735294117647058,0.1289439739641487,886465340.0,3,0,65181274.99999999,1,1,0,0.38940814787431804,0
CUST_25042,10.99,0.1589825119236884,0.2851178621726624,1639960879.0,3,1,260725100.0,5,1,0,0.4441106877294672,0
CUST_07408,6.62,0.2553191489361702,0.5057060732482074,1225407970.0,3,1,312870120.0,2,1,1,0.5851901887683755,1
CUST_13254,11.49,0.3402777777777778,0.409860737309077,938610360.0,2,1,319388247.5,3,1,1,0.647790004883457,1
CUST_30872,15.7,0.3289473684210526,0.5418543471854275,792604304.0,2,0,260725100.0,5,1,1,0.6167116488983062,1
CUST_12351,10.99,0.3076923076923077,0.5153563993286641,1016827890.0,2,1,312870120.0,2,1,1,0.6263176078747503,1
CUST_26074,18.25,0.1201432107071629,0.2893701587207715,2170119297.34,3,0,260725100.0,3,1,0,0.3401722148789348,0
CUST_02203,9.99,0.3526315789473684,0.6146417079537402,990755380.0,2,1,349371634.0,2,1,1,0.6673583078392983,1
CUST_19283,15.62,0.0757575757575757,0.2449283640378529,860392830.0,2,0,65181274.99999999,5,1,0,0.3945421684216303,0
CUST_12169,8.07,0.6,0.897491055272602,521450199.9999999,2,1,312870120.0,4,1,1,0.716211462404767,1
CUST_19358,8.88,0.0771604938271604,0.1677044537898122,844749324.0,3,1,65181274.99999999,0,1,0,0.3976338689205583,0
CUST_17910,16.29,0.234375,0.5232701942508268,3337281280.0,2,1,782175300.0,4,1,1,0.6534191673596057,1
CUST_23257,12.99,0.2000320051208193,0.3131403640777178,651708459.9599999,2,1,130362550.0,3,1,1,0.5066954156814633,1
CUST_02265,10.99,0.3421052631578947,0.5802542138513009,990755380.0,2,1,338942630.0,2,1,1,0.6572451832124968,1
CUST_02474,8.9,0.25,0.3471677295016893,312870120.0,2,1,78217530.0,2,1,1,0.5201500151127996,1
CUST_02508,10.99,0.1666666666666666,0.3079509294546733,469305180.0,2,1,78217530.0,4,1,0,0.48785058664629033,0
CUST_19234,14.26,0.4482758620689655,0.5289000232073864,756102790.0,2,0,338942630.0,2,1,1,0.6995000337569424,1
CUST_11215,10.99,0.1818181818181818,0.2466617101488714,1720785660.0,3,1,312870120.0,1,1,0,0.4837112842501975,0
CUST_29782,10.0,0.2083333333333333,0.2864747721966654,500592191.9999999,2,1,104290040.0,4,1,1,0.5096465873801233,1
CUST_18886,14.42,0.0277777777777777,0.2995881532046642,1407915540.0,2,1,39108765.0,3,1,0,0.2701846784777956,0
CUST_24533,14.72,0.0147058823529411,0.2157053840397713,1772930680.0,3,0,26072510.0,2,1,0,0.20557696110772408,0
CUST_19560,10.99,0.0612244897959183,0.1799473918699015,1277552990.0,2,0,78217530.0,3,1,0,0.32818537298122263,0
CUST_29265,15.31,0.3582089552238806,0.5588910807171028,1746858170.0,2,1,625740240.0,4,1,1,0.7807192711463057,1
CUST_24043,10.74,0.3333333333333333,0.4822595111556629,782175300.0,2,1,260725100.0,2,1,1,0.6187463989207397,1
CUST_18523,14.27,0.2568637358935489,0.421647613103348,619169967.48,3,0,159042311.0,5,1,1,0.5443880524786427,1
CUST_11252,16.32,0.2114522540810285,0.3160176576139009,1233021142.92,2,0,260725100.0,5,1,1,0.5279033431415651,1
CUST_00652,16.35,0.3773584905660377,0.6070824115310395,1381843030.0,2,0,521450199.9999999,0,1,1,0.7538503568228767,1
CUST_00313,14.59,0.1582238424343687,0.2463154784971036,4119560870.04,2,0,651812750.0,1,1,0,0.3595124312997263,0
CUST_16348,14.79,0.3700980392156863,0.4503784535233952,531879203.9999999,2,0,196847450.5,3,1,1,0.6020617814187554,1
CUST_29317,16.71,0.3076923076923077,0.5932291814721917,1694713150.0,2,1,521450199.9999999,1,1,1,0.7028178093401504,1
CUST_00443,14.54,0.2722222222222222,0.3293552013940895,469305180.0,1,0,127755299.0,1,1,1,0.541450902984019,1
CUST_11892,10.39,0.0704225352112676,0.162941261523831,1851148210.0,3,1,130362550.0,2,1,0,0.2760326941925269,0
CUST_31653,12.73,0.345311816570363,0.4245851386088849,1132563761.89,2,1,391087650.0,5,1,1,0.6813478439588705,1
CUST_05935,10.99,0.1866666666666666,0.4017413737541641,782175300.0,2,0,146006056.0,1,1,0,0.4967043215166038,0
CUST_30854,13.99,0.1634709931170108,0.3634931381960657,1590944560.2,3,1,260073287.25,3,1,0,0.4534296373556887,0
CUST_00981,14.46,0.4285714285714285,0.4969888969937134,1095045420.0,2,0,469305180.0,1,1,1,0.7558605298406533,1
CUST_24108,16.77,0.2941176470588235,0.4998111457278281,886465340.0,2,1,260725100.0,5,1,1,0.598222285969289,1
CUST_22991,16.77,0.2352941176470588,0.3474409069909892,886465340.0,2,0,208580080.0,3,1,1,0.5428859434573482,1
CUST_06040,8.9,0.3382352941176471,0.5543165788797529,443232670.0,2,1,149916932.5,5,1,1,0.5704820375286223,1
CUST_11676,10.99,0.2983802216538789,0.4767492757162916,1529152711.5,3,1,456268925.0,5,1,1,0.6714877243308266,1
CUST_02345,10.99,0.0862068965517241,0.2456557342477802,756102790.0,2,1,65181274.99999999,5,1,0,0.41530149513845094,0
CUST_25885,15.96,0.0670223841749089,0.2301634678451503,1001705834.2,2,0,67136713.25,2,1,0,0.3689935429125129,0
CUST_15139,12.18,0.0833333333333333,0.2583830103386406,469305180.0,2,1,39108765.0,0,1,0,0.44567033628752223,0
CUST_26563,14.65,0.5208333333333334,0.8196071715286563,750888288.0,2,0,391087650.0,2,1,1,0.7456080113783765,1
CUST_22594,15.99,0.1184419713831478,0.4032254287343491,1639960879.0,2,1,194240199.5,5,1,0,0.3745445913377628,0
CUST_03809,12.61,0.1294498381877022,0.1948473890265942,805640559.0,2,1,104290040.0,4,1,0,0.44683962214608974,0
CUST_21618,12.21,0.1376778338687471,0.2742691984990581,1136239985.8,3,1,156435060.0,0,1,0,0.43524043563813963,0
CUST_15708,14.17,0.3984636287625418,0.5321911686084843,997847102.72,2,0,397605777.5,4,1,1,0.7108552976631938,1
CUST_11940,6.62,0.37,0.5061120976694166,782175300.0,2,1,289404861.0,0,1,1,0.6476177546888353,1
CUST_10424,10.28,0.3652834599649328,0.5721200049606016,713761033.76,2,1,260725100.0,2,1,1,0.6319883750973737,1
CUST_00485,9.96,0.1666666666666666,0.4413915291190757,469305180.0,1,1,78217530.0,3,1,0,0.48785058664629033,0
CUST_29362,11.71,0.4934210526315789,0.7139100075285778,951125164.8,2,1,469305180.0,0,1,1,0.7771315745129458,1
CUST_31621,12.53,0.3368439963171723,0.6058673274915551,1161034942.81,2,1,391087650.0,3,1,1,0.6762189060154575,1
CUST_15933,7.88,0.3333333333333333,0.3843770509731144,250296096.0,1,1,83432032.0,4,1,1,0.5386611318843463,1
CUST_01828,21.27,0.0666666666666666,0.3462658011901875,782175300.0,2,0,52145020.0,5,1,0,0.39647901708238514,0
CUST_14352,14.54,0.4027777777777778,0.603845756702404,938610360.0,2,0,378051395.0,4,1,1,0.7034327437092027,1
CUST_23587,11.71,0.0850340136054421,0.1633452190453553,1533063588.0,3,1,130362550.0,3,1,0,0.3314982163245828,0
CUST_25412,12.53,0.197478353334346,0.4269361493237723,2059623999.96,3,1,406731156.0,2,1,1,0.5154548956270089,1
CUST_28504,11.99,0.2916666666666667,0.5296589989705084,1877220720.0,2,1,547522710.0,0,1,1,0.6948744977534482,1
CUST_13365,20.62,0.173076923076923,0.3553930921177798,406731156.0,2,1,70395777.0,4,1,0,0.4922952590762789,0
CUST_30461,10.99,0.3130434782608696,0.5033755719697625,599667730.0,2,1,187722072.0,5,1,1,0.5789556152347729,1
CUST_01224,10.71,0.4000400040004,0.501932264350884,1042796109.96,2,1,417160160.0,5,1,1,0.7205496995456003,1
CUST_17208,10.99,0.3654970760233918,0.4712448097211493,338838339.96,1,1,123844422.5,4,1,1,0.5639043494324181,1
CUST_32313,15.58,0.1633986928104575,0.2704393503171122,3989094030.0,2,1,651812750.0,0,1,0,0.38469064704244826,0
CUST_13562,10.99,0.1384083044982699,0.2052464083303647,1808389293.6,3,1,250296096.0,5,1,0,0.39918190888310606,0
CUST_18933,18.3,0.1,0.2656485710680596,521450199.9999999,2,1,52145020.0,1,1,0,0.4489931955539271,0
CUST_04147,16.77,0.0897959183673469,0.3625007118205495,1277552990.0,2,0,114719044.0,3,1,0,0.3639788935537987,0
CUST_16808,7.9,0.184529081783289,0.4481172514582052,706460730.9599999,2,1,130362550.0,2,1,0,0.4953864879978153,0
CUST_00426,10.99,0.3428571428571428,0.4382863597841009,1825075700.0,2,1,625740240.0,2,1,1,0.7694551740872593,1
CUST_06417,15.58,0.1785714285714285,0.3584615145014449,876036336.0,2,0,156435060.0,3,1,0,0.4886234489948438,0
CUST_02866,12.84,0.0508543531326281,0.2650334796935629,1538069509.92,2,0,78217530.0,5,1,0,0.2825901320671943,0
CUST_26785,11.71,0.3724209846810835,0.6441506483292918,1050122485.27,2,1,391087650.0,5,1,1,0.6959505226314127,1
CUST_08476,8.9,0.3208333333333333,0.5996700494488759,625740240.0,2,1,200758327.0,0,1,1,0.5874587938904275,1
CUST_31336,16.77,0.1641586867305061,0.3886518363425181,1905900481.0,2,0,312870120.0,5,1,0,0.445683961969692,0
CUST_13237,10.37,0.4718798151001541,0.6002688126215012,676842359.5999999,2,1,319388247.5,4,1,1,0.6954277815353792,1
CUST_14810,12.21,0.3846153846153846,0.4680403780858965,1016827890.0,2,1,391087650.0,2,1,1,0.7017399295820843,1
CUST_04186,15.65,0.2083333333333333,0.4404531523260037,563166216.0,2,1,117326295.0,2,1,1,0.510852053121144,1
CUST_17155,10.91,0.3428571428571428,0.5771045278638331,912537850.0,2,0,312870120.0,4,1,1,0.6462551927107958,1
CUST_26595,6.91,0.4550970873786408,0.6388133337478729,859349929.5999999,2,1,391087650.0,0,1,1,0.7282396695641583,1
CUST_01830,18.25,0.1829268292682926,0.2947994770659956,2137945820.0,2,0,391087650.0,1,1,0,0.4823319852382041,0
CUST_18638,11.99,0.3883333333333333,0.5558924598282636,1173262950.0,2,1,455617112.25,3,1,1,0.7322643060266365,1
CUST_05033,15.99,0.125,0.2330849795105166,1042900400.0,2,0,130362550.0,0,1,0,0.42643035716737226,0
CUST_32536,10.99,0.1353383458646616,0.3948536191467752,3467643830.0,3,1,469305180.0,3,1,0,0.30360511114560657,0
CUST_15571,13.61,0.2428658166363084,0.4350928975642267,515297087.64,1,0,125148048.0,4,1,1,0.5291868779524366,1
CUST_10468,10.99,0.3333333333333333,0.4644756887456007,782175300.0,2,0,260725100.0,3,1,1,0.6187463989207397,1
CUST_25143,8.94,0.2861685214626391,0.3877170260660049,1639960879.0,3,1,469305180.0,5,1,1,0.6637148251126151,1
CUST_02434,15.21,0.1346153846153846,0.3497974248483914,542308208.0,2,0,73003028.0,1,1,0,0.4671638171057292,0
CUST_23771,6.62,0.4910760077956713,0.7760118102053732,508361799.98,2,1,249644283.25,1,1,1,0.659803202707668,1
CUST_13971,14.59,0.2592592592592592,0.5056415274049924,1407915540.0,2,0,365015140.0,3,1,1,0.6033447140012723,1
CUST_08235,10.99,0.258585022755482,0.4560839771987984,756207080.04,2,0,195543825.0,5,1,1,0.5555361604784663,1
CUST_16495,7.9,0.4,0.5331360666286002,1564350600.0,2,1,625740240.0,4,1,1,0.8054411804685724,1
CUST_01897,16.29,0.0645744543458607,0.3394762669139349,807517779.7199999,2,1,52145020.0,4,1,0,0.3914797633168424,0
CUST_11877,16.77,0.141743444365698,0.3639797704940888,1839415580.5,2,1,260725100.0,5,1,0,0.40388814865413425,0
CUST_10280,14.22,0.0933333333333333,0.2609716596657126,1564350600.0,3,0,146006056.0,3,1,0,0.3408659365057547,0
CUST_14181,9.99,0.0221269063180827,0.1513833669044158,2297718161.28,3,1,50841394.5,2,1,0,0.15736135846659158,0
CUST_21821,10.99,0.3888888888888889,0.5895124970487836,469305180.0,2,1,182507570.0,4,1,1,0.5995491655797504,1
CUST_02949,10.37,0.25625,0.3490637656369079,312870120.0,2,1,80172968.25,0,1,1,0.5222658587682779,1
CUST_29158,18.62,0.496031746031746,0.7599189836564274,1471741044.48,2,1,730030280.0,1,1,1,0.875377539764319,1
CUST_30006,10.99,0.1141552511415525,0.2743131076979085,1141975938.0,2,1,130362550.0,2,1,0,0.4065395777922626,0
CUST_31851,10.99,0.3505555555555555,0.5275742510488471,1173262950.0,2,1,411293845.25,4,1,1,0.6929524388498537,1
CUST_28060,13.04,0.3773300128292204,0.6693292221945223,1381947320.04,2,0,521450199.9999999,2,1,1,0.7538343672682304,1
CUST_04331,14.61,0.3392857142857143,0.5632443240023275,365015140.0,2,1,123844422.5,0,1,1,0.558578521325177,1
CUST_30376,7.51,0.0598290598290598,0.2615628650329789,1220193468.0,3,1,73003028.0,5,1,0,0.33367245256981204,0
CUST_21879,10.99,0.0909090909090909,0.3021760809021094,1720785660.0,2,1,156435060.0,3,1,0,0.3222459839932253,0
CUST_12143,11.71,0.39,0.6256466298692799,782175300.0,2,1,305048367.0,5,1,1,0.6629377041340234,1
CUST_32427,15.68,0.175,0.3111400292168713,1042900400.0,2,0,182507570.0,2,1,0,0.48242394551599915,0
CUST_24999,14.46,0.3833333333333333,0.6737156165404871,782175300.0,2,0,299833865.0,5,1,1,0.6578670708070476,1
CUST_18040,15.95,0.3629922174468579,0.6165257899662752,1795665908.72,2,0,651812750.0,0,1,1,0.7929147410002415,1
CUST_04948,15.96,0.1428571428571428,0.3394705587159701,912537850.0,2,1,130362550.0,2,1,0,0.45295924101932533,0
CUST_21769,8.88,0.5454545454545454,0.6903257230994595,1147190440.0,3,1,625740240.0,3,1,1,0.853875308838403,1
CUST_06673,15.99,0.1224489795918367,0.3896690596470231,1277552990.0,2,1,156435060.0,4,1,0,0.40678835913985517,0
CUST_03522,9.38,0.2142857142857142,0.3611817531776299,1277552990.0,2,1,273761355.0,1,1,1,0.532817824681529,1
CUST_06776,8.0,0.3113879003558719,0.4201028524684582,586110024.8,2,1,182507570.0,1,1,1,0.5761722653660567,1
CUST_03706,10.99,0.2083333333333333,0.4115166004559296,500592191.9999999,2,1,104290040.0,3,1,1,0.5096465873801234,1
CUST_07213,10.99,0.1304347826086956,0.2630197431896477,1199335460.0,3,1,156435060.0,5,1,0,0.4224722554594102,0
CUST_17621,15.62,0.0972972972972973,0.2588895218332341,964682870.0,3,1,93861036.0,5,1,0,0.4036997776133949,0
CUST_16374,13.48,0.35,0.5416488712052077,312870120.0,1,1,109504542.0,2,1,1,0.5538656475344929,1
CUST_08928,15.58,0.1904761904761904,0.3334743183119867,1095045420.0,2,1,208580080.0,1,1,0,0.4999079253529758,0
CUST_00458,20.03,0.2091503267973856,0.4273386208596784,2991820522.5,2,0,625740240.0,5,1,1,0.5600193655518335,1
CUST_07890,14.42,0.1794871794871795,0.2854553745382412,1016827890.0,2,1,182507570.0,0,1,0,0.4878045766072805,0
CUST_00521,11.71,0.2578125,0.3672707034890638,500592191.9999999,3,1,129058924.5,0,1,1,0.5364321341220644,1
CUST_20311,14.46,0.0506008855154965,0.1474706639815379,2061031915.5,2,1,104290040.0,5,1,0,0.22258120882880167,0
CUST_17029,12.69,0.1785714285714285,0.2554850903891289,1460060560.0,2,1,260725100.0,3,1,0,0.4810448970891766,0
CUST_13529,14.5,0.2314814814814814,0.4950426246403502,1407915540.0,2,1,325906375.0,4,1,1,0.5621391534453724,1
CUST_15407,15.05,0.1125732696712084,0.3589829431449075,2686615720.44,3,0,302441116.0,5,1,0,0.28732883990874253,0
CUST_21668,12.69,0.1538461538461538,0.2875338934124347,1016827890.0,2,1,156435060.0,0,1,0,0.459628100023098,0
CUST_00638,6.91,0.3636363636363636,0.4662649674810044,1433988050.0,2,1,521450199.9999999,3,1,1,0.745768616054583,1
CUST_32546,10.99,0.2916666666666667,0.5001707050232441,250296096.0,2,1,73003028.0,3,1,1,0.5274061068346293,1
CUST_06122,10.59,0.3125,0.3822149583229215,500592191.9999999,2,1,156435060.0,2,1,1,0.5657884139705817,1
CUST_03993,16.32,0.0862217623728229,0.2954188360244517,1209555883.92,2,0,104290040.0,3,1,0,0.3665202631683198,0
CUST_01873,15.37,0.1219512195121951,0.3688949675372204,3206918730.0,2,1,391087650.0,0,1,0,0.2780978892384667,0
CUST_06519,13.22,0.1538461538461538,0.3514443120797103,1016827890.0,2,0,156435060.0,1,1,0,0.45962810002309806,0
CUST_00109,10.99,0.6097560975609756,0.7166888735508072,1068972910.0,2,1,651812750.0,1,1,1,0.8746812342362867,1
CUST_01184,12.41,0.3722222222222222,0.554912949127506,1173262950.0,2,1,436714542.5,5,1,1,0.7158932560480348,1
CUST_02144,10.99,0.2666666666666666,0.4868581998487516,782175300.0,3,0,208580080.0,5,1,1,0.5641774385777751,1
CUST_27390,11.99,0.0400365133001297,0.1532664341950574,3256091483.86,3,1,130362550.0,1,1,0,0.10668775621557618,0
CUST_13467,10.65,0.1602564102564102,0.4362200317711781,406731156.0,2,1,65181274.99999999,2,1,0,0.48664539859350847,0
CUST_21723,16.45,0.1363636363636363,0.3887055335341812,1147190440.0,2,1,156435060.0,0,1,0,0.43301780500203857,0
CUST_19086,11.89,0.35,0.4361406641681654,1042900400.0,2,1,365015140.0,0,1,1,0.6728286522944562,1
CUST_15167,18.79,0.0625,0.2249451147180638,625740240.0,2,0,39108765.0,2,1,0,0.414005533607602,0
CUST_00661,14.84,0.3703703703703703,0.4947282875666457,1407915540.0,2,0,521450199.9999999,3,1,1,0.74983123283906,1
CUST_00464,18.3,0.1621621621621621,0.4443772047565523,3858731480.0,2,1,625740240.0,2,1,0,0.38342756712088033,0
CUST_09206,14.42,0.0277777777777777,0.2445311126104617,1407915540.0,3,0,39108765.0,4,1,0,0.2701846784777956,0
CUST_00033,14.17,0.3268421052631579,0.4484040488793533,2476888450.0,2,0,809551435.5,1,1,1,0.8120954877345601,1
CUST_04821,10.99,0.2777777777777778,0.3918593106607084,938610360.0,3,1,260725100.0,5,1,1,0.5878246351506775,1
CUST_26198,6.17,0.2674418604651162,0.4347440534639266,2242235860.0,3,1,599667730.0,2,1,1,0.6786379943017197,1
CUST_26296,13.49,0.2,0.3427967343447702,2294380880.0,3,0,458876176.0,3,1,1,0.5234761707046647,1
CUST_05246,10.99,0.3081597222222222,0.5509662645447309,750888288.0,2,1,231393526.25,0,1,1,0.5945726682993542,1
CUST_25464,15.99,0.1027397260273972,0.2963689799725945,1903293230.0,3,0,195543825.0,0,1,0,0.32636122777560767,0
CUST_30080,12.61,0.0919117647058823,0.2005389773041394,1418344544.0,2,0,130362550.0,5,1,0,0.3528277296143857,0
CUST_30842,16.77,0.4012345679012346,0.6042168940830478,633561993.0,2,1,254206972.5,4,1,1,0.64078134037164,1
CUST_27967,13.49,0.1685393258426966,0.322788178066013,928181356.0,2,0,156435060.0,5,1,0,0.47786504919233114,0
CUST_17713,13.49,0.4358817888588615,0.5182516840581397,1495388811.05,3,1,651812750.0,5,1,1,0.8307120802117349,1
CUST_29075,7.9,0.4482142857142857,0.5148495303008092,1095045420.0,2,1,490815000.7499999,5,1,1,0.7726582180969234,1
CUST_12226,10.74,0.3243243243243243,0.5744169522131186,1929365740.0,3,1,625740240.0,2,1,1,0.753816184482824,1
CUST_27952,10.99,0.4605747973470891,0.743427741194048,849129505.68,2,1,391087650.0,2,1,1,0.7299076470229174,1
CUST_05398,6.62,0.336,0.3866428307887803,651812750.0,2,1,219009084.0,2,1,1,0.6013425400628243,1
CUST_30540,16.89,0.2184606481481481,0.2803303716060868,901065945.6,2,1,196847450.5,3,1,1,0.5272307896628478,1
CUST_00117,13.49,0.1846722068328716,0.3088607448394602,338838339.96,1,0,62574023.99999999,3,1,0,0.49783975023438404,0
CUST_30139,13.23,0.1018518518518518,0.357609163438896,1407915540.0,2,0,143398805.0,4,1,0,0.36784066789159753,0
CUST_26507,10.99,0.4833333333333333,0.7617523679440906,782175300.0,2,1,378051395.0,0,1,1,0.7296700510817767,1
CUST_24206,16.07,0.0919117647058823,0.1740932351466311,1418344544.0,3,1,130362550.0,5,1,0,0.3528277296143859,0
CUST_00556,15.33,0.2604166666666667,0.5342889753149339,500592191.9999999,3,1,130362550.0,5,1,1,0.5378374454058463,1
CUST_29358,12.42,0.455625,0.7174905748630399,1042900400.0,2,1,475171494.75,2,1,1,0.7682821873648997,1
CUST_06549,16.7,0.144578313253012,0.2651185820307989,1082009165.0,2,1,156435060.0,2,1,0,0.44628447233014096,0
CUST_23575,11.48,0.28125,0.4359892273249764,834320320.0,2,1,234652590.0,5,1,1,0.5812966448363382,1
CUST_00691,11.49,0.3076923076923077,0.3873996817856688,1694713150.0,2,1,521450199.9999999,4,1,1,0.7028178093401501,1
CUST_31896,15.95,0.1050420168067226,0.2397158065980477,6205257380.0,3,1,651812750.0,3,1,0,0.091061618534841,0
CUST_03125,10.99,0.162037037037037,0.4321176801767739,563166216.0,2,1,91253785.0,5,1,0,0.48259865058841755,0
CUST_23018,7.9,0.2181500872600349,0.3263702281111755,956131086.72,2,1,208580080.0,0,1,1,0.5285704819857264,1
CUST_10012,8.59,0.3700592094735158,0.4856625835780873,651708459.9599999,2,1,241170717.5,2,1,1,0.6241591511804689,1
CUST_09073,11.49,0.1481481481481481,0.3594041113325523,1407915540.0,2,1,208580080.0,1,1,0,0.43564145455068976,0
CUST_11634,15.21,0.1577152600170503,0.4408806833213812,1529152711.5,3,1,241170717.5,5,1,0,0.4457817650146878,0
CUST_00406,10.99,0.5,0.716714026545115,1251480480.0,2,1,625740240.0,5,1,1,0.8427929463296433,1
CUST_27153,15.62,0.2654867256637168,0.5153093257651308,2946193630.0,3,0,782175300.0,3,1,1,0.7225668933779189,1
CUST_01967,14.83,0.1458333333333333,0.3039549399282203,375444144.0,2,1,54752271.0,1,1,0,0.48180794833175794,0
CUST_02390,13.98,0.0541359896058899,0.2940702611970758,1204028511.8,2,0,65181274.99999999,4,1,0,0.3291172825705548,0
CUST_19864,15.33,0.2650602409638554,0.3204343023202263,1082009165.0,2,0,286797610.0,5,1,1,0.5865080308788263,1
CUST_03508,16.29,0.35,0.4211126514917631,782175300.0,2,1,273761355.0,4,1,1,0.6319880316162532,1
CUST_13012,10.99,0.1643835616438356,0.36642808930216,1903293230.0,2,1,312870120.0,4,1,0,0.44621621436224673,0
CUST_07679,14.84,0.2651515151515151,0.3859058993107908,688314264.0,2,0,182507570.0,0,1,1,0.555430142288155,1
CUST_28861,10.37,0.3264133698916308,0.4659407756303088,798757416.3599999,2,1,260725100.0,3,1,1,0.6155092207771236,1
CUST_11728,7.51,0.1351351351351351,0.3673202013812426,1929365740.0,2,1,260725100.0,0,1,0,0.38612986686290646,0
CUST_25082,14.26,0.3703703703703703,0.459079117959762,844749324.0,2,1,312870120.0,3,1,1,0.658951994464932,1
CUST_30382,12.92,0.3459314332920281,0.4943633209538005,504972373.6799999,2,0,174685817.0,1,1,1,0.5842398817341845,1
CUST_25665,17.74,0.1948051948051948,0.2854169819466959,2007583270.0,3,0,391087650.0,2,1,1,0.5092508533021932,1
CUST_22169,15.33,0.22,0.307129531867128,782175300.0,2,0,172078566.0,5,1,1,0.5249456827953654,1
CUST_01133,12.98,0.3269230769230769,0.4647569952691153,1355770520.0,2,0,443232670.0,5,1,1,0.6903274066661537,1
CUST_02946,9.91,0.181547619047619,0.3142095084439253,438018168.0,2,1,79521155.5,2,1,0,0.49572395372138495,0
CUST_23705,13.72,0.059322033898305,0.2738911843306352,1538278090.0,3,1,91253785.0,5,1,0,0.294153131246781,0
CUST_27524,10.99,0.150375939849624,0.3835360063809789,3467643830.0,3,0,521450199.9999999,3,1,0,0.35340809379097393,0
CUST_00963,11.54,0.6666666666666666,0.9209444167600822,703957770.0,2,0,469305180.0,4,1,1,0.8104972803809237,1
CUST_00405,16.29,0.5,0.6895999939305331,1251480480.0,2,0,625740240.0,4,1,1,0.8427929463296436,1
CUST_02968,11.49,0.2666666666666666,0.4671132139470055,312870120.0,2,1,83432032.0,4,1,1,0.5257904526254893,1
CUST_01205,16.77,0.198079231692677,0.4206058034240468,2171840083.0,2,1,430196415.0,5,1,1,0.5177093283088602,1
CUST_10433,10.74,0.3448275862068966,0.4073456481449201,756102790.0,2,1,260725100.0,4,1,1,0.623814939129656,1
CUST_06077,7.66,0.25,0.3314628137793801,1095045420.0,3,1,273761355.0,2,1,1,0.5700985096252115,1
CUST_08284,16.77,0.1078431372549019,0.3141695947104639,1329698010.0,3,0,143398805.0,3,1,0,0.3829924192875196,0
CUST_21996,14.27,0.1402805611222445,0.2453785271554855,1301018249.0,2,1,182507570.0,1,1,0,0.42957207688184046,0
CUST_31830,19.13,0.3096938775510204,0.3665878623970675,1277552990.0,2,0,395650339.25,3,1,1,0.6592519132853648,1
CUST_22013,10.99,0.1238938053097345,0.3666300737807321,1473096815.0,2,1,182507570.0,5,1,0,0.3951360710789178,0
CUST_03689,13.35,0.2500625156289072,0.3889162167882293,417055869.96,2,0,104290040.0,2,1,1,0.5268768559749569,1
CUST_10053,11.71,0.3125,0.4140573321454601,782175300.0,2,1,244429781.25,0,1,1,0.601944876306716,1
CUST_15257,13.67,0.0712214217640367,0.3447990697565753,2544233743.33,3,1,181203944.5,5,1,0,0.21141309273521058,0
CUST_15954,13.48,0.16,0.2989461155143179,195543825.0,2,1,31287012.0,1,1,0,0.49352400304636534,0
CUST_11284,6.62,0.2040816326530612,0.4073745987354331,1277552990.0,2,1,260725100.0,1,1,1,0.518725243115651,1
CUST_19954,14.46,0.1612903225806451,0.4354857571299769,808247810.0,3,0,130362550.0,3,1,0,0.4743839815029446,0
CUST_16110,11.71,0.4,0.4736525957487126,625740240.0,2,1,250296096.0,0,1,1,0.6383621037490409,1
CUST_10434,10.0,0.3448275862068966,0.4675236030200906,756102790.0,2,1,260725100.0,3,1,1,0.6238149391296559,1
CUST_15047,7.88,0.0551724137931034,0.2560390091237202,756102790.0,2,1,41716016.0,3,1,0,0.39082747839292364,0
CUST_21963,10.95,0.1112099644128113,0.2020115901161361,1172220049.6,3,1,130362550.0,3,1,0,0.40052507856430486,0
CUST_08715,18.3,0.2758620689655172,0.4557969397533092,756102790.0,2,1,208580080.0,4,1,1,0.5694666530441743,1
CUST_29218,19.66,0.2840909090909091,0.4828702818227491,2294380880.0,2,0,651812750.0,0,1,1,0.7171834189727253,1
CUST_29415,14.96,0.2318840579710145,0.2858602698086866,1799003190.0,2,0,417160160.0,1,1,1,0.5799067973601523,1
CUST_00628,11.78,0.4347826086956521,0.7322977962624916,1199335460.0,2,0,521450199.9999999,3,1,1,0.7807507952667126,1
CUST_32092,16.82,0.1602564102564102,0.3905035983084524,1626924624.0,2,1,260725100.0,0,1,0,0.4467713477790124,0
CUST_00911,7.49,0.3064318431068963,0.4750333151676468,1616599910.04,2,1,495377689.9999999,5,1,1,0.6925872828153489,1
CUST_16091,10.99,0.2025462962962963,0.3532933748804501,450532972.8,2,0,91253785.0,4,1,1,0.50585652446496,1
CUST_02513,10.99,0.1590330788804071,0.4446200203493819,491831828.64,2,1,78217530.0,1,1,0,0.4832014849435452,0
CUST_16157,13.61,0.1666666666666666,0.2685515116011326,1877220720.0,3,1,312870120.0,1,1,0,0.45154532524756846,0
CUST_22492,11.03,0.232258064516129,0.5119138293614912,808247810.0,2,1,187722072.0,0,1,1,0.536473336167091,1
CUST_18191,17.04,0.1568627450980392,0.3446210769399943,3324245025.0,3,0,521450199.9999999,5,1,0,0.380927849389919,0
CUST_07844,13.98,0.1944444444444444,0.4424282130526606,938610360.0,2,0,182507570.0,5,1,1,0.5039584444272671,1
CUST_31685,13.67,0.1333333333333333,0.4269105117950967,2815831080.0,3,0,375444144.0,4,1,0,0.33211868123189103,0
CUST_04425,15.95,0.16,0.2570843120910814,782175300.0,2,0,125148048.0,1,1,0,0.47411771857259666,0
CUST_08693,14.65,0.1166666666666666,0.2645233247934055,1407915540.0,3,0,164256813.0,1,1,0,0.38911049390377744,0
CUST_30538,14.61,0.3540611517538923,0.5705785896645293,555970203.24,2,1,196847450.5,3,1,1,0.5972834088988067,1
CUST_07582,15.99,0.1354166666666666,0.3507787289246736,1251480480.0,3,0,169471315.0,4,1,0,0.42575499688370355,0
CUST_12265,14.84,0.3478260869565217,0.5110061269788946,899501595.0,2,0,312870120.0,2,1,1,0.6487136283685495,1
CUST_27323,6.17,0.1166666666666666,0.2933048806434584,3128701200.0,3,1,365015140.0,3,1,0,0.2684817063257496,0
CUST_09328,15.33,0.1818181818181818,0.3178898591115194,1433988050.0,3,1,260725100.0,3,1,0,0.4864246024426586,0
CUST_30407,15.21,0.1875,0.3608141764877594,1251480480.0,3,0,234652590.0,5,1,0,0.4958574183637811,0
CUST_30779,17.99,0.2542372881355932,0.4036050205456283,1538278090.0,3,1,391087650.0,3,1,1,0.6046218353776365,1
CUST_17193,9.88,0.1020491468691321,0.4005487750487022,1277448699.96,3,1,130362550.0,5,1,0,0.37984160843429404,0
CUST_15711,15.95,0.4236111111111111,0.5131600643583845,938610360.0,2,0,397605777.5,5,1,1,0.720810328070083,1
CUST_26640,14.5,0.0909642207398423,0.2857712872623377,2149678449.5,3,1,195543825.0,5,1,0,0.2832779673783654,0
CUST_07873,8.9,0.1794871794871795,0.4286998715556351,1016827890.0,2,1,182507570.0,0,1,0,0.48780457660728016,0
CUST_03646,10.99,0.265625,0.485480758543471,375444144.0,2,1,99727350.75,5,1,1,0.5305141344414572,1
CUST_14944,11.49,0.1388888888888889,0.3840924082744929,2815831080.0,3,1,391087650.0,1,1,0,0.34733166009515354,0
CUST_06827,11.12,0.0966728429871908,0.2365383673681163,1618190333.15,2,1,156435060.0,0,1,0,0.34103121630758393,0
CUST_02027,10.99,0.1833333333333333,0.2821083550687167,312870120.0,2,1,57359522.0,3,1,0,0.4975512435811407,0
CUST_17467,14.42,0.2539682539682539,0.5054124488870054,1642568130.0,2,0,417160160.0,4,1,1,0.6110295054261385,1
CUST_10563,12.53,0.2941522532062595,0.5873173513774294,886361049.9599999,2,1,260725100.0,1,1,1,0.5982429963111843,1
CUST_12866,12.29,0.0833333333333333,0.2415752326719981,938610360.0,2,1,78217530.0,2,1,0,0.39260862635444954,0
CUST_06948,16.35,0.0753295668549905,0.296570216272602,2076675421.5,2,0,156435060.0,0,1,0,0.2616297290246757,0
CUST_25662,11.49,0.2987012987012987,0.4975775216373385,2007583270.0,3,1,599667730.0,3,1,1,0.7193815659802923,1
CUST_16040,19.82,0.3061224489795918,0.5880791885672245,1277552990.0,3,0,391087650.0,5,1,1,0.6547938718981674,1
CUST_13422,14.11,0.2233804914370811,0.319944772495617,1750769046.5,3,0,391087650.0,5,1,1,0.5619782610531397,1
CUST_18341,10.37,0.3809523809523809,0.5613566264481743,1368806775.0,2,1,521450199.9999999,1,1,1,0.7558435384093536,1
CUST_31751,11.71,0.2382389377719894,0.468909626417682,1641577374.62,2,1,391087650.0,2,1,1,0.5840476338940701,1
CUST_18715,14.22,0.3333333333333333,0.5812288168546837,1251480480.0,2,1,417160160.0,4,1,1,0.684551653181955,1
CUST_14166,10.2,0.1704545454545454,0.3028161814949786,2294380880.0,3,1,391087650.0,2,1,0,0.45017777113872137,0
CUST_00604,14.74,0.5128205128205128,0.7596065563697618,1016827890.0,2,1,521450199.9999999,5,1,1,0.8054700360870986,1
CUST_18034,15.2,0.390625,0.6635517616195997,1668640640.0,2,1,651812750.0,3,1,1,0.8096190697733446,1
CUST_00832,13.22,0.2150537634408602,0.3294594810923466,2424743430.0,2,1,521450199.9999999,0,1,1,0.5640415971841334,1
CUST_02130,11.89,0.1666666666666666,0.225339296893571,782175300.0,3,1,130362550.0,2,1,0,0.47975806046010594,0
CUST_05782,10.99,0.2098765432098765,0.3724359538731857,1055936655.0,3,1,221616335.0,3,1,1,0.5221027650332974,1
CUST_07141,7.51,0.1166666666666666,0.2392687082611474,1564350600.0,2,1,182507570.0,2,1,0,0.37726581850334706,0
CUST_28557,13.49,0.4413461538461538,0.7054177279060524,1355770520.0,2,1,598364104.5,5,1,1,0.8137084599807057,1
CUST_26518,11.14,0.4833333333333333,0.6714627480298384,782175300.0,2,1,378051395.0,5,1,1,0.7296700510817768,1
CUST_01528,14.42,0.1269587928032501,0.2716708534873434,718766955.68,0,1,91253785.0,5,1,0,0.4506127753466111,0
CUST_19670,16.32,0.0761904761904762,0.2920264313223289,1095045420.0,2,0,83432032.0,0,1,0,0.3674896696563577,0
CUST_11969,17.27,0.3631647211413748,0.5479431801088219,804076208.4,2,1,292012112.0,4,1,1,0.6460666030468906,1
CUST_19106,18.25,0.1442307692307692,0.3153413160349778,406731156.0,2,1,58663147.5,1,1,0,0.4795880379677154,0
CUST_14738,13.49,0.3571428571428571,0.5203318124699474,1095045420.0,2,1,391087650.0,4,1,1,0.6880399052956022,1
CUST_11823,16.0,0.131585872940681,0.293760206245769,1981406469.96,2,1,260725100.0,3,1,0,0.3759892305386358,0
CUST_06875,10.99,0.1038062283737024,0.3015507280493239,1506991078.0,2,1,156435060.0,5,1,0,0.3619694712756781,0
CUST_00325,15.33,0.2723311546840958,0.5089012908002994,2393456418.0,2,0,651812750.0,5,1,1,0.7002889345475786,1
CUST_08802,16.49,0.2352941176470588,0.3170484775941466,886465340.0,2,0,208580080.0,4,1,1,0.5428859434573482,1
CUST_19635,10.38,0.2017195767195767,0.4177237002115332,394216351.2,2,1,79521155.5,0,1,1,0.5047712717223026,1
CUST_06767,7.88,0.3888888888888889,0.4624741384551152,469305180.0,2,1,182507570.0,0,1,1,0.5995491655797501,1
CUST_10507,7.51,0.3225806451612903,0.3814515380133341,808247810.0,2,1,260725100.0,5,1,1,0.6136518624214573,1
CUST_24233,10.99,0.09375,0.2624141012907232,1668640640.0,3,1,156435060.0,2,1,0,0.33172674494396087,0
CUST_01228,12.99,0.4,0.5410681523735893,1042900400.0,2,0,417160160.0,2,1,1,0.720532348754204,1
CUST_22104,16.35,0.2976190476190476,0.4524242668466236,569423618.4,2,1,169471315.0,4,1,1,0.565703373680469,1
CUST_21568,14.91,0.1771793054571226,0.3513213352457273,882919478.64,2,0,156435060.0,4,1,0,0.4872025202657615,0
CUST_20907,16.29,0.1348819782690146,0.2443919830419117,1739688229.75,2,0,234652590.0,5,1,0,0.3965307715068709,0
CUST_32257,14.84,0.3047498949138293,0.4755093768588628,1550662532.25,3,0,472564243.75,5,1,1,0.683045851096608,1
CUST_24943,11.66,0.1513513513513513,0.3342486183614017,1929365740.0,2,1,292012112.0,2,1,0,0.41873916748336537,0
CUST_15936,15.7,0.4202127659574468,0.6932847413941639,1225407970.0,2,1,514932072.4999999,1,1,1,0.7721063182716346,1
CUST_25873,14.74,0.0838817911988643,0.303296068680456,808143519.9599999,2,1,67788526.0,1,1,0,0.40762693862234084,0
CUST_10097,14.74,0.2341400897126238,0.5201963576080486,1057866020.74,2,0,247688845.0,1,1,1,0.54981498121114,1
CUST_09358,10.78,0.1739130434782608,0.3711597210358264,1439202552.0,3,1,250296096.0,2,1,0,0.474062622131379,0
CUST_09367,14.27,0.0902527075812274,0.3046890894639047,1444417054.0,3,1,130362550.0,1,1,0,0.3479245963235016,0
CUST_27375,15.27,0.234375,0.2955408774048154,1668640640.0,2,1,391087650.0,2,1,1,0.578605483125892,1
CUST_13285,16.32,0.3365228673370094,0.5729817619335281,964578579.96,2,1,324602749.5,2,1,1,0.6480532660898882,1
CUST_12507,11.49,0.0789473684210526,0.2850322106022881,1981510760.0,3,1,156435060.0,3,1,0,0.2771009915013609,0
CUST_01266,13.85,0.3137254901960784,0.4324764437394612,1329698010.0,2,1,417160160.0,5,1,1,0.6704329056881787,1
CUST_10457,10.37,0.3333333333333333,0.520919628839488,782175300.0,2,1,260725100.0,3,1,1,0.6187463989207396,1
CUST_30236,17.58,0.1428571428571428,0.2029454251072857,1095045420.0,2,1,156435060.0,0,1,0,0.44362438672068705,0
CUST_28900,14.09,0.3061474406073965,0.5982853919225753,1277448699.96,2,0,391087650.0,5,1,1,0.6548133487976504,1
CUST_07655,17.56,0.209090909090909,0.3755713810605662,860392830.0,2,0,179900319.0,1,1,1,0.5172817963557098,1
CUST_17857,18.25,0.2333333333333333,0.4657597573508189,3910876500.0,2,1,912537850.0,2,1,1,0.6738005920460775,1
CUST_32108,9.99,0.3236245954692556,0.5498529506464037,322256223.6,2,1,104290040.0,4,1,1,0.5463508452585856,1
CUST_19803,7.9,0.25,0.4271205735909411,375444144.0,2,1,93861036.0,2,1,1,0.5241742582245523,1
CUST_00629,10.99,0.380524743621454,0.5850826398216881,1370345053.09,2,1,521450199.9999999,1,1,1,0.7556089125675517,1
CUST_15823,8.94,0.0739855106775889,0.2999383282538767,4405002709.52,3,1,325906375.0,1,1,0,0.09740224308125231,0
CUST_15533,17.27,0.0113636363636363,0.0955337555491342,3441571320.0,3,1,39108765.0,3,1,0,0.06452822452848513,0
CUST_13262,14.84,0.2686403508771929,0.5520727531101534,1188906456.0,2,1,319388247.5,5,1,1,0.5992971613899634,1
CUST_16044,16.35,0.3636363636363636,0.4201404415666474,1147190440.0,2,1,417160160.0,4,1,1,0.7028562702345658,1
CUST_31019,11.71,0.1851851851851851,0.4429011493532145,1407915540.0,2,1,260725100.0,0,1,0,0.4918074550645908,0
CUST_01175,16.77,0.2864450127877238,0.4075752115051297,1529152711.5,2,1,438018168.0,5,1,1,0.653800609170449,1
CUST_18223,14.84,0.188235294117647,0.3647926902948846,443232670.0,1,1,83432032.0,0,1,0,0.4988860806640071,0
CUST_20822,16.07,0.1219512195121951,0.4004498638105528,1068972910.0,2,1,130362550.0,2,1,0,0.4211700356453853,0
CUST_17564,10.0,0.3622448979591837,0.4362797336816793,638776495.0,2,1,231393526.25,2,1,1,0.6166920660769871,1
CUST_26413,10.62,0.4,0.5411380968508029,938610360.0,2,1,375444144.0,5,1,1,0.7010689690324422,1
CUST_29115,19.74,0.216867469879518,0.2826376211953506,2164018330.0,3,0,469305180.0,4,1,1,0.5614139128714752,1
CUST_08071,11.34,0.4081632653061224,0.4623265417066196,1277552990.0,0,0,521450199.9999999,0,1,1,0.7694878394298227,1
CUST_17894,14.09,0.0326797385620915,0.098137016801871,6382550448.0,2,1,208580080.0,5,1,0,0.012504903409261404,0
CUST_00288,10.99,0.3342245989304813,0.6037903226291054,1950223748.0,2,1,651812750.0,5,1,1,0.7711621814492383,1
CUST_04412,14.54,0.1454545454545454,0.2466557609148754,860392830.0,2,0,125148048.0,3,1,0,0.4580371344279989,0
CUST_03921,12.69,0.0903832248734634,0.3076831330795182,865398751.92,3,1,78217530.0,0,1,0,0.4071232313742715,0
CUST_15817,17.88,0.1818181818181818,0.3505852963069411,2294380880.0,2,0,417160160.0,4,1,0,0.4782876873945934,0
CUST_12309,10.99,0.3846153846153846,0.6322451757042383,813462312.0,2,1,312870120.0,2,1,1,0.6647373245206962,1
CUST_12775,17.19,0.1282051282051282,0.2644212804663207,813462312.0,1,0,104290040.0,1,1,0,0.44524280264082045,0
CUST_12180,7.9,0.4615384615384615,0.5539590350267678,677885260.0,2,1,312870120.0,5,1,1,0.6892242564050511,1
CUST_17594,10.65,0.1451378809869375,0.3549611786787223,1221549238.52,2,1,177293068.0,2,1,0,0.44015143194958645,0
CUST_10560,14.74,0.0957640374118172,0.1498405006336096,1633547041.54,3,1,156435060.0,1,1,0,0.3381856030186193,0
CUST_21511,14.84,0.2232142857142857,0.4725162844015123,700829068.8,2,1,156435060.0,1,1,1,0.5247914072870834,1
CUST_28650,7.9,0.4307692307692308,0.63246238731425,1694713150.0,2,1,730030280.0,0,1,1,0.8538523306161487,1
CUST_00201,11.86,0.3571428571428571,0.552059136705932,1825075700.0,2,1,651812750.0,2,1,1,0.7888963891670786,1
CUST_00718,14.42,0.303030303030303,0.5440743008152308,1720785660.0,2,1,521450199.9999999,3,1,1,0.6982989085168679,1
CUST_01294,13.47,0.4693366708385482,0.548550831388825,666621935.68,3,0,312870120.0,2,1,1,0.6912140439865951,1
CUST_32430,11.89,0.3277972027972028,0.4458883462201061,596539028.8,2,1,195543825.0,5,1,1,0.5878264242386508,1
CUST_18642,19.42,0.3194444444444444,0.5212857940313153,1407915540.0,2,1,449750797.5,3,1,1,0.6871500251755414,1
CUST_12234,16.4,0.227027027027027,0.4469237086228168,1929365740.0,3,0,438018168.0,3,1,1,0.5756937877912586,1
CUST_26871,12.18,0.3303964757709251,0.531087720287902,1183691954.0,2,1,391087650.0,0,1,1,0.6721068087039223,1
CUST_17803,16.29,0.1290322580645161,0.179291956884955,2424743430.0,3,0,312870120.0,3,1,0,0.3437093788089266,0
CUST_23810,10.99,0.24002400240024,0.4859134434754236,1042796109.96,2,1,250296096.0,5,1,1,0.5556878114119821,1
CUST_29141,10.99,0.4770318021201413,0.6455321411851618,1770844879.2,2,1,844749324.0,1,1,1,0.9002182750170283,1
CUST_16689,15.7,0.496551724137931,0.6264124954579976,756102790.0,2,1,375444144.0,5,1,1,0.7316845567874309,1
CUST_18563,10.38,0.3272727272727272,0.6022125821369094,1433988050.0,2,1,469305180.0,3,1,1,0.7005825544035201,1
CUST_29256,7.51,0.2557283142389525,0.3590116425929797,446048501.08,3,1,114067231.25,2,1,1,0.5314708036434724,1
CUST_10132,13.16,0.4363636363636363,0.7090796109376128,573595220.0,2,1,250296096.0,2,1,1,0.6482477614677409,1
CUST_12240,8.49,0.3636363636363636,0.5252733875580573,860392830.0,2,1,312870120.0,3,1,1,0.6560413432477686,1
CUST_23612,15.62,0.2777777777777778,0.4640017930534362,844749324.0,2,0,234652590.0,0,1,1,0.5791979542428964,1
CUST_04835,6.92,0.1723900151703213,0.4124336650963877,756207080.04,2,1,130362550.0,2,1,0,0.4851153052336396,0
CUST_29979,12.69,0.4092211158095757,0.6046829304827849,955687854.05,3,1,391087650.0,1,1,1,0.7122040268005752,1
CUST_00420,10.99,0.2801238738738739,0.4971449710211535,463047777.6,3,0,129710737.25,2,1,1,0.5448376534212876,1
CUST_21009,18.79,0.1282051282051282,0.2814472594215991,1016827890.0,3,1,130362550.0,1,1,0,0.431707377881456,0
CUST_00317,12.53,0.1627604166666666,0.2908417504849422,400473753.6,1,1,65181274.99999999,1,1,0,0.4879370724296074,0
CUST_02218,16.77,0.330625,0.3818494608165755,1042900400.0,2,0,344808944.75,0,1,1,0.6532586503594896,1
CUST_25814,14.26,0.2564102564102564,0.453737399243219,2033655780.0,3,0,521450199.9999999,1,1,1,0.6412304310919554,1
CUST_25789,10.25,0.3076923076923077,0.4018219105998303,2033655780.0,3,1,625740240.0,1,1,1,0.737478271410741,1
CUST_20322,10.99,0.3529411764705882,0.4722396267575778,886465340.0,3,1,312870120.0,0,1,1,0.6511642009433463,1
CUST_30985,11.86,0.3787878787878788,0.6573335656917334,1720785660.0,3,1,651812750.0,2,1,1,0.8028895995032946,1
CUST_00482,9.91,0.3638779901278319,0.6542221653461526,1647991212.08,2,1,599667730.0,2,1,1,0.7753029691914256,1
CUST_22062,13.49,0.1739130434782608,0.4663429643873563,1199335460.0,3,0,208580080.0,2,1,0,0.4783795891515368,0
CUST_20925,14.65,0.1027984009137635,0.3601229791284762,2282648250.5,2,0,234652590.0,5,1,0,0.2955561189702723,0
CUST_14807,13.57,0.1359223300970873,0.2632559680436855,2685468530.0,3,1,365015140.0,0,1,0,0.3461222431847091,0
CUST_10508,17.04,0.3225806451612903,0.5296183271532925,1616495620.0,3,1,521450199.9999999,1,1,1,0.7161365987964439,1
CUST_00882,10.25,0.0952380952380952,0.2600533031974105,273761355.0,2,1,26072510.0,5,1,0,0.4717449776763789,0
CUST_04326,11.22,0.2386363636363636,0.4996042304784983,516235697.9999999,2,1,123192609.75,5,1,1,0.5268806180838218,1
CUST_18321,6.54,0.408,0.4844872638851511,1303625500.0,2,1,531879203.9999999,1,1,1,0.7736608612944181,1
CUST_03422,9.76,0.3305566574110802,0.5099735897894666,788745572.52,3,1,260725100.0,0,1,1,0.6174649872386097,1
CUST_05609,15.27,0.0675675675675675,0.2102858182915322,1929365740.0,2,1,130362550.0,2,1,0,0.2633066514473929,0
CUST_25147,11.58,0.3105348963589783,0.5519081155186379,1007520003.93,2,1,312870120.0,0,1,1,0.6281157506406471,1
CUST_18234,16.45,0.4444444444444444,0.562385306653471,1407915540.0,2,0,625740240.0,4,1,1,0.8249002422208814,1
CUST_02109,13.98,0.078125,0.3161644352784865,800947507.1999999,2,0,62574023.99999999,0,1,0,0.4036093660872883,0
CUST_05289,17.58,0.1064102564102564,0.3168046911097987,1016827890.0,3,0,108200916.5,3,1,0,0.40830430266438916,0
CUST_11260,15.33,0.2104377104377104,0.445663028041749,1238965675.2,2,0,260725100.0,5,1,1,0.5266791178255342,1
CUST_01560,16.82,0.05,0.322775558501867,782175300.0,2,0,39108765.0,2,1,0,0.3830359364027017,0
CUST_01099,13.85,0.3558646494224825,0.6364925162573057,1282141751.76,2,1,456268925.0,5,1,1,0.7148400971963841,1
CUST_29783,10.99,0.2083333333333333,0.2655513680579506,500592191.9999999,2,1,104290040.0,2,1,1,0.5096465873801234,1
CUST_00651,6.17,0.3389830508474576,0.6243872465099751,1538278090.0,2,1,521450199.9999999,5,1,1,0.7290885677632678,1
CUST_07743,14.27,0.2108560756672088,0.2650008760386811,865555186.9799999,2,1,182507570.0,5,1,1,0.519039366209958,1
CUST_23916,11.34,0.3941974140649637,0.6513376666465228,661407433.68,2,1,260725100.0,1,1,1,0.6419901498985074,1
CUST_14424,11.12,0.1877346683354192,0.3225589313674237,2083193549.0,3,1,391087650.0,5,1,0,0.4936344288950441,0
CUST_03496,6.99,0.3541666666666667,0.5468146881406603,782175300.0,2,1,277020418.75,3,1,1,0.6352684507426587,1
CUST_19611,11.83,0.0403225806451612,0.1453108109670571,1939794744.0,2,1,78217530.0,2,1,0,0.2203605965187152,0
CUST_18675,13.98,0.4222121395442629,0.5153889153634132,1034348616.72,2,1,436714542.5,2,1,1,0.7386484953952774,1
CUST_09545,14.91,0.1489361702127659,0.4339512897396333,1470489564.0,3,1,219009084.0,2,1,0,0.4340487280415541,0
CUST_06993,14.27,0.2361111111111111,0.5049037495004803,1173262950.0,3,0,277020418.75,4,1,1,0.5576817143981287,1
CUST_02167,14.79,0.0272730371936044,0.2634560221597889,2294354807.49,2,0,62574023.99999999,0,1,0,0.164606835030792,0
CUST_01426,11.71,0.2721808490530374,0.4475080039852577,689696107.03,3,1,187722072.0,5,1,1,0.5607246765268866,1
CUST_04385,10.51,0.088235294117647,0.2439276885909947,886465340.0,3,1,78217530.0,1,1,0,0.402928813042436,0
CUST_10003,12.98,0.0610169491525423,0.2841863436415751,1538278090.0,3,1,93861036.0,1,1,0,0.29650577486335356,0
CUST_17320,16.0,0.2678571428571428,0.3335112711583212,1460060560.0,2,0,391087650.0,1,1,1,0.6199617767532137,1
CUST_13063,14.09,0.1538461538461538,0.2346061775180914,2033655780.0,2,0,312870120.0,0,1,0,0.4197792044348799,0
CUST_07429,6.03,0.3943452380952381,0.6560583829929726,438018168.0,2,1,172730378.75,2,1,1,0.5955708928354935,1
CUST_14783,7.9,0.3333333333333333,0.4121560775567134,1173262950.0,2,1,391087650.0,0,1,1,0.6740029336091699,1
CUST_26754,6.03,0.4032258064516129,0.4624929988661154,969897372.0,2,1,391087650.0,5,1,1,0.7097916425455851,1
CUST_00968,9.25,0.45004500450045,0.5183090969468769,1042796109.96,2,1,469305180.0,2,1,1,0.7637386485500622,1
CUST_23203,18.53,0.2740740740740741,0.3909134993367147,1407915540.0,3,0,385873148.0,5,1,1,0.6247736389494268,1
CUST_06775,13.98,0.324074074074074,0.6093355951410385,563166216.0,2,0,182507570.0,2,1,1,0.580794662632481,1
CUST_11929,15.65,0.3273809523809524,0.5029748765559585,876036336.0,2,0,286797610.0,5,1,1,0.6270843243710309,1
CUST_14055,19.69,0.2727272727272727,0.4054496098715123,2294380880.0,3,1,625740240.0,3,1,1,0.6937021100563807,1
CUST_16399,17.56,0.1875,0.3186469906222985,1668640640.0,3,0,312870120.0,3,1,0,0.4944766561159754,0
CUST_21359,12.18,0.4666666666666667,0.6290493445678947,312870120.0,2,1,146006056.0,0,1,1,0.5925627810838977,1
CUST_15190,7.29,0.1061946902654867,0.2007431945267899,2946193630.0,3,1,312870120.0,0,1,0,0.2539521706965159,0
CUST_25185,7.51,0.3349148758024002,0.5007484178626647,934178033.3,2,1,312870120.0,3,1,1,0.6421571139450016,1
CUST_07857,11.99,0.3714285714285714,0.5864071674636571,1277552990.0,3,1,474519682.0,5,1,1,0.7314386835119372,1
CUST_00280,15.95,0.2983293556085918,0.5511590134280753,2184876338.0,2,0,651812750.0,3,1,1,0.7351690411203634,1
CUST_26922,20.86,0.2233597021870637,0.4563986642115109,2801491199.5,3,0,625740240.0,0,1,1,0.5983262504880892,1
CUST_20731,8.32,0.1895833333333333,0.3937570947706371,938610360.0,3,1,177944880.75,2,1,0,0.49901265429825853,0
CUST_16741,15.99,0.0888888888888888,0.2745815660484184,1173262950.0,2,0,104290040.0,2,1,0,0.3735100121224146,0
CUST_01122,12.87,0.4106280193236715,0.7025285766992426,1079401914.0,2,1,443232670.0,5,1,1,0.736914685769448,1
CUST_03908,12.18,0.1142857142857142,0.265940791811517,912537850.0,2,1,104290040.0,1,1,0,0.42512491781779527,0
CUST_26790,8.49,0.3658536585365853,0.4479801581100717,1068972910.0,2,1,391087650.0,2,1,1,0.6926448329640718,1
CUST_27893,11.12,0.59375,0.6835043635966841,208580080.0,2,1,123844422.5,1,1,1,0.5901646343168327,1
CUST_16669,14.96,0.1296296296296296,0.4073805741921012,1407915540.0,2,0,182507570.0,5,1,0,0.40807746141311524,0
CUST_28678,13.48,0.3636363636363636,0.625279077670618,1147190440.0,2,1,417160160.0,0,1,1,0.7028562702345655,1
CUST_00452,20.16,0.2222222222222222,0.4978287945512179,2815831080.0,2,1,625740240.0,2,1,1,0.595475508796823,1
CUST_17823,10.08,0.1704545454545454,0.3878401085213878,1147190440.0,3,1,195543825.0,2,1,0,0.47502674094136094,0
CUST_15610,7.88,0.234375,0.393286675244597,500592191.9999999,1,1,117326295.0,0,1,1,0.5237609425029187,1
CUST_23518,10.99,0.4427083333333333,0.5921103452021768,500592191.9999999,2,1,221616335.0,1,1,1,0.6335111770488812,1
CUST_23877,14.54,0.2954545454545454,0.577122275465809,860392830.0,2,0,254206972.5,5,1,1,0.5966059822951062,1
CUST_01763,15.58,0.1388888888888889,0.3020022962308732,375444144.0,2,1,52145020.0,3,1,0,0.47898608629359596,0
CUST_13388,17.99,0.140361622580357,0.3762013104968453,2043276536.19,3,1,286797610.0,3,1,0,0.3906270214828728,0
CUST_23032,18.09,0.2063983488132094,0.3915981742199946,1010570487.6,2,0,208580080.0,5,1,1,0.5173498362388489,1
CUST_16494,11.83,0.3571428571428571,0.4912791742390227,1095045420.0,2,1,391087650.0,3,1,1,0.688039905295602,1
CUST_29753,7.51,0.3620689655172414,0.6251034643661341,756102790.0,2,1,273761355.0,0,1,1,0.6369838139789661,1
CUST_08753,10.99,0.2579979360165119,0.506628756447474,808456390.0799999,2,1,208580080.0,5,1,1,0.5588310930068863,1
CUST_21727,14.96,0.1363636363636363,0.2939159027266373,1147190440.0,2,1,156435060.0,3,1,0,0.4330178050020385,0
CUST_24122,15.33,0.2941176470588235,0.5850658101831637,886465340.0,2,0,260725100.0,5,1,1,0.5982222859692888,1
CUST_32348,11.48,0.3333333333333333,0.5907540815797657,1016827890.0,2,1,338942630.0,1,1,1,0.652376065733904,1
CUST_01683,15.05,0.175,0.414329696489765,260725100.0,2,0,45626892.5,3,1,0,0.4956042884367418,0
CUST_32296,16.15,0.2475247524752475,0.4385749623576187,2633323510.0,3,0,651812750.0,3,1,1,0.6571207202843067,1
CUST_09598,16.4,0.2632872288141543,0.5630661739985775,1485403039.72,1,1,391087650.0,3,1,1,0.6150161957121547,1
CUST_14572,14.96,0.0530785562632696,0.2546789789318153,982412176.8,2,1,52145020.0,5,1,0,0.35764530325931715,0
CUST_30164,14.54,0.1487179487179487,0.351683114667574,1016827890.0,2,1,151220558.0,5,1,0,0.4540178837896842,0
CUST_00171,10.25,0.4166666666666667,0.4725978653113622,1564350600.0,2,1,651812750.0,0,1,1,0.8225476362067904,1
CUST_25458,14.3,0.1818181818181818,0.2455819674592909,1720785660.0,2,1,312870120.0,3,1,0,0.4837112842501977,0
CUST_12039,13.49,0.3228571428571428,0.5901310246390812,912537850.0,2,1,294619363.0,5,1,1,0.6279622452523366,1
CUST_28199,7.51,0.0759532128209023,0.2676426153729288,2059623999.96,2,1,156435060.0,1,1,0,0.2643604371204931,0
CUST_09528,16.29,0.074074074074074,0.1973586289216595,2815831080.0,2,0,208580080.0,0,1,0,0.19432806547339643,0
CUST_15754,16.35,0.317,0.3705573157236805,1303625500.0,2,0,413249283.5,5,1,1,0.6714450800107185,1
CUST_22248,15.62,0.2,0.356523472752871,834320320.0,2,1,166864064.0,1,1,1,0.5085422395919537,1
CUST_20603,13.49,0.0829187396351575,0.2246436461669055,3144344706.0,2,1,260725100.0,4,1,0,0.18732917867869578,0
CUST_18383,13.92,0.3174603174603174,0.4956487593170536,1642568130.0,2,0,521450199.9999999,0,1,1,0.711737155672636,1
CUST_08836,12.12,0.2222222222222222,0.4852367980654511,938610360.0,2,1,208580080.0,0,1,1,0.5321761381454353,1
CUST_24229,20.89,0.2525252525252525,0.4277636444918954,1032471396.0,2,0,260725100.0,3,1,1,0.5689158425803229,1
CUST_30182,14.59,0.238095238095238,0.5076194260215317,657027252.0,2,1,156435060.0,3,1,1,0.5338076578281289,1
CUST_04688,11.49,0.1512345679012345,0.3908500261466699,844749324.0,2,1,127755299.0,5,1,0,0.4640577830725302,0
CUST_25239,16.29,0.0578947368421052,0.1903032853665453,1981510760.0,3,0,114719044.0,3,1,0,0.2423634767603392,0
CUST_00589,8.88,0.5882352941176471,0.718506277911673,886465340.0,2,1,521450199.9999999,1,1,1,0.8217939057707648,1
CUST_32519,8.9,0.375,0.6726270513244361,1042900400.0,2,1,391087650.0,3,1,1,0.6972116998764141,1
CUST_19979,18.25,0.2015503875968992,0.4940670113341227,1345341516.0,2,0,271154104.0,0,1,1,0.5160311760418991,1
CUST_04270,8.49,0.0833333333333333,0.3636334515332861,1407915540.0,2,1,117326295.0,1,1,0,0.3419671566649878,0
CUST_00143,13.22,0.4807692307692308,0.6440961911715808,1355770520.0,2,1,651812750.0,0,1,1,0.846321793338192,1
CUST_27194,13.16,0.2212389380530973,0.3699028756365468,2946193630.0,3,1,651812750.0,1,1,1,0.5967610333567128,1
CUST_03709,8.63,0.2061430632859204,0.3214389245272485,505910984.04,2,1,104290040.0,3,1,1,0.5085483183839237,1
CUST_20078,14.59,0.2352941176470588,0.3851933804917601,443232670.0,2,0,104290040.0,5,1,1,0.5214825554707441,1
CUST_07800,14.11,0.2040982937382643,0.2784006148935757,1277448699.96,0,1,260725100.0,3,1,1,0.5187467546940727,1
CUST_12716,14.65,0.0902497985495568,0.3208711050886677,1617799245.5,3,1,146006056.0,5,1,0,0.33101489061224953,0
CUST_02346,8.49,0.0833333333333333,0.1762221275936265,782175300.0,2,1,65181274.99999999,2,1,0,0.41008030437017834,0
CUST_15361,18.25,0.2586206896551724,0.3416062686365942,1512205580.0,2,1,391087650.0,3,1,1,0.6097597228189722,1
CUST_03564,17.49,0.0909090909090909,0.2274543626274986,1032471396.0,2,0,93861036.0,3,1,0,0.3902928177412626,0
CUST_27303,11.83,0.2621323593659892,0.5004675920831436,1491947239.73,2,1,391087650.0,0,1,1,0.6137351802698893,1
CUST_01022,16.29,0.3,0.504651251467283,1564350600.0,2,0,469305180.0,1,1,1,0.6775126555126038,1
CUST_25106,7.29,0.3428571428571428,0.5043845153909619,912537850.0,2,1,312870120.0,2,1,1,0.6462551927107956,1
CUST_13290,14.83,0.2262443438914027,0.3255617715809702,1728607413.0,3,1,391087650.0,5,1,1,0.5664803277639919,1
CUST_01429,14.46,0.2264150943396226,0.4614535912845232,690921515.0,3,0,156435060.0,5,1,1,0.5268324240296276,1
CUST_28213,14.42,0.3870967741935484,0.5183089258804167,808247810.0,3,1,312870120.0,4,1,1,0.6656968112814897,1
CUST_08277,12.61,0.2083333333333333,0.4208844745824147,938610360.0,2,0,195543825.0,0,1,1,0.5180817074716111,1
CUST_12600,10.99,0.125,0.193975799906812,625740240.0,2,1,78217530.0,3,1,0,0.4556522996813368,0
CUST_16816,8.94,0.175,0.2568785585833712,312870120.0,2,1,54752271.0,2,1,0,0.49472520591856034,0
CUST_06113,12.21,0.3333333333333333,0.3930500687947105,469305180.0,2,1,156435060.0,0,1,1,0.5721279449764355,1
CUST_18357,14.84,0.3703703703703703,0.457398918833014,1407915540.0,2,0,521450199.9999999,3,1,1,0.74983123283906,1
CUST_27017,20.03,0.2314814814814814,0.5075244103736258,2815831080.0,3,1,651812750.0,3,1,1,0.6223880121031915,1
CUST_18198,18.3,0.1121076233183856,0.1649802547685838,5814169730.0,2,1,651812750.0,2,1,0,0.12157346966543152,0
CUST_04843,18.25,0.1666666666666666,0.2613867003465683,782175300.0,2,1,130362550.0,5,1,0,0.47975806046010633,0
CUST_13317,16.29,0.075268817204301,0.1828018426708771,969897372.0,2,1,73003028.0,1,1,0,0.38111460060589475,0
CUST_00207,13.11,0.3442957086982868,0.6385869729472785,1893177096.12,2,1,651812750.0,5,1,1,0.7793734170627588,1
CUST_10069,16.77,0.3634615384615384,0.4727354034149609,677885260.0,2,1,246385219.5,3,1,1,0.6243894185858299,1
CUST_22662,13.55,0.2083333333333333,0.3172951214861723,938610360.0,2,0,195543825.0,0,1,1,0.5180817074716111,1
CUST_00155,11.36,0.4545454545454545,0.6907163496275492,1433988050.0,2,1,651812750.0,2,1,1,0.8377271576535998,1
CUST_18213,13.98,0.2976190476190476,0.463023287330353,438018168.0,1,1,130362550.0,5,1,1,0.5506605823308457,1
CUST_31895,12.87,0.2594594594594595,0.4888458855823203,1929365740.0,2,0,500592191.9999999,1,1,1,0.6402471557444279,1
CUST_01339,16.45,0.3269230769230769,0.4670341110266497,677885260.0,1,1,221616335.0,3,1,1,0.5988859069608398,1
CUST_06125,13.11,0.3125,0.4287272402690297,500592191.9999999,2,0,156435060.0,1,1,1,0.5657884139705819,1
CUST_15733,12.87,0.3804878048780488,0.4642862296456571,1068972910.0,2,0,406731156.0,5,1,1,0.7068931940507287,1
CUST_00493,9.32,0.2702702702702703,0.4446399215082745,482341435.0,3,1,130362550.0,0,1,1,0.5415834681218148,1
CUST_20898,16.77,0.1304347826086956,0.4123705275406293,1799003190.0,2,0,234652590.0,0,1,0,0.384865017163076,0
CUST_15049,14.46,0.05,0.2888985963713104,834320320.0,2,0,41716016.0,4,1,0,0.3755544279704216,0
CUST_31854,20.53,0.1633986928104575,0.4317518838310077,3989094030.0,3,1,651812750.0,2,1,0,0.3846906470424487,0
CUST_32047,10.99,0.1505854007453977,0.2868566550273808,1385128166.26,2,1,208580080.0,5,1,0,0.4402758381087426,0
CUST_02226,7.9,0.4838709677419355,0.7050633231062773,808247810.0,3,1,391087650.0,1,1,1,0.736514706675412,1
CUST_02432,7.4,0.1794871794871795,0.4510513947932084,406731156.0,2,1,73003028.0,5,1,0,0.4951210177989607,0
CUST_20449,10.99,0.32,0.5146127657787641,391087650.0,2,1,125148048.0,5,1,1,0.5546571277449244,1
CUST_22276,12.87,0.0988035507526051,0.2961050137080863,1688846835.25,2,0,166864064.0,0,1,0,0.33808023993010433,0
CUST_15564,12.53,0.079610791685095,0.1645159925589736,2947497255.5,3,1,234652590.0,5,1,0,0.1949962650046015,0
CUST_08066,11.28,0.1020408163265306,0.3659314454777425,1277552990.0,3,0,130362550.0,4,1,0,0.3798213109049922,0
CUST_18462,17.58,0.2247090018426138,0.3109686352485786,2320557680.04,2,0,521450199.9999999,0,1,1,0.5850798662509484,1
CUST_27666,12.99,0.1891891891891892,0.3717923133754443,3858731480.0,3,0,730030280.0,1,1,0,0.49429253004889295,0
CUST_29219,13.92,0.3333333333333333,0.6033161958043886,391087650.0,1,0,130362550.0,0,1,1,0.560234880526824,1
CUST_19064,15.21,0.1458333333333333,0.224512259118763,375444144.0,2,0,54752271.0,4,1,0,0.48180794833175794,0
CUST_23205,6.99,0.2604166666666667,0.4481547334502671,500592191.9999999,2,1,130362550.0,4,1,1,0.5378374454058457,1
CUST_10526,16.07,0.3125,0.3657946136715805,834320320.0,2,1,260725100.0,4,1,1,0.6085323200797463,1
CUST_00946,17.04,0.5289855072463768,0.6118032495531992,899501595.0,2,1,475823307.5,4,1,1,0.7891722312997517,1
CUST_10134,14.27,0.4,0.615948858118922,625740240.0,2,1,250296096.0,1,1,1,0.638362103749041,1
CUST_02865,10.36,0.0510204081632653,0.2637278159425349,1533063588.0,2,1,78217530.0,0,1,0,0.2834293952435963,0
CUST_09305,7.9,0.184529081783289,0.3292699091716394,706460730.9599999,2,1,130362550.0,3,1,0,0.4953864879978153,0
CUST_21802,15.28,0.3125,0.373756450058346,594453228.0,2,1,185766633.75,4,1,1,0.5779387103153506,1
CUST_00631,9.91,0.3703703703703703,0.5830752441626708,1407915540.0,2,1,521450199.9999999,2,1,1,0.7498312328390597,1
CUST_10337,11.71,0.4761904761904761,0.6311487455189702,547522710.0,2,1,260725100.0,2,1,1,0.6633161038661022,1
CUST_06105,14.59,0.4,0.597529336829788,391087650.0,2,1,156435060.0,2,1,1,0.5878692513788242,1
CUST_15660,12.18,0.189873417721519,0.3046365768152473,2059728290.0,2,1,391087650.0,2,1,0,0.4984810005584911,0
CUST_13353,16.0,0.1025641025641025,0.3540022629387482,2033655780.0,3,1,208580080.0,3,1,0,0.3152098035303138,0
CUST_28266,8.49,0.4,0.5035950673843705,651812750.0,2,1,260725100.0,5,1,1,0.643810114063837,1
CUST_18720,10.99,0.32,0.5612271599381731,1303625500.0,2,0,417160160.0,5,1,1,0.6751750349644816,1
CUST_25145,10.75,0.3116883116883117,0.5388458102927494,1003791635.0,2,1,312870120.0,0,1,1,0.6288350245719401,1
CUST_08643,16.63,0.2780352177942539,0.4953907563888759,1406611914.5,3,0,391087650.0,2,1,1,0.6303099509395454,1
CUST_32358,10.39,0.2941176470588235,0.5813455710033439,886465340.0,3,1,260725100.0,5,1,1,0.5982222859692885,1
CUST_00383,15.65,0.3277027027027027,0.4835944078761576,1929365740.0,2,0,632258367.5,3,1,1,0.759023297730596,1
CUST_08058,8.0,0.2040816326530612,0.4477882828938083,1277552990.0,3,1,260725100.0,2,1,1,0.5187252431156512,1
CUST_27338,15.2,0.2049180327868852,0.2709738478537633,3180846220.0,3,1,651812750.0,4,1,1,0.5493663849814986,1
CUST_24370,13.49,0.1696969696969697,0.246543220322083,1720785660.0,3,1,292012112.0,2,1,0,0.46117412885886166,0
CUST_03997,10.37,0.0833333333333333,0.2957930381941618,1251480480.0,2,1,104290040.0,0,1,0,0.3585154229373537,0
CUST_03902,7.14,0.0984848484848484,0.3315798923342729,860392830.0,3,1,84735657.5,1,1,0,0.4149662176647289,0
CUST_02521,10.99,0.15625,0.3594933011186161,500592191.9999999,2,1,78217530.0,0,1,0,0.4813942416637797,0
CUST_10973,10.99,0.1448275862068965,0.3758824427320347,756102790.0,2,1,109504542.0,1,1,0,0.4625927647645302,0
CUST_05688,10.99,0.0565610859728506,0.2977251464343695,2304809884.0,2,1,130362550.0,5,1,0,0.20766555628028158,0
CUST_00835,10.99,0.2063962188212711,0.4188853917057847,2526452291.51,2,1,521450199.9999999,0,1,1,0.5432780587366175,1
CUST_02103,14.26,0.0833333333333333,0.3538978552726803,750888288.0,2,0,62574023.99999999,1,1,0,0.41360357745193393,0
CUST_17186,7.66,0.4868421052631579,0.5498988324966606,990755380.0,2,1,482341435.0,2,1,1,0.7812231881328964,1
CUST_18035,14.83,0.3571428571428571,0.6557495748821853,1825075700.0,2,1,651812750.0,0,1,1,0.7888963891670787,1
CUST_27155,15.21,0.3125,0.4477024633204388,1251480480.0,2,0,391087650.0,3,1,1,0.6596467917848264,1
CUST_19789,10.99,0.059322033898305,0.2419633176215534,1538278090.0,2,1,91253785.0,2,1,0,0.2941531312467809,0
CUST_01599,16.82,0.0441228379809389,0.0963233135414171,886361049.9599999,2,1,39108765.0,5,1,0,0.3629083723160971,0
CUST_14350,11.58,0.4677419354838709,0.5352532489668859,808247810.0,2,1,378051395.0,0,1,1,0.7253999285457302,1
CUST_11231,14.42,0.2272727272727272,0.3957266576907052,1720785660.0,3,1,391087650.0,3,1,1,0.5680667155624481,1
CUST_13484,14.22,0.1316898440792246,0.2606349349266123,494960529.84,2,0,65181274.99999999,1,1,0,0.4684597709995518,0
CUST_29581,11.49,0.0416167265947529,0.3270841287597147,1566227820.72,2,1,65181274.99999999,1,1,0,0.26669828815297186,0
CUST_29308,10.99,0.3999680025597952,0.6717056447949823,1303729790.04,2,1,521450199.9999999,3,1,1,0.7656292062763881,1
CUST_12951,14.11,0.1621621621621621,0.416112451023373,1929365740.0,2,0,312870120.0,4,1,0,0.44089943733606063,0
CUST_18704,11.71,0.4,0.4914199027886713,1042900400.0,2,1,417160160.0,3,1,1,0.7205323487542039,1
CUST_22785,14.59,0.1688888888888889,0.2659865551984905,1173262950.0,2,0,198151076.0,5,1,0,0.472474557306311,0
CUST_25866,16.29,0.1733333333333333,0.382681127842313,391087650.0,2,1,67788526.0,3,1,0,0.49270022803870284,0
CUST_14790,7.49,0.3333333333333333,0.5892915955738834,1173262950.0,2,1,391087650.0,0,1,1,0.6740029336091699,1
CUST_22701,10.99,0.2941176470588235,0.4726097948088185,1329698010.0,3,0,391087650.0,5,1,1,0.6449914351971193,1
CUST_17548,14.09,0.144927536231884,0.2363711671243992,1799003190.0,2,0,260725100.0,3,1,0,0.4119522981539791,0
CUST_03309,10.0,0.109090909090909,0.3136774636574438,860392830.0,2,1,93861036.0,5,1,0,0.42460303325370435,0
CUST_29422,16.29,0.3901515151515151,0.5857028357631215,688314264.0,3,0,268546853.0,0,1,1,0.6446709708430146,1
CUST_00567,11.97,0.390625,0.4701381500008172,500592191.9999999,0,0,195543825.0,0,1,1,0.6068907116560573,1
CUST_05306,11.71,0.34,0.4345204178300557,651812750.0,2,1,221616335.0,4,1,1,0.6040495193578859,1
CUST_25267,16.0,0.2857142857142857,0.3617556615049082,1095045420.0,2,0,312870120.0,3,1,1,0.6110732717453481,1
CUST_05791,7.88,0.3563099248509976,0.602648206186178,402455264.36,2,1,143398805.0,3,1,1,0.5718118739219377,1
CUST_01030,14.54,0.2727272727272727,0.4964253338803039,1720785660.0,2,0,469305180.0,0,1,1,0.6486506786948696,1
CUST_18399,10.59,0.3410059676044331,0.4937441070950136,1529152711.5,2,1,521450199.9999999,5,1,1,0.7305752106149332,1
CUST_15574,8.0,0.2564102564102564,0.3892729458775339,508413944.9999999,1,1,130362550.0,0,1,1,0.5362306733711685,1
CUST_21899,16.95,0.0973583436100473,0.3392605196854036,1606796646.28,2,0,156435060.0,5,1,0,0.3431499195417111,0
CUST_15980,7.88,0.3563099248509976,0.5110253795540642,402455264.36,2,1,143398805.0,1,1,1,0.5718118739219377,1
CUST_01124,13.47,0.3928365106874639,0.5619215691751239,1128287870.25,2,1,443232670.0,5,1,1,0.7290094674755102,1
CUST_18010,16.49,0.026595744680851,0.3107300691625692,4901631880.0,2,1,130362550.0,3,1,0,0.029753003039092885,0
CUST_23589,15.37,0.3103448275862069,0.5964263827227835,756102790.0,2,1,234652590.0,5,1,1,0.5969382734755619,1
CUST_13588,15.21,0.3033175355450237,0.4094217101448319,1100259922.0,2,1,333728128.0,4,1,1,0.6313368921955312,1
CUST_04224,14.09,0.2058823529411764,0.3544983155016552,886465340.0,3,1,182507570.0,3,1,1,0.5147251809448563,1
CUST_02209,10.37,0.5520833333333334,0.8395235767400594,625740240.0,2,1,345460757.5,4,1,1,0.7272846710741984,1
CUST_09148,11.49,0.4166666666666667,0.5127310379014831,312870120.0,2,1,130362550.0,4,1,1,0.5760895383311134,1
CUST_15959,9.63,0.1818181818181818,0.4336780255225966,143398805.0,2,1,26072510.0,2,1,0,0.49864212985763395,0
CUST_27358,7.14,0.08130081300813,0.2050924815317001,3206918730.0,3,1,260725100.0,0,1,0,0.1795853745795155,0
CUST_00929,7.66,0.4868421052631579,0.776804768274379,990755380.0,2,1,482341435.0,5,1,1,0.7812231881328964,1
CUST_00256,18.25,0.0700280112044818,0.2518567180072784,3723154428.0,3,1,260725100.0,5,1,0,0.1250243765291579,0
CUST_00613,13.43,0.4,0.4822053578198034,1303625500.0,2,1,521450199.9999999,2,1,1,0.7656446678807157,1
CUST_01098,13.61,0.3684210526315789,0.4613970310200276,1238444225.0,2,1,456268925.0,5,1,1,0.7221422587223905,1
CUST_10771,13.11,0.2941176470588235,0.4371371429802136,886465340.0,2,0,260725100.0,4,1,1,0.5982222859692887,1
CUST_14422,10.99,0.2659574468085106,0.55725814495142,2450815940.0,3,0,651812750.0,4,1,1,0.690248667939962,1
CUST_21534,11.49,0.2,0.4809838216151323,782175300.0,2,1,156435060.0,3,1,1,0.508008443975403,1
CUST_08598,7.29,0.3333333333333333,0.6257370524416287,625740240.0,2,1,208580080.0,0,1,1,0.5956529311021103,1
CUST_31882,7.14,0.5555555555555556,0.8434495313395624,375444144.0,1,1,208580080.0,1,1,1,0.6443250561943891,1
CUST_04353,16.95,0.32,0.4120810615291746,391087650.0,2,1,125148048.0,0,1,1,0.5546571277449247,1
CUST_16849,16.89,0.1923076923076923,0.3427245556993317,813462312.0,2,0,156435060.0,2,1,1,0.5015465760610861,1
CUST_32324,15.58,0.3389600705036946,0.5393780974181117,1538382380.04,2,1,521450199.9999999,3,1,1,0.7290715477965535,1
CUST_09018,13.98,0.1111111111111111,0.2108447948554026,1407915540.0,3,0,156435060.0,1,1,0,0.38107985352964713,0
CUST_01677,8.94,0.1822916666666666,0.3778667270956472,250296096.0,2,1,45626892.5,2,1,0,0.49775837284268765,0
CUST_15968,10.99,0.285204991087344,0.5626270542115442,1462667811.0,3,0,417160160.0,5,1,1,0.6457204453702335,1
CUST_01131,8.49,0.3333333333333333,0.4596395169415653,1329698010.0,2,1,443232670.0,0,1,1,0.6949135404097486,1
CUST_19260,16.35,0.2243589743589743,0.328226489071688,813462312.0,1,0,182507570.0,3,1,1,0.5297734531708203,1
CUST_18240,7.49,0.3582089552238806,0.4200791908561329,1746858170.0,2,1,625740240.0,3,1,1,0.7807192711463055,1
CUST_11651,14.11,0.150375939849624,0.3105292746530978,1733821915.0,2,0,260725100.0,4,1,0,0.4250574118165565,0
CUST_22847,12.18,0.5925925925925926,0.6862990322759857,351978885.0,2,1,208580080.0,5,1,1,0.6487555919447147,1
CUST_11199,14.22,0.320855614973262,0.3743698360820009,1462667811.0,3,0,469305180.0,5,1,1,0.6955884187594447,1
CUST_30485,16.89,0.2520352849398916,0.4509808170591655,1303442992.43,3,1,328513626.0,3,1,1,0.5860042220316141,1
CUST_29734,16.77,0.1145236855804268,0.365650942556111,2504264585.5,2,1,286797610.0,5,1,0,0.3045850495420461,0
CUST_08789,11.49,0.0888888888888888,0.1480014388485618,1407915540.0,3,1,125148048.0,3,1,0,0.3496391865588842,0
CUST_06141,13.35,0.2631578947368421,0.3819977409747586,594453228.0,2,1,156435060.0,5,1,1,0.5466483583873184,1
CUST_04431,13.98,0.1481481481481481,0.3015447336106913,844749324.0,2,0,125148048.0,0,1,0,0.4612473452614914,0
CUST_18795,14.11,0.12,0.1894373055842645,260725100.0,2,0,31287012.0,4,1,0,0.48007056362377876,0
CUST_06405,10.99,0.573394495412844,0.7795662629498302,1136761436.0,3,1,651812750.0,3,1,1,0.868411968365946,1
CUST_02176,13.43,0.4354838709677419,0.5605817202223302,808247810.0,2,1,351978885.0,4,1,1,0.7023176515449738,1
CUST_22362,14.65,0.21875,0.4403796094766294,834320320.0,2,0,182507570.0,2,1,1,0.525478267084549,1
CUST_30851,10.99,0.2622950819672131,0.5262114971463744,1590423110.0,3,0,417160160.0,3,1,1,0.6212189846465463,1
CUST_06395,12.99,0.1875,0.3120387664981595,834320320.0,2,0,156435060.0,3,1,0,0.49723824380161624,0
CUST_14406,12.29,0.4711538461538461,0.5337100189329337,813462312.0,2,1,383265897.0,3,1,1,0.7290303852108247,1
CUST_07765,12.61,0.2413793103448276,0.4123786970258574,756102790.0,2,0,182507570.0,5,1,1,0.5415606085863744,1
CUST_27379,14.07,0.1817073170731707,0.3712497472455608,3206918730.0,1,0,582720598.5,1,1,0,0.4692863369494883,0
CUST_05606,15.05,0.1020408163265306,0.2764960897460783,1022042392.0,3,1,104290040.0,5,1,0,0.4031768859164953,0
CUST_15572,13.49,0.0560119492158327,0.1804146322594642,3491109089.0,3,0,195543825.0,4,1,0,0.11541478156111994,0
CUST_28482,12.87,0.4205310056373886,0.5925555717361306,573490929.9599999,2,0,241170717.5,4,1,1,0.6391934224496494,1
CUST_10379,8.94,0.4000640102416387,0.6289479366944102,651708459.9599999,2,1,260725100.0,5,1,1,0.6438298735892526,1
CUST_17638,19.29,0.3333333333333333,0.4043636079377543,782175300.0,2,1,260725100.0,0,1,1,0.6187463989207402,1
CUST_03003,15.62,0.1066666666666666,0.3626829305687203,782175300.0,2,0,83432032.0,3,1,0,0.42935102831418326,0
CUST_29270,5.42,0.1666666666666666,0.3034832563559965,469305180.0,3,1,78217530.0,0,1,0,0.4878505866462899,0
CUST_03860,9.96,0.1379310344827586,0.2534824605300755,756102790.0,2,1,104290040.0,5,1,0,0.4569769638865216,0
CUST_14027,13.49,0.0113636363636363,0.2839032825506848,2294380880.0,3,0,26072510.0,4,1,0,0.14397841845934053,0
CUST_01173,9.99,0.12,0.3454859194315056,651812750.0,3,1,78217530.0,1,1,0,0.45031451555487073,0
CUST_20800,13.49,0.131578947368421,0.365910657944632,990755380.0,2,1,130362550.0,0,1,0,0.4369999474238117,0
CUST_26880,8.49,0.3191489361702128,0.5463045116304504,1225407970.0,2,1,391087650.0,3,1,1,0.6644664481606396,1
CUST_03276,6.91,0.2,0.3305086910567911,469305180.0,2,1,93861036.0,1,1,1,0.504805329390963,1
CUST_25659,16.89,0.2291825821237585,0.353188568704204,1706445779.5,3,1,391087650.0,5,1,1,0.5709714474510927,1
CUST_24549,16.02,0.1851851851851851,0.3225710435433887,1407915540.0,2,0,260725100.0,3,1,0,0.4918074550645911,0
CUST_00540,10.25,0.4009433962264151,0.5320033063760872,1381843030.0,2,1,554040837.5,5,1,1,0.7791233394261697,1
CUST_17841,17.19,0.015432098765432,0.3105528862684121,16894986480.0,3,0,260725100.0,0,1,0,2.682877425076001e-06,0
CUST_09727,14.96,0.2819672131147541,0.417112389380779,795211555.0,2,0,224223586.0,0,1,1,0.5781520208223304,1
CUST_31407,10.99,0.1893939393939394,0.2598219119969531,344157132.0,2,0,65181274.99999999,3,1,0,0.49956731753561145,0
CUST_10724,20.89,0.0625,0.2322447993371525,1668640640.0,3,1,104290040.0,4,1,0,0.28363884614647156,0
CUST_06224,10.62,0.2083333333333333,0.3757125819142085,750888288.0,2,1,156435060.0,1,1,1,0.514467637123037,1
CUST_08327,15.21,0.1372549019607843,0.2752702262426312,1329698010.0,3,1,182507570.0,5,1,0,0.42377555383329163,0
CUST_20249,10.99,0.3529827038475114,0.4135269382157874,886361049.9599999,3,1,312870120.0,0,1,1,0.6511837735388054,1
CUST_18020,10.62,0.1329787234042553,0.3974192573852398,4901631880.0,2,1,651812750.0,3,1,0,0.22729482991065564,0
CUST_18798,7.29,0.0625,0.2267783409193784,500592191.9999999,2,1,31287012.0,0,1,0,0.4309577062813778,0
CUST_08558,13.57,0.5,0.6347299249959939,417160160.0,2,1,208580080.0,1,1,1,0.6363875632291582,1
CUST_15810,10.99,0.1927710843373494,0.4060251388438931,2164018330.0,2,1,417160160.0,0,1,1,0.5052011196915495,1
CUST_07346,7.49,0.1075268817204301,0.2009953712352492,1212371715.0,3,1,130362550.0,5,1,0,0.3925866697979207,0
CUST_00422,10.99,0.3636363636363636,0.6435132276575614,1720785660.0,2,1,625740240.0,4,1,1,0.7843848522652945,1
CUST_07035,15.27,0.4195193985769902,0.6308687201007367,388428253.98,2,1,162953187.5,4,1,1,0.5952286591514122,1
CUST_14712,7.49,0.375,0.6202477786647312,1042900400.0,2,1,391087650.0,0,1,1,0.697211699876414,1
CUST_14581,7.66,0.0512820512820512,0.2461716932986269,1016827890.0,2,1,52145020.0,1,1,0,0.3511395091740251,0
CUST_10785,10.99,0.2941176470588235,0.5489980186717831,886465340.0,2,0,260725100.0,2,1,1,0.5982222859692885,1
CUST_00600,10.25,0.4444444444444444,0.6573852843213405,1173262950.0,2,1,521450199.9999999,0,1,1,0.7844159949311018,1
CUST_17890,10.65,0.4,0.6579392696406641,1955438250.0,2,1,782175300.0,0,1,1,0.8551798980232841,1
CUST_26380,12.99,0.4708333333333333,0.5299208789978274,782175300.0,2,0,368274203.75,5,1,1,0.7212269792560451,1
CUST_21507,16.49,0.238095238095238,0.4991586637461134,657027252.0,2,0,156435060.0,5,1,1,0.5338076578281291,1
CUST_17838,11.12,0.325,0.4619792513040418,260725100.0,1,1,84735657.5,0,1,1,0.5379244029370717,1
CUST_02297,7.51,0.0336538461538461,0.3148336854735883,813462312.0,3,1,27376135.5,3,1,0,0.3650750150866419,0
CUST_32523,6.99,0.3125,0.4685435059709099,1251480480.0,2,1,391087650.0,5,1,1,0.659646791784826,1
CUST_00594,6.99,0.473664266767715,0.7711510548931885,1100885662.24,2,1,521450199.9999999,4,1,1,0.7943566112996866,1
CUST_00757,14.91,0.3179650238473768,0.4326082543969954,1639960879.0,2,1,521450199.9999999,5,1,1,0.7121789220046103,1
CUST_10419,9.88,0.3787878787878788,0.478886137006746,688314264.0,2,1,260725100.0,0,1,1,0.6368645974532285,1
CUST_15411,15.58,0.254220052877771,0.5371428866266035,1538382380.04,2,1,391087650.0,4,1,1,0.6046012365294846,1
CUST_31234,11.14,0.3076923076923077,0.5694413772636584,1016827890.0,2,1,312870120.0,5,1,1,0.6263176078747503,1
CUST_00050,6.62,0.3369726378218088,0.5214249806375094,2321183420.28,2,1,782175300.0,3,1,1,0.8136086251656943,1
CUST_04274,10.99,0.075,0.3344063454154465,1564350600.0,2,1,117326295.0,1,1,0,0.3135033922980531,0
CUST_01989,9.91,0.0265654648956356,0.2695838832285512,2061031915.5,2,1,54752271.0,5,1,0,0.18763069263810478,0
CUST_11915,8.59,0.4074074074074074,0.6310970652577504,703957770.0,2,1,286797610.0,3,1,1,0.6596881344621348,1
CUST_21915,7.51,0.0759532128209023,0.1521847216343052,2059623999.96,2,1,156435060.0,1,1,0,0.2643604371204931,0
CUST_29262,10.99,0.1576576576576576,0.434529351979746,463047777.6,1,1,73003028.0,5,1,0,0.4834942763409111,0
CUST_04973,14.59,0.1388888888888889,0.2070850103064461,938610360.0,2,1,130362550.0,3,1,0,0.4476270624142295,0
CUST_27505,14.59,0.2155172413793103,0.2795902196158121,1814646696.0,2,1,391087650.0,0,1,1,0.548947025547529,1
CUST_18025,12.18,0.1329787234042553,0.2235269889059511,4901631880.0,2,1,651812750.0,1,1,0,0.22729482991065578,0
CUST_01997,10.65,0.4666666666666667,0.5634597052759166,782175300.0,2,1,365015140.0,5,1,1,0.7183769437112855,1
CUST_32338,10.99,0.08,0.3379087627055953,391087650.0,2,1,31287012.0,0,1,0,0.453269496999282,0
CUST_19360,14.26,0.1785714285714285,0.4088639844038116,438018168.0,2,0,78217530.0,1,1,0,0.4943109880965423,0
CUST_07273,10.99,0.3611111111111111,0.5479123829767266,469305180.0,2,1,169471315.0,5,1,1,0.5859051125012199,1
CUST_01769,7.51,0.1111111111111111,0.2502982060006481,469305180.0,2,1,52145020.0,3,1,0,0.45967383754388214,0
CUST_31900,18.39,0.1429738562091503,0.3928786235093868,6382550448.0,3,1,912537850.0,5,1,0,0.21136121590560691,0
CUST_15955,13.11,0.3472222222222222,0.4354258726363278,187722072.0,2,1,65181274.99999999,4,1,1,0.5318369259340668,1
CUST_01257,10.0,0.3333333333333333,0.5941934718901927,1251480480.0,2,1,417160160.0,2,1,1,0.6845516531819547,1
CUST_25516,11.26,0.1739130434782608,0.4078758094149299,1799003190.0,2,1,312870120.0,2,1,0,0.46759463529406764,0
CUST_14283,15.7,0.3232062055591467,0.5444409891229287,2016708648.5,3,0,651812750.0,5,1,1,0.7613242671738236,1
CUST_28802,13.11,0.2162162162162162,0.4232765465397656,1929365740.0,2,0,417160160.0,2,1,1,0.553465231143346,1
CUST_12004,13.16,0.1937716262975778,0.3609787349981159,1506991078.0,2,1,292012112.0,3,1,1,0.5052563584388265,1
CUST_31352,16.0,0.1061946902654867,0.3285557933527145,2946193630.0,2,0,312870120.0,4,1,0,0.2539521706965163,0
CUST_07068,13.85,0.1346153846153846,0.2479124236821322,1355770520.0,2,1,182507570.0,5,1,0,0.41852408488806003,0
CUST_02370,11.71,0.078125,0.1392385433978948,834320320.0,3,1,65181274.99999999,0,1,0,0.39969956764198267,0
CUST_12264,10.39,0.3515144413849669,0.5896039067306607,890063346.38,2,1,312870120.0,3,1,1,0.6504886345178222,1
CUST_30196,15.62,0.1818181818181818,0.4573596773891789,860392830.0,2,1,156435060.0,3,1,0,0.4918534800982355,0
CUST_05919,5.79,0.2828282828282828,0.4378355374090027,516235697.9999999,2,1,146006056.0,3,1,1,0.5514531437578672,1
CUST_15743,15.31,0.1689189189189189,0.3051237163600968,3858731480.0,3,0,651812750.0,3,1,0,0.410481189274542,0
CUST_17065,10.99,0.1347826086956521,0.2287529448155832,1199335460.0,2,1,161649562.0,3,1,0,0.427998237178585,0
CUST_00905,10.99,0.3653846153846153,0.5088107461514787,1355770520.0,2,1,495377689.9999999,5,1,1,0.7364789689604573,1
CUST_00908,10.99,0.3518518518518518,0.6455399443495347,1407915540.0,2,0,495377689.9999999,3,1,1,0.7280326449651012,1
CUST_02509,11.86,0.1666666666666666,0.3406237629111277,469305180.0,2,1,78217530.0,0,1,0,0.48785058664629044,0
CUST_28226,18.64,0.0975609756097561,0.2165870100118689,1068972910.0,2,0,104290040.0,4,1,0,0.39388262964276227,0
CUST_13918,10.99,0.2325581395348837,0.4013758749491524,2242235860.0,3,1,521450199.9999999,0,1,1,0.6006979197458796,1
CUST_14094,17.51,0.1686746987951807,0.2392029881286297,2164018330.0,2,0,365015140.0,2,1,0,0.44885652473690796,0
CUST_01291,17.15,0.279842588543944,0.4261687181111618,1490695759.25,2,1,417160160.0,1,1,1,0.6404051163559579,1
CUST_30074,14.84,0.0847457627118644,0.3223017743644745,1538278090.0,2,0,130362550.0,0,1,0,0.3305441458784383,0
CUST_00537,10.99,0.4516279860579784,0.5812343984222822,1226763740.52,2,1,554040837.5,4,1,1,0.8003839371930679,1
CUST_06117,15.2,0.0476190476190476,0.1111796363078404,1095045420.0,3,0,52145020.0,2,1,0,0.336560530268281,0
CUST_09330,7.14,0.1272727272727272,0.3766314141261312,1433988050.0,3,1,182507570.0,1,1,0,0.4028845117152522,0
CUST_17985,11.36,0.5102040816326531,0.5656542541162982,1277552990.0,2,1,651812750.0,3,1,1,0.8545402622775267,1
CUST_01772,13.3,0.1111111111111111,0.353624913071741,469305180.0,2,1,52145020.0,2,1,0,0.4596738375438825,0
CUST_00052,18.62,0.3846153846153846,0.5118112752366406,2033655780.0,2,0,782175300.0,3,1,1,0.8469910975712805,1
CUST_18694,15.57,0.3,0.4963205695687948,1407915540.0,2,1,422374662.0,3,1,1,0.6610838391237454,1
CUST_08954,15.21,0.1818181818181818,0.3988190496147601,1147190440.0,2,1,208580080.0,2,1,0,0.48913872100797523,0
CUST_05061,7.66,0.1075268817204301,0.1806425478889673,969897372.0,3,1,104290040.0,3,1,0,0.41358571245733755,0
CUST_00976,13.57,0.4090909090909091,0.4911125071542552,1147190440.0,2,0,469305180.0,2,1,1,0.7478227103318863,1
CUST_03691,10.25,0.238095238095238,0.4992943680951835,438018168.0,2,1,104290040.0,0,1,1,0.5225575573196977,1
CUST_18777,6.91,0.2272727272727272,0.4685569652708431,688314264.0,3,1,156435060.0,5,1,1,0.5273693874780635,1
CUST_11519,15.99,0.0898550724637681,0.219095809649048,1799003190.0,3,1,161649562.0,1,1,0,0.31313894793294234,0
CUST_04879,9.91,0.15625,0.407168893760072,834320320.0,2,1,130362550.0,0,1,0,0.46901583004928155,0
CUST_18286,13.67,0.3188405797101449,0.4558565813964741,1799003190.0,2,0,573595220.0,3,1,1,0.7311926677023014,1
CUST_14893,6.91,0.3125,0.5370138303139662,1251480480.0,2,1,391087650.0,2,1,1,0.6596467917848259,1
CUST_10673,12.99,0.3125,0.4799956827308668,834320320.0,2,0,260725100.0,4,1,1,0.6085323200797461,1
CUST_32145,16.07,0.1666666666666666,0.3645858250230031,625740240.0,2,1,104290040.0,5,1,0,0.48380326173119237,0
CUST_01522,15.62,0.0466666666666666,0.3376162977126216,782175300.0,2,0,36501514.0,5,1,0,0.3803679359433722,0
CUST_18649,7.88,0.3541666666666667,0.4677027601709002,1251480480.0,2,1,443232670.0,5,1,1,0.7084396181128968,1
CUST_04704,9.63,0.3722924187725632,0.4541304296242402,346660092.96,2,1,129058924.5,1,1,1,0.567871019495383,1
CUST_32333,7.9,0.3555555555555555,0.5252891893256382,1173262950.0,2,1,417160160.0,3,1,1,0.6983377032213396,1
CUST_09591,8.9,0.2766666666666666,0.4099463125705724,782175300.0,2,1,216401833.0,1,1,1,0.5724974880579476,1
CUST_08458,15.62,0.2850961538461538,0.494966230810873,1355770520.0,3,1,386524960.75,3,1,1,0.6354731897136285,1
CUST_22962,7.66,0.2580645161290322,0.5342656437297116,808247810.0,2,1,208580080.0,3,1,1,0.5588735797619171,1
CUST_19055,16.89,0.0169491525423728,0.2495209900501413,3076556180.0,2,1,52145020.0,0,1,0,0.08981969772600773,0
CUST_03287,15.99,0.12,0.3893529331004454,782175300.0,2,1,93861036.0,5,1,0,0.44046378922857954,0
CUST_10412,15.65,0.3187043691767345,0.503916805758079,1603433292.49,3,1,511021195.9999999,3,1,1,0.7090863500677501,1
CUST_00616,15.68,0.4545454545454545,0.6403677991264475,1147190440.0,2,1,521450199.9999999,2,1,1,0.7880365576215022,1
CUST_09784,17.58,0.3,0.3871494032378432,782175300.0,2,0,234652590.0,3,1,1,0.5917446013150319,1
CUST_02263,10.25,0.3513513513513513,0.4663875066755888,964682870.0,2,1,338942630.0,2,1,1,0.6620814265236412,1
CUST_04928,12.23,0.1470588235294117,0.1985102435737939,886465340.0,2,1,130362550.0,2,1,0,0.45830223682859667,0
CUST_06294,14.84,0.1818181818181818,0.3728707388125218,860392830.0,2,1,156435060.0,4,1,0,0.4918534800982355,0
CUST_20077,14.22,0.2424242424242424,0.4551953334501157,430196415.0,2,0,104290040.0,4,1,1,0.5241696652516933,1
CUST_26589,10.99,0.46875,0.5379961678513362,834320320.0,2,1,391087650.0,3,1,1,0.7323130379033204,1
CUST_00667,10.99,0.3333333333333333,0.5574701683948258,1564350600.0,2,1,521450199.9999999,2,1,1,0.7248127241956719,1
CUST_06284,15.57,0.1647058823529411,0.2402724775510984,1108081675.0,3,0,182507570.0,5,1,0,0.4689928998460903,0
CUST_06134,14.42,0.2777777777777778,0.3781595818375521,563166216.0,2,1,156435060.0,5,1,1,0.5530465827875054,1
CUST_27891,7.49,0.3541076487252124,0.531379556526203,220886304.72,2,1,78217530.0,0,1,1,0.5390809466222232,1
CUST_00037,18.39,0.625,0.9068988524237432,1251480480.0,2,1,782175300.0,2,1,1,0.9135244851317842,1
CUST_25056,7.51,0.4285714285714285,0.630671273844851,730030280.0,2,1,312870120.0,5,1,1,0.6799215878689439,1
CUST_13738,14.42,0.1865136298421807,0.4105364703846593,1817253947.0,2,0,338942630.0,5,1,0,0.4920421386673527,0
CUST_23872,18.25,0.39,0.6428695557847192,651812750.0,2,0,254206972.5,5,1,1,0.6373030647336844,1
CUST_04258,15.21,0.2279411764705882,0.4016239542382916,886465340.0,3,1,202061952.5,0,1,1,0.5358643456971601,1
CUST_22483,11.99,0.25,0.5413375835958849,750888288.0,2,1,187722072.0,2,1,1,0.5482357615438045,1
CUST_18078,14.09,0.3125,0.4088302427443719,2085800800.0,2,0,651812750.0,4,1,1,0.7507970347921099,1
CUST_30706,16.89,0.1081081081081081,0.3779057270692645,1929365740.0,2,1,208580080.0,2,1,0,0.33409831286321323,0
CUST_07207,14.84,0.219298245614035,0.3361542171378346,743066535.0,2,1,162953187.5,1,1,1,0.5231363141946853,1
CUST_32184,18.39,0.3393665158371041,0.4671294516824184,2304809884.0,3,1,782175300.0,5,1,1,0.8156514837008814,1
CUST_23674,17.56,0.1956521739130435,0.4715934315626761,1199335460.0,2,0,234652590.0,3,1,1,0.5066278485270724,1
CUST_00102,14.42,0.0538451792727733,0.3387517935186495,5762129000.04,3,0,310262869.0,3,1,0,0.03181294451824788,0
CUST_19590,14.96,0.0578592092574734,0.237041336174454,1351859643.5,2,0,78217530.0,5,1,0,0.3147946517486445,0
CUST_02860,14.59,0.0526315789473684,0.1761653377228459,1486133070.0,2,1,78217530.0,1,1,0,0.2913702355141211,0
CUST_18247,10.99,0.3076923076923077,0.5494807882351755,2033655780.0,2,1,625740240.0,0,1,1,0.737478271410741,1
CUST_29279,18.78,0.5729166666666666,0.6883345754430622,1001184384.0,2,0,573595220.0,5,1,1,0.8402194764955544,1
CUST_25776,16.0,0.0777777777777777,0.1485108210025854,938610360.0,2,1,73003028.0,4,1,0,0.3872302427855035,0
CUST_27281,14.84,0.0752118644067796,0.230752435872922,3076556180.0,3,1,231393526.25,3,1,0,0.17673457570341677,0
CUST_28957,10.99,0.4143258426966292,0.5298513901172476,835363220.4,2,0,346112570.25,0,1,1,0.692220174265188,1
CUST_06765,10.65,0.3888888888888889,0.661589494876038,469305180.0,2,1,182507570.0,1,1,1,0.5995491655797502,1
CUST_01786,11.71,0.0925925925925925,0.2043642530782738,563166216.0,2,1,52145020.0,3,1,0,0.44048194314647626,0
CUST_32336,13.99,0.0185185185185185,0.1438804093767577,1407915540.0,2,1,26072510.0,3,1,0,0.2591847628846485,0
CUST_05746,15.23,0.3,0.45139658757118,469305180.0,2,1,140791554.0,3,1,1,0.5554483308239623,1
CUST_05373,10.99,0.1809742803610969,0.4076260700115292,1224573649.68,2,1,221616335.0,0,1,0,0.4872867866507113,0
CUST_09780,7.51,0.3336298932384341,0.4001753449641558,703332029.76,2,1,234652590.0,0,1,1,0.607382921372635,1
CUST_09185,8.59,0.2777777777777778,0.4963232332662918,469305180.0,2,1,130362550.0,2,1,1,0.5442563485192279,1
CUST_14282,14.96,0.0549450549450549,0.2256895180293397,2372598410.0,3,1,130362550.0,3,1,0,0.19860063679275344,0
CUST_08716,12.73,0.2758620689655172,0.4633170843809931,756102790.0,2,1,208580080.0,2,1,1,0.569466653044174,1
CUST_25085,6.54,0.3636363636363636,0.4774550218523931,860392830.0,2,1,312870120.0,2,1,1,0.6560413432477685,1
CUST_10506,10.99,0.3225806451612903,0.5076788591376871,808247810.0,2,1,260725100.0,0,1,1,0.6136518624214574,1
CUST_16820,7.88,0.2708333333333333,0.4990168074696616,1251480480.0,2,1,338942630.0,5,1,1,0.6072157055682066,1
CUST_04672,13.11,0.2227272727272727,0.4201502245856128,1147190440.0,2,1,255510598.0,5,1,1,0.5399236882924657,1
CUST_01823,11.71,0.0666666666666666,0.2416046985738638,782175300.0,2,1,52145020.0,2,1,0,0.3964790170823844,0
CUST_09177,14.22,0.2976190476190476,0.5955456172131725,438018168.0,2,0,130362550.0,2,1,1,0.5506605823308457,1
CUST_02171,8.88,0.2314814814814814,0.3745475619240871,281583108.0,2,1,65181274.99999999,0,1,1,0.5124898144846601,1
CUST_00688,10.65,0.3076923076923077,0.4945691308808516,1694713150.0,2,1,521450199.9999999,5,1,1,0.70281780934015,1
CUST_03382,15.31,0.3166666666666666,0.4065403936075386,782175300.0,3,1,247688845.0,4,1,1,0.605325855889398,1
CUST_03695,10.99,0.2222222222222222,0.5131308852014166,469305180.0,2,1,104290040.0,3,1,1,0.516104759690474,1
CUST_00077,9.91,0.3181818181818182,0.6102093282055187,2294380880.0,2,1,730030280.0,4,1,1,0.7806877437664977,1
CUST_17455,13.99,0.1785714285714285,0.4767394950957364,219009084.0,2,1,39108765.0,2,1,0,0.49715540198028524,0
CUST_02214,10.99,0.3450520833333333,0.3954448070871438,1001184384.0,2,1,345460757.5,4,1,1,0.6616570110795168,1
CUST_14816,15.37,0.3846153846153846,0.556835512317747,1016827890.0,2,1,391087650.0,5,1,1,0.7017399295820845,1
CUST_32162,16.29,0.1366438356164383,0.3894591384863178,1903293230.0,2,0,260073287.25,0,1,0,0.39057544017856055,0
CUST_22474,7.49,0.3956043956043956,0.6203173243875137,474519682.0,2,1,187722072.0,4,1,1,0.6039350218925291,1
CUST_00888,13.57,0.0833333333333333,0.2284574653084638,312870120.0,2,1,26072510.0,0,1,0,0.46370063391927197,0
CUST_14904,11.48,0.3125,0.5170484562419031,1251480480.0,2,1,391087650.0,0,1,1,0.6596467917848262,1
CUST_00216,15.95,0.352112676056338,0.5002085779888763,1851148210.0,2,0,651812750.0,2,1,1,0.7852865116490912,1
CUST_11980,13.61,0.1666666666666666,0.2192495062275738,1877220720.0,3,0,312870120.0,4,1,0,0.4515453252475686,0
CUST_00162,10.99,0.4166666666666667,0.5814755838630393,1564350600.0,2,1,651812750.0,0,1,1,0.8225476362067904,1
CUST_26931,11.36,0.3125,0.5084658018163811,1251480480.0,2,1,391087650.0,0,1,1,0.6596467917848262,1
CUST_07941,14.96,0.1555555555555555,0.4452808418342175,1173262950.0,2,0,182507570.0,0,1,0,0.4556066249002725,0
CUST_20711,16.35,0.4222222222222222,0.6401282071154716,938610360.0,3,0,396302152.0,3,1,1,0.7196713992451951,1
CUST_21980,16.49,0.1777777777777777,0.3266182690881911,1173262950.0,3,0,208580080.0,1,1,0,0.48375727285313874,0
CUST_03650,15.96,0.1342105263157894,0.3762068131211803,743066535.0,2,1,99727350.75,4,1,0,0.4547413821713053,0
CUST_16109,16.35,0.0925925925925925,0.2991115831430619,1407915540.0,2,1,130362550.0,2,1,0,0.35479776274763875,0
CUST_11427,14.11,0.1851851851851851,0.4260703122687089,1407915540.0,2,1,260725100.0,3,1,0,0.4918074550645909,0
CUST_06797,15.31,0.3409090909090909,0.3992200580045856,1147190440.0,3,1,391087650.0,2,1,1,0.6787183106920087,1
CUST_13543,6.0,0.1712328767123287,0.3547630307174368,1903293230.0,2,1,325906375.0,3,1,0,0.4602226274923066,0
CUST_00675,13.87,0.3333333333333333,0.5039618380880998,1564350600.0,2,1,521450199.9999999,0,1,1,0.724812724195672,1
CUST_05913,11.58,0.2788284356512462,0.4041409016835836,1075334602.44,3,1,299833865.0,3,1,1,0.6014684108464062,1
CUST_16372,10.99,0.250400641025641,0.3424124033321939,520615879.6799999,2,1,130362550.0,2,1,1,0.5337226185251992,1
CUST_12211,11.48,0.4,0.4785852122508718,782175300.0,2,1,312870120.0,0,1,1,0.6704735926814077,1
CUST_10415,16.02,0.3787878787878788,0.4458677061921556,688314264.0,2,1,260725100.0,0,1,1,0.636864597453229,1
CUST_15753,11.48,0.4402777777777777,0.5241763053084191,938610360.0,2,1,413249283.5,0,1,1,0.7342539482092827,1
CUST_16077,13.22,0.4652605459057072,0.7602783742247291,840577722.4,2,1,391087650.0,0,1,1,0.7312983354498337,1
CUST_14640,8.0,0.0454545454545454,0.3401244772956454,1147190440.0,2,1,52145020.0,0,1,0,0.3270092210249326,0
CUST_02013,10.37,0.358974358974359,0.6493436399525971,1016827890.0,2,1,365015140.0,5,1,1,0.6775528888402227,1
CUST_28278,10.99,0.2178649237472767,0.3575247553915042,2393456418.0,3,0,521450199.9999999,5,1,1,0.570387266496681,1
CUST_24299,10.99,0.065625,0.2026463179033206,1668640640.0,2,0,109504542.0,2,1,0,0.28825525074793795,0
CUST_01188,13.11,0.3317094423320659,0.544997046161555,1316557464.96,2,0,436714542.5,5,1,1,0.691211049467938,1
CUST_19245,14.61,0.3869047619047619,0.5702779609816202,876036336.0,2,1,338942630.0,5,1,1,0.6782684822883899,1
CUST_17754,9.99,0.1521739130434782,0.3889139049464424,1199335460.0,3,1,182507570.0,3,1,0,0.4502689332476984,0
CUST_01110,9.91,0.436875,0.551987832181727,1042900400.0,2,1,455617112.25,2,1,1,0.7528462436971463,1
CUST_01281,12.69,0.3047619047619048,0.3770634890357482,1368806775.0,2,1,417160160.0,5,1,1,0.6632544125838522,1
CUST_00030,12.84,0.3512160856967249,0.522023887511943,296939816.39,0,0,104290040.0,2,1,1,0.5515299751385387,1
CUST_21126,15.23,0.0847457627118644,0.1471376995929834,1538278090.0,2,1,130362550.0,3,1,0,0.3305441458784383,0
CUST_25108,16.32,0.0405405405405405,0.3340009776902546,1929365740.0,3,1,78217530.0,2,1,0,0.22184453285105926,0
CUST_09179,12.53,0.2222222222222222,0.4724319823317277,1407915540.0,3,1,312870120.0,3,1,1,0.548181030321504,1
CUST_21437,5.79,0.1790123456790123,0.3975021950767449,844749324.0,2,1,151220558.0,1,1,0,0.489433179091072,0
CUST_31948,15.99,0.1842105263157894,0.4082551896968777,990755380.0,2,1,182507570.0,3,1,0,0.4931880354415052,0
CUST_02970,17.93,0.2051282051282051,0.300981366442315,406731156.0,2,1,83432032.0,4,1,1,0.5064253643262007,1
CUST_18325,13.11,0.5063291139240507,0.7667490579200739,1029864145.0,2,1,521450199.9999999,3,1,1,0.803776807950857,1
CUST_18181,15.37,0.1798354146285319,0.3662688491196442,3624496050.16,2,0,651812750.0,4,1,0,0.4579880997028764,0
CUST_02814,6.99,0.1472701149425287,0.2305943274843625,907323348.0,3,1,133621613.75,3,1,0,0.45753213315671587,0
CUST_23963,9.32,0.3333333333333333,0.5339272001510678,782175300.0,2,1,260725100.0,3,1,1,0.6187463989207396,1
CUST_30174,15.99,0.3205128205128205,0.3957535449344662,488077387.2,2,1,156435060.0,4,1,1,0.5683269306306837,1
CUST_20081,14.96,0.3359375,0.4893174778731817,834320320.0,3,0,280279482.5,3,1,1,0.6285341626736012,1
CUST_02348,13.16,0.0833333333333333,0.2197876753565692,782175300.0,2,0,65181274.99999999,2,1,0,0.4100803043701786,0
CUST_29394,7.9,0.351063829787234,0.4868242259817144,1225407970.0,2,1,430196415.0,3,1,1,0.7011615634910785,1
CUST_14358,10.36,0.3222222222222222,0.6154833231543176,1173262950.0,2,1,378051395.0,0,1,1,0.661463257278747,1
CUST_21016,13.99,0.0769230769230769,0.2654001037355281,1016827890.0,3,0,78217530.0,1,1,0,0.3773090828391518,0
CUST_18119,16.29,0.0245398773006134,0.3088850449169062,4249819130.0,2,1,104290040.0,4,1,0,0.044825216353877574,0
CUST_03634,14.35,0.1979166666666666,0.4520407759883496,500592191.9999999,2,0,99075538.0,3,1,1,0.503995271956561,1
CUST_24517,16.29,0.2768166089965398,0.3439011163507459,1506991078.0,3,1,417160160.0,5,1,1,0.6372987976302897,1
CUST_26201,13.98,0.041860465116279,0.3116436227131101,2242235860.0,3,1,93861036.0,3,1,0,0.19067621502765586,0
CUST_18296,18.64,0.2699966250421869,0.4089157411911038,2085826872.51,2,1,563166216.0,2,1,1,0.6722724470416935,1
CUST_26117,13.47,0.4177261169633127,0.7063605777116929,861331440.3599999,2,0,359800638.0,4,1,1,0.7002343853449609,1
CUST_29565,12.73,0.3611111111111111,0.5789531341068868,938610360.0,2,0,338942630.0,5,1,1,0.6668840168597855,1
CUST_10442,15.27,0.3333333333333333,0.4755372851265491,782175300.0,2,0,260725100.0,1,1,1,0.6187463989207399,1
CUST_30699,16.29,0.125,0.3523604695527752,1460060560.0,3,0,182507570.0,3,1,0,0.3977132435889133,0
CUST_17360,8.07,0.6,0.8531589056453162,521450199.9999999,2,1,312870120.0,5,1,1,0.716211462404767,1
CUST_16705,16.89,0.144927536231884,0.433326433865547,899501595.0,2,0,130362550.0,3,1,0,0.4556294621975051,0
CUST_16742,15.58,0.5681818181818182,0.8465467155176345,1147190440.0,3,0,651812750.0,3,1,1,0.8674241823543235,1
CUST_15226,15.7,0.3,0.5516489578471215,1303625500.0,2,0,391087650.0,1,1,1,0.6499084804520884,1
CUST_24848,16.82,0.4142502071251036,0.6130509674113269,1573475978.5,3,1,651812750.0,5,1,1,0.8214444500715785,1
CUST_09170,11.58,0.3101736972704714,0.5038925543639589,420288861.2,2,1,130362550.0,0,1,1,0.5542823452033911,1
CUST_09302,10.99,0.1851851851851851,0.4848181660516161,703957770.0,2,0,130362550.0,4,1,0,0.4959034525626182,0
CUST_06798,16.45,0.2916666666666667,0.5634079912052783,625740240.0,2,0,182507570.0,4,1,1,0.5681570815880987,1
CUST_01272,10.99,0.3265306122448979,0.458359444578305,1277552990.0,2,1,417160160.0,3,1,1,0.679881510457255,1
CUST_07688,16.0,0.25,0.445972520655443,1251480480.0,3,1,312870120.0,2,1,1,0.5799516582129582,1
CUST_09063,9.91,0.1481481481481481,0.3570154786414,1407915540.0,2,1,208580080.0,1,1,0,0.43564145455068964,0
CUST_11106,15.62,0.0606060606060606,0.2823797647357716,1720785660.0,3,0,104290040.0,3,1,0,0.2749669488839104,0
CUST_01221,7.9,0.4336043360433604,0.6369957981181407,962075619.0,2,1,417160160.0,4,1,1,0.7337794538863106,1
CUST_14673,13.06,0.0760217320791436,0.3197029969172204,2572209546.56,3,0,195543825.0,2,1,0,0.21799887271324703,0
CUST_13577,12.42,0.4,0.6600490737168486,834320320.0,2,1,333728128.0,1,1,1,0.6808504792245443,1
CUST_04910,9.25,0.1470761266031297,0.2888033974291233,886361049.9599999,2,1,130362550.0,0,1,0,0.45832362891244616,0
CUST_07250,14.42,0.278,0.5275172452124367,651812750.0,2,0,181203944.5,5,1,1,0.5614728688175669,1
CUST_18267,11.36,0.5153508771929824,0.8128332035494065,1188906456.0,2,1,612703985.0,0,1,1,0.842152757016594,1
CUST_01931,15.37,0.0344851369059935,0.2342247144926413,1512101289.96,2,1,52145020.0,5,1,0,0.2643962509240099,0
CUST_10760,10.36,0.2941176470588235,0.4334414674871838,886465340.0,2,1,260725100.0,2,1,1,0.5982222859692884,1
CUST_25102,11.58,0.3428669390554016,0.5783681747286499,912511777.49,2,1,312870120.0,5,1,1,0.6462601173596875,1
CUST_04054,10.99,0.0625039064941558,0.2423681847174127,1668536349.96,2,0,104290040.0,1,1,0,0.2836563546225299,0
CUST_22837,17.27,0.4106463878326996,0.4670796602697922,1371414026.0,3,1,563166216.0,0,1,1,0.7873036824824727,1
CUST_09525,16.29,0.2134927412467976,0.3546306613900903,1465483642.08,3,0,312870120.0,3,1,1,0.5363755295506203,1
CUST_20216,12.61,0.101010101010101,0.2161607653284073,1032471396.0,2,1,104290040.0,0,1,0,0.4011052238769698,0
CUST_19083,7.88,0.3783783783783784,0.571868379545012,964682870.0,2,1,365015140.0,3,1,1,0.6868926979370115,1
CUST_00008,11.11,0.443284867521151,0.624889318496242,2058581099.56,2,1,912537850.0,5,1,1,0.9051533370101424,1
CUST_02250,13.11,0.4333333333333333,0.6379389650487075,782175300.0,2,0,338942630.0,4,1,1,0.6949525802634191,1
CUST_22932,18.25,0.2758620689655172,0.5465998066797954,756102790.0,2,1,208580080.0,2,1,1,0.5694666530441743,1
CUST_28284,13.06,0.3989361702127659,0.5415527567578134,980326376.0,2,0,391087650.0,2,1,1,0.7080135006694631,1
CUST_12341,11.71,0.3129890453834116,0.4642044405115652,999620033.4,2,1,312870120.0,5,1,1,0.6296391299696139,1
CUST_27094,14.74,0.2155149190202691,0.3969519655061326,2419555000.51,3,0,521450199.9999999,5,1,1,0.5650954304580056,1
CUST_15951,7.75,0.675,0.8460693174600542,208580080.0,2,1,140791554.0,4,1,1,0.607812776771097,1
CUST_18194,19.42,0.15,0.4113969381385237,3858731480.0,2,1,578809722.0,2,1,0,0.33659338500060176,0
CUST_00007,12.42,0.4539559014267185,0.7328598666878988,2010190521.0,2,1,912537850.0,2,1,1,0.9085306331963708,1
CUST_29150,15.99,0.3333333333333333,0.5362166312480113,2346525900.0,2,0,782175300.0,0,1,1,0.8104124145596623,1
CUST_29769,16.32,0.1193548387096774,0.2625063832201669,808247810.0,2,1,96468287.0,5,1,0,0.43794239071138796,0
CUST_20973,16.35,0.1136363636363636,0.1946864464692046,1147190440.0,2,0,130362550.0,1,1,0,0.40550053938741476,0
CUST_11595,6.54,0.0886615515771526,0.1667162211321327,1529152711.5,3,1,135577052.0,5,1,0,0.33724948560109885,0
CUST_02083,15.62,0.12,0.3318245366778597,521450199.9999999,2,1,62574023.99999999,3,1,0,0.46020435177729496,0
CUST_21135,10.99,0.2564102564102564,0.5118684904201326,1016827890.0,3,1,260725100.0,0,1,1,0.572082865079511,1
CUST_02002,13.49,0.4375,0.7075192106763889,834320320.0,2,1,365015140.0,3,1,1,0.7095792124137741,1
CUST_31645,16.95,0.3658536585365853,0.5563937497402807,1068972910.0,2,0,391087650.0,1,1,1,0.6926448329640721,1
CUST_23466,18.43,0.2524341868012982,0.4625335628541784,867588842.76,2,0,219009084.0,5,1,1,0.5579341311504882,1
CUST_21817,12.21,0.4666666666666667,0.5290692077152201,391087650.0,2,1,182507570.0,1,1,1,0.6149605831377927,1
CUST_00542,15.95,0.3794642857142857,0.4568716699437275,1460060560.0,2,0,554040837.5,4,1,1,0.7678016442194254,1
CUST_01236,8.9,0.3733432891543774,0.5094786982956542,1117363488.56,2,1,417160160.0,3,1,1,0.7079772619343578,1
CUST_30977,18.39,0.0303030303030303,0.2203902956088555,1720785660.0,3,1,52145020.0,1,1,0,0.2322475646785961,0
CUST_16977,5.99,0.4,0.5587286068668701,782175300.0,3,1,312870120.0,1,1,1,0.6704735926814074,1
CUST_00617,10.99,0.3931899500648763,0.515390299784737,1326204293.66,2,1,521450199.9999999,5,1,1,0.7622807342105032,1
CUST_08699,12.42,0.2758620689655172,0.4294641748032869,756102790.0,2,1,208580080.0,1,1,1,0.569466653044174,1
CUST_05745,15.99,0.3,0.4645762342402519,469305180.0,2,0,140791554.0,5,1,1,0.5554483308239623,1
CUST_27852,22.48,0.0625,0.3466852644492099,7508882880.0,3,0,469305180.0,4,1,0,0.015229533050703133,0
CUST_04099,14.84,0.0253164556962025,0.0954360495085526,4119456580.0,2,1,104290040.0,1,1,0,0.049669707267310244,0
CUST_10279,14.59,0.25,0.3492635373547198,1564350600.0,3,0,391087650.0,2,1,1,0.5994607375430181,1
CUST_00890,10.0,0.0728438228438228,0.3364895755830644,357923417.28,2,1,26072510.0,3,1,0,0.4544571705143653,0
CUST_11057,10.99,0.3333333333333333,0.5025365486304422,312870120.0,2,1,104290040.0,1,1,1,0.5482722483772192,1
CUST_00695,12.29,0.3389830508474576,0.5538559011262002,1538278090.0,2,1,521450199.9999999,2,1,1,0.7290885677632681,1
CUST_31343,14.09,0.2077922077922078,0.3960656398235341,2007583270.0,3,0,417160160.0,3,1,1,0.5374438134881168,1
CUST_06344,16.77,0.2,0.2776916193780457,782175300.0,2,1,156435060.0,3,1,1,0.5080084439754035,1
CUST_07983,11.71,0.5,0.5523145742278837,375444144.0,2,1,187722072.0,3,1,1,0.6233395483458811,1
CUST_10755,15.28,0.2941176470588235,0.535943038646903,886465340.0,2,0,260725100.0,5,1,1,0.5982222859692888,1
CUST_02317,10.99,0.3579857124633244,0.510251362154345,817529623.56,3,0,292663924.75,3,1,1,0.6441688313635381,1
CUST_23985,12.42,0.3125,0.5894297690341537,834320320.0,2,1,260725100.0,2,1,1,0.608532320079746,1
CUST_30675,9.76,0.1090988435522583,0.1861765455032729,1433883759.96,3,1,156435060.0,0,1,0,0.3760324368777982,0
CUST_13003,7.9,0.0549286711969742,0.2694823738557519,1661314264.69,3,1,91253785.0,5,1,0,0.27349665285699315,0
CUST_13303,16.0,0.0838423763324949,0.2297055937992573,870717543.9599999,2,1,73003028.0,0,1,0,0.4006218128797811,0
CUST_20026,10.99,0.0352941176470588,0.2902030276860703,2659396020.0,2,0,93861036.0,5,1,0,0.1430369875096358,0
CUST_21924,8.9,0.3378378378378378,0.5385899879121422,1157619444.0,3,1,391087650.0,2,1,1,0.6768364621058622,1
CUST_28697,12.36,0.4166666666666667,0.5758741759618423,450532972.8,2,1,187722072.0,2,1,1,0.6086656538973203,1
CUST_11431,14.11,0.1851851851851851,0.2698502042647787,1407915540.0,2,1,260725100.0,0,1,0,0.4918074550645909,0
CUST_01488,15.95,0.0307692307692307,0.1081558079345817,1016827890.0,2,1,31287012.0,3,1,0,0.3308212604331813,0
CUST_20448,14.96,0.1764705882352941,0.2948203474301137,886465340.0,3,0,156435060.0,4,1,0,0.48647060594443076,0
CUST_20792,6.91,0.136986301369863,0.4098211001926544,951646615.0,2,1,130362550.0,1,1,0,0.44496540510234345,0
CUST_00147,17.93,0.5319148936170213,0.662046337625575,1225407970.0,2,1,651812750.0,4,1,1,0.8598142369714941,1
CUST_01019,14.96,0.3050847457627119,0.5825854726456078,1538278090.0,2,0,469305180.0,1,1,1,0.6822012030932578,1
CUST_18482,10.99,0.1769911504424778,0.3050201143199335,2946193630.0,2,1,521450199.9999999,3,1,0,0.4567941838189341,0
CUST_25664,11.14,0.1948051948051948,0.4343754319999973,2007583270.0,3,1,391087650.0,2,1,1,0.5092508533021927,1
CUST_01650,14.42,0.0215010607189954,0.1672578270095736,1818922587.64,2,0,39108765.0,0,1,0,0.20861879348054554,0
CUST_00538,6.91,0.4161770466118292,0.6689433015236129,1331262360.6,2,1,554040837.5,4,1,1,0.7862312367458407,1
CUST_14692,10.99,0.3947368421052631,0.5688146609003291,990755380.0,2,0,391087650.0,2,1,1,0.7062289731173939,1
CUST_28176,14.65,0.087378640776699,0.2714966575837998,2685468530.0,2,0,234652590.0,2,1,0,0.23123138504682275,0
CUST_12900,17.9,0.3424657534246575,0.6392434698516858,1903293230.0,0,1,651812750.0,0,1,1,0.7779328601099695,1
CUST_17470,15.57,0.4020618556701031,0.689294075584051,1264516735.0,0,1,508413944.9999999,0,1,1,0.7612724142139876,1
CUST_02731,7.66,0.0588235294117647,0.1793659355350017,886465340.0,3,1,52145020.0,3,1,0,0.37605542687168053,0
CUST_26831,10.99,0.340105205877018,0.4379538272017744,1149901981.04,2,1,391087650.0,4,1,1,0.6782295850313443,1
CUST_22421,13.79,0.1794871794871795,0.4658311673779581,1016827890.0,2,0,182507570.0,0,1,0,0.4878045766072804,0
CUST_05907,11.36,0.1790322580645161,0.3059139473223188,808247810.0,2,1,144702430.5,5,1,0,0.48990708148092954,0
CUST_17631,11.49,0.110062893081761,0.1653757779171409,1658211636.0,3,1,182507570.0,3,1,0,0.35922710576112976,0
CUST_17825,15.33,0.3787878787878788,0.587428859481035,1720785660.0,2,1,651812750.0,2,1,1,0.8028895995032949,1
CUST_02271,14.26,0.325,0.4310283589475148,1042900400.0,2,1,338942630.0,3,1,1,0.6474748788744433,1
CUST_12352,11.11,0.3076923076923077,0.4538303165307296,1016827890.0,2,1,312870120.0,2,1,1,0.6263176078747503,1
CUST_13582,12.69,0.32,0.4998521456779386,1042900400.0,2,1,333728128.0,4,1,1,0.6422971423904305,1
CUST_28529,10.99,0.3511904761904761,0.6507972099107099,1095045420.0,2,1,384569522.5,5,1,1,0.6819416894316384,1
CUST_15949,7.4,0.35,0.439544576344306,208580080.0,2,1,73003028.0,3,1,1,0.5359879934163307,1
CUST_16804,15.65,0.2670906200317965,0.478600040688352,1639960879.0,2,1,438018168.0,5,1,1,0.6327969846050534,1
CUST_30031,15.62,0.2765208647561589,0.3299766356332663,829731558.2399999,2,1,229438088.0,5,1,1,0.5767095485350187,1
CUST_28452,17.99,0.34,0.4373505082932063,782175300.0,2,1,265939602.0,0,1,1,0.6240655061315039,1
CUST_08083,17.58,0.144,0.3729530860758973,1303625500.0,2,0,187722072.0,5,1,0,0.4345915537155134,0
CUST_16921,10.99,0.2033898305084746,0.3744390903924546,1538278090.0,0,0,312870120.0,1,1,1,0.5213906500664316,1
CUST_00763,13.85,0.3179650238473768,0.554968912812073,1639960879.0,2,1,521450199.9999999,5,1,1,0.7121789220046103,1
CUST_00208,10.36,0.3378378378378378,0.4302039223872254,1929365740.0,2,1,651812750.0,5,1,1,0.7741891685783674,1
CUST_13827,16.45,0.2310924369747899,0.460704995666269,1861577214.0,1,1,430196415.0,5,1,1,0.5810815143262569,1
CUST_29332,14.54,0.2735978112175102,0.5259757877466408,1905900481.0,2,0,521450199.9999999,5,1,1,0.6651352123566283,1
CUST_24785,15.33,0.1515518913676042,0.2046165010093275,1720368499.84,2,1,260725100.0,5,1,0,0.4277761147282506,0
CUST_32319,10.0,0.4385964912280701,0.5149997890162377,1188906456.0,2,1,521450199.9999999,0,1,1,0.7822222297779945,1
CUST_02339,15.68,0.0746268656716417,0.3281008301047732,873429085.0,2,0,65181274.99999999,2,1,0,0.3919721713105715,0
CUST_09368,14.61,0.0992779783393501,0.161286331488065,1444417054.0,3,1,143398805.0,5,1,0,0.3608561485199722,0
CUST_20087,12.69,0.2083333333333333,0.3773666392596102,500592191.9999999,2,1,104290040.0,3,1,1,0.5096465873801235,1
CUST_21510,16.29,0.2272727272727272,0.3345004710580408,688314264.0,2,0,156435060.0,3,1,1,0.5273693874780641,1
CUST_25751,14.96,0.1143518518518518,0.2444369583107904,2815831080.0,2,0,321995498.5,1,1,0,0.2828501337359304,0
CUST_09971,9.99,0.0847457627118644,0.2268136221446401,1538278090.0,3,1,130362550.0,1,1,0,0.330544145878438,0
CUST_09706,10.99,0.4722222222222222,0.7559405284785051,469305180.0,2,0,221616335.0,1,1,1,0.6394919647685131,1
CUST_00612,7.49,0.4,0.6576706218582005,1303625500.0,2,1,521450199.9999999,3,1,1,0.7656446678807154,1
CUST_07320,13.22,0.1911764705882352,0.4909783009878092,886465340.0,2,0,169471315.0,0,1,1,0.500598371137577,1
CUST_17248,10.99,0.1184210526315789,0.282677865538266,1981510760.0,3,0,234652590.0,3,1,0,0.3498401670899733,0
CUST_17892,6.62,0.375,0.5895581847104268,2085800800.0,2,1,782175300.0,3,1,1,0.8413237292251516,1
CUST_12208,10.62,0.4,0.4796302424556545,782175300.0,2,1,312870120.0,2,1,1,0.6704735926814077,1
CUST_01231,13.24,0.4705882352941176,0.691012693015649,886465340.0,2,1,417160160.0,2,1,1,0.7458035287734919,1
CUST_31909,11.99,0.3597222222222222,0.4955675260010346,1407915540.0,2,1,506458506.7499999,3,1,1,0.7374408482550998,1
CUST_28091,14.46,0.4563492063492063,0.6122180995278803,657027252.0,2,1,299833865.0,0,1,1,0.6807464526334791,1
CUST_25076,12.68,0.0202702702702702,0.0838949811216489,1929365740.0,3,1,39108765.0,4,1,0,0.1939536043220168,0
CUST_12274,10.99,0.1351351351351351,0.3298911934068873,1929365740.0,3,0,260725100.0,4,1,0,0.38612986686290673,0
CUST_00156,15.65,0.4545454545454545,0.5308860788880546,1433988050.0,2,0,651812750.0,2,1,1,0.8377271576536001,1
CUST_29248,15.58,0.3522149600580973,0.4955626463984668,1795092313.5,2,1,632258367.5,5,1,1,0.7787286056857445,1
CUST_09768,11.48,0.36,0.5892696451554171,651812750.0,2,1,234652590.0,5,1,1,0.6174860375691252,1
CUST_22735,17.88,0.2325581395348837,0.4760915413298241,1345341516.0,3,1,312870120.0,4,1,1,0.5609514530348416,1
CUST_17452,14.11,0.2135079353782649,0.4749813715498578,1465379352.04,2,0,312870120.0,5,1,1,0.5363969572950553,1
CUST_03265,12.23,0.3333333333333333,0.5693242881910308,281583108.0,2,0,93861036.0,4,1,1,0.5434707362585609,1
CUST_17101,12.42,0.0980392156862745,0.3026896783383467,1329698010.0,2,1,130362550.0,0,1,0,0.3697264811701762,0
CUST_19147,15.99,0.0798164222288735,0.2359569984933462,783974303.1899999,2,0,62574023.99999999,3,1,0,0.40698951544424755,0
CUST_25859,7.4,0.265,0.5089808818052253,260725100.0,2,1,69092151.5,3,1,1,0.5210276891335668,1
CUST_00954,17.56,0.3315529394666085,0.6223282308798515,1435135240.44,2,1,475823307.5,4,1,1,0.7062806101682381,1
CUST_24201,10.62,0.390625,0.4414634295604607,1668640640.0,3,1,651812750.0,3,1,1,0.8096190697733443,1
CUST_11913,7.51,0.5,0.5540996931275407,573595220.0,2,1,286797610.0,2,1,1,0.6834373629565968,1
CUST_28454,14.42,0.375037503750375,0.5195175641921661,1042796109.96,3,1,391087650.0,5,1,1,0.6972298901356685,1
CUST_15478,16.32,0.2307692307692307,0.4023020107759768,1694713150.0,2,0,391087650.0,4,1,1,0.5733444245055936,1
CUST_13914,13.92,0.2916666666666667,0.4997718350735072,1251480480.0,2,1,365015140.0,0,1,1,0.633827441731433,1
CUST_04336,13.85,0.3044871794871794,0.4728111144940871,406731156.0,2,1,123844422.5,0,1,1,0.5500637134006164,1
CUST_19370,16.4,0.15625,0.2549646939743271,500592191.9999999,2,0,78217530.0,5,1,0,0.4813942416637801,0
CUST_23834,5.79,0.1083333333333333,0.2536943493253549,1564350600.0,3,1,169471315.0,1,1,0,0.364081191206263,0
CUST_00653,7.9,0.3333333333333333,0.4320401536114669,1564350600.0,2,1,521450199.9999999,5,1,1,0.7248127241956718,1
CUST_18676,14.09,0.4187918791879187,0.557021050437463,1042796109.96,2,1,436714542.5,5,1,1,0.7372988720625155,1
CUST_26084,21.21,0.0902777777777777,0.1954248163740395,3754441440.0,2,1,338942630.0,2,1,0,0.1635029672778924,0
CUST_02793,15.95,0.2314814814814814,0.499774496422648,1351598918.4,2,0,312870120.0,3,1,1,0.5596777520220422,1
CUST_28752,16.77,0.0729166666666666,0.2921440731628819,500592191.9999999,3,0,36501514.0,3,1,0,0.4365107889591795,0
CUST_18079,11.86,0.3125,0.3746251187736958,2085800800.0,2,1,651812750.0,5,1,1,0.7507970347921096,1
CUST_20994,13.57,0.425,0.4925670990049349,521450199.9999999,2,1,221616335.0,0,1,1,0.6295008743621986,1
CUST_25927,17.93,0.25639147315215,0.3285228174143799,1779579170.05,3,0,456268925.0,5,1,1,0.6243403924899286,1
CUST_13246,13.67,0.4083333333333333,0.6400713181270131,782175300.0,2,0,319388247.5,1,1,1,0.6766874425903148,1
CUST_11914,8.9,0.4074074074074074,0.4755911678439874,703957770.0,2,1,286797610.0,3,1,1,0.6596881344621348,1
CUST_19347,10.99,0.2272727272727272,0.3279111401790909,344157132.0,2,1,78217530.0,5,1,1,0.5136949601020414,1
CUST_13500,22.11,0.2840909090909091,0.5331298202668104,1147190440.0,2,0,325906375.0,1,1,1,0.6142627971992761,1
CUST_00489,14.27,0.3214285714285714,0.5759280605029419,1825075700.0,2,1,586631475.0,3,1,1,0.7380126132953835,1
CUST_05465,15.95,0.0943396226415094,0.2716191071171631,1381843030.0,2,0,130362550.0,3,1,0,0.3597443193166318,0
CUST_19009,11.14,0.4933333333333333,0.647477713203411,782175300.0,2,1,385873148.0,0,1,1,0.7363074199523865,1
CUST_20635,17.19,0.46875,0.7413196388455349,542308208.0,2,0,254206972.5,5,1,1,0.6579458073240213,1
CUST_01230,11.83,0.4,0.607037727855675,1042900400.0,2,1,417160160.0,2,1,1,0.7205323487542039,1
CUST_16555,7.9,0.1707317073170731,0.2723302076441818,1068972910.0,3,1,182507570.0,1,1,0,0.47704738715767353,0
CUST_18815,17.56,0.0249500998003992,0.1143130389533667,1253983440.96,2,0,31287012.0,3,1,0,0.288964724841948,0
CUST_31059,13.24,0.1666666666666666,0.3099395995348346,1564350600.0,2,0,260725100.0,2,1,0,0.45958236318237566,0
CUST_11110,16.89,0.2340823970037453,0.5334161711831538,1113817627.2,2,0,260725100.0,2,1,1,0.5523619828186435,1
CUST_15939,13.35,0.2222222222222222,0.475882133122167,234652590.0,1,1,52145020.0,1,1,1,0.5080544694209829,1
CUST_01481,14.61,0.0352941176470588,0.3261468702345539,886465340.0,2,0,31287012.0,1,1,0,0.3550844256342291,0
CUST_13241,9.99,0.4253472222222222,0.487664079702052,750888288.0,2,1,319388247.5,5,1,1,0.6823169617589422,1
CUST_07704,10.99,0.2333333333333333,0.5141854269278122,782175300.0,2,1,182507570.0,0,1,1,0.536207775495646,1
CUST_11870,15.62,0.0845070422535211,0.3017767747213918,1851148210.0,3,1,156435060.0,3,1,0,0.29918572670085086,0
CUST_02030,16.49,0.1358024691358024,0.2637394432150104,422374662.0,2,1,57359522.0,5,1,0,0.47495328822037103,0
CUST_10357,7.51,0.4275879762261085,0.6649697351912189,609757791.37,2,1,260725100.0,0,1,1,0.6517378293012352,1
CUST_25024,15.31,0.267021179892737,0.3793662213955399,1147294730.04,2,0,306351992.5,2,1,1,0.5939681149996986,1
CUST_29318,15.33,0.3076733739462187,0.6058372712996191,1694817440.04,2,1,521450199.9999999,2,1,1,0.7027998116968476,1
CUST_12926,15.68,0.205456936226167,0.342832075663474,1903501810.08,3,0,391087650.0,3,1,1,0.5307119398633126,1
CUST_16979,14.42,0.2705444707473791,0.3499401118398766,770964120.6999999,2,1,208580080.0,5,1,1,0.5664536636195513,1
CUST_14205,9.62,0.3348837209302325,0.6240071019296684,1121117930.0,2,1,375444144.0,5,1,1,0.6685425508656592,1
CUST_28783,7.88,0.1041666666666666,0.3398642245965172,750888288.0,2,1,78217530.0,2,1,0,0.4301451556390495,0
CUST_12364,10.08,0.1013513513513513,0.2054623103750509,1929365740.0,3,1,195543825.0,2,1,0,0.3216430969634943,0
CUST_28576,12.09,0.3244412400865176,0.4102524855903744,867901712.88,2,1,281583108.0,3,1,1,0.623361328744473,1
CUST_30254,14.09,0.1224489795918367,0.2575392954208637,1277552990.0,2,0,156435060.0,2,1,0,0.4067883591398551,0
CUST_13800,15.05,0.4583333333333333,0.6883907987281664,782175300.0,2,0,358497012.5,3,1,1,0.7126240652310827,1
CUST_25289,16.35,0.076753039420361,0.1996394598945877,1698467591.44,3,0,130362550.0,5,1,0,0.3019397374732103,0
CUST_21265,12.69,0.2986111111111111,0.4967964352085494,469305180.0,2,1,140139741.25,1,1,1,0.5547503577081601,1
CUST_16088,12.87,0.3076923076923077,0.5401187418385727,677885260.0,2,0,208580080.0,5,1,1,0.5852348889517819,1
CUST_15966,12.68,0.3055555555555556,0.5372155812367179,563166216.0,2,1,172078566.0,3,1,1,0.5697465080640282,1
CUST_04486,10.99,0.1146131805157593,0.208457612947939,909930599.0,3,0,104290040.0,5,1,0,0.42565147125764086,0
CUST_29543,9.91,0.16,0.2952195895669488,391087650.0,2,1,62574023.99999999,2,1,0,0.48705017847898185,0
CUST_31820,10.99,0.0852514919011082,0.2631729142322602,3058305423.0,3,1,260725100.0,5,1,0,0.19839265447360804,0
CUST_09874,8.94,0.2490315439955727,0.508536951368643,942260511.4,2,1,234652590.0,2,1,1,0.5594463383476703,1
CUST_18196,14.46,0.1404494382022472,0.4212051147745787,4640906780.0,2,0,651812750.0,2,1,0,0.26732612749807494,0
CUST_23264,11.89,0.3663003663003663,0.5665194296908567,1423559046.0,3,1,521450199.9999999,2,1,1,0.7473988665983037,1
CUST_21305,7.29,0.0490196078431372,0.3235989027703989,1063758408.0,3,1,52145020.0,3,1,0,0.3423567217757721,0
CUST_31070,15.33,0.1838235294117647,0.4308742676168893,1418344544.0,2,0,260725100.0,5,1,0,0.48965401610284426,0
CUST_19356,13.85,0.1875,0.2797136572071281,417160160.0,2,0,78217530.0,2,1,0,0.49861911136828013,0
CUST_10030,13.57,0.3211805555555556,0.5092159663553195,750888288.0,2,1,241170717.5,3,1,1,0.604749480222736,1
CUST_09150,10.75,0.4045307443365696,0.6359252666080043,322256223.6,2,1,130362550.0,4,1,1,0.5741945640880953,1
CUST_23567,13.99,0.2586206896551724,0.4663377869692865,1512205580.0,3,0,391087650.0,5,1,1,0.609759722818972,1
CUST_24705,15.7,0.1515151515151515,0.3491660688239442,1720785660.0,2,1,260725100.0,3,1,0,0.42769174741817856,0
CUST_01504,15.05,0.2957704821058858,0.4501757581056773,705209250.4799999,0,0,208580080.0,5,1,1,0.5797446120866201,1
CUST_27274,20.11,0.211864406779661,0.3050478882168573,3076556180.0,3,0,651812750.0,0,1,1,0.5705947844118027,1
CUST_08560,16.29,0.4166666666666667,0.6537465363906901,500592191.9999999,2,0,208580080.0,1,1,1,0.6202914216670538,1
CUST_11323,10.91,0.4389815627743634,0.6969380607491847,1484829444.5,3,0,651812750.0,5,1,1,0.8319354564376571,1
CUST_12239,11.49,0.3692307692307692,0.6483693920992037,847356575.0,2,1,312870120.0,5,1,1,0.6584677101788395,1
CUST_22891,10.59,0.303030303030303,0.3930903818304499,688314264.0,2,1,208580080.0,0,1,1,0.5831417824187223,1
CUST_14304,16.69,0.04,0.1849865489041621,782175300.0,1,0,31287012.0,3,1,0,0.3750536953161202,0
CUST_07639,7.14,0.1041666666666666,0.1699820602219589,1251480480.0,3,1,130362550.0,5,1,0,0.3849086143164279,0
CUST_05239,8.9,0.3858695652173913,0.4907022398480214,599667730.0,2,1,231393526.25,2,1,1,0.6243008949768295,1
CUST_14429,12.84,0.5,0.7289054850962556,782175300.0,2,1,391087650.0,3,1,1,0.7406737794613514,1
CUST_22652,10.59,0.1967729240456513,0.3666450080954568,1325004958.2,3,1,260725100.0,0,1,1,0.508931523611162,1
CUST_05158,15.28,0.1525423728813559,0.4081611509742234,1538278090.0,2,1,234652590.0,1,1,0,0.43695464151529567,0
CUST_05425,15.62,0.1020408163265306,0.2577681946232732,1277552990.0,2,0,130362550.0,2,1,0,0.37982131090499255,0
CUST_22598,9.76,0.375,0.5831978172230249,521450199.9999999,2,1,195543825.0,5,1,1,0.6027717638681419,1
CUST_17349,15.28,0.1417374172607826,0.3180598542770171,1839493798.03,3,1,260725100.0,5,1,0,0.403872589358074,0
CUST_09053,13.99,0.1538461538461538,0.3733732308987869,1355770520.0,2,0,208580080.0,2,1,0,0.44626171944898685,0
CUST_21543,16.49,0.2369668246445497,0.4110836091078749,1100259922.0,3,0,260725100.0,5,1,1,0.5551300550015288,1
CUST_14146,10.99,0.5864583333333333,0.8095430631654055,625740240.0,2,1,366970578.25,4,1,1,0.7453861884755594,1
CUST_29164,15.31,0.1096491228070175,0.2128166615807749,5944532280.0,3,1,651812750.0,1,1,0,0.11053158931513356,0
CUST_05336,15.05,0.2833333333333333,0.417212379028187,782175300.0,2,0,221616335.0,1,1,1,0.5780217910868487,1
CUST_15147,10.99,0.0789639924194567,0.3591963761190475,495273399.96,2,0,39108765.0,5,1,0,0.4403761268925226,0
CUST_19120,12.68,0.2,0.3441360333954174,312870120.0,2,0,62574023.99999999,0,1,1,0.5032036077248915,1
CUST_20972,20.17,0.1136363636363636,0.2000074168072656,1147190440.0,2,1,130362550.0,0,1,0,0.40550053938741504,0
CUST_15965,11.86,0.3431372549019608,0.4212058668736926,106375840.8,2,1,36501514.0,2,1,1,0.5175870715965772,1
CUST_28287,11.11,0.0857142857142857,0.2543272122422269,912537850.0,2,1,78217530.0,0,1,0,0.397757355066865,0
CUST_01499,12.73,0.1354166666666666,0.3023828323657755,250296096.0,2,1,33894263.0,2,1,0,0.48504485795320207,0
CUST_17276,10.74,0.2777777777777778,0.4120722274530585,375444144.0,2,1,104290040.0,3,1,1,0.5354384545957089,1
CUST_31251,14.12,0.125,0.2361473631645172,625740240.0,2,1,78217530.0,1,1,0,0.4556522996813371,0
CUST_23202,10.99,0.2688172043010752,0.4557052299925798,484948686.0,2,0,130362550.0,5,1,1,0.541048599736096,1
CUST_19246,13.48,0.325,0.4527680341866935,1042900400.0,2,1,338942630.0,4,1,1,0.6474748788744433,1
CUST_08848,12.73,0.2222222222222222,0.4011528926936545,938610360.0,2,0,208580080.0,0,1,1,0.5321761381454353,1
CUST_04936,14.59,0.1470588235294117,0.3403412697492323,886465340.0,2,1,130362550.0,0,1,0,0.45830223682859683,0
CUST_24674,6.54,0.217391304347826,0.3372761584318395,1799003190.0,3,1,391087650.0,2,1,1,0.552145265541009,1
CUST_10238,20.62,0.1777777777777777,0.2731975210566842,1407915540.0,2,0,250296096.0,0,1,0,0.4805117443210453,0
CUST_10857,15.95,0.109375,0.3721599915119666,1668640640.0,3,1,182507570.0,3,1,0,0.3572460961640133,0
CUST_17693,10.99,0.2697922599598309,0.5152345085882086,869752861.0899999,2,1,234652590.0,5,1,1,0.5741548068681144,1
CUST_15328,14.83,0.2727272727272727,0.5381216371567968,1433988050.0,2,0,391087650.0,3,1,1,0.6250239512286837,1
CUST_16187,17.27,0.1130434782608695,0.2435247154436034,1199335460.0,2,0,135577052.0,0,1,0,0.40057459177009497,0
CUST_06071,12.99,0.0428571428571428,0.1793585339885681,1095045420.0,3,0,46930518.0,3,1,0,0.33153086417535066,0
CUST_00957,10.74,0.3645,0.4145379092097677,1303625500.0,2,1,475171494.75,4,1,1,0.7277463753732515,1
CUST_03851,16.45,0.4212106359514765,0.5812364495907856,851111016.4399999,3,0,358497012.5,4,1,1,0.7008201089655173,1
CUST_26791,11.48,0.3658536585365853,0.4871888780286418,1068972910.0,2,1,391087650.0,5,1,1,0.6926448329640719,1
CUST_20119,6.76,0.0371471025260029,0.1804549370455149,842246363.04,3,1,31287012.0,1,1,0,0.36349449871826267,0
CUST_21616,15.7,0.1874765654293213,0.3499872677064047,834424610.04,2,1,156435060.0,1,1,0,0.4972167026375863,0
CUST_14594,14.84,0.0512820512820512,0.2150691382461518,1016827890.0,2,0,52145020.0,3,1,0,0.3511395091740256,0
CUST_01617,8.49,0.0384615384615384,0.2458731123608362,1016827890.0,2,1,39108765.0,2,1,0,0.33837181641887143,0
CUST_00382,14.96,0.432688018556517,0.6238996019343055,1461233822.95,2,1,632258367.5,5,1,1,0.8226076934712052,1
CUST_28354,19.42,0.2,0.3059909115427003,782175300.0,2,0,156435060.0,5,1,1,0.5080084439754037,1
CUST_05820,14.74,0.2053464755077658,0.4361728110792037,698326107.8399999,2,1,143398805.0,3,1,1,0.5111958167243413,1
CUST_31774,10.99,0.217391304347826,0.3267689055206213,1799003190.0,2,1,391087650.0,3,1,1,0.5521452655410093,1
CUST_10802,15.27,0.2777777777777778,0.3823050891200419,938610360.0,2,1,260725100.0,4,1,1,0.5878246351506778,1
CUST_24956,13.99,0.1416824794433902,0.2638680758005523,2061031915.5,2,1,292012112.0,5,1,0,0.3925186072330052,0
CUST_16492,14.65,0.1944444444444444,0.3706898503749295,1877220720.0,3,1,365015140.0,2,1,1,0.5079163926777671,1
CUST_06092,11.11,0.1742647058823529,0.2247672502076434,886465340.0,2,1,154479621.75,1,1,0,0.48435275320533255,0
CUST_23563,11.14,0.375,0.6423272841826734,625740240.0,2,1,234652590.0,2,1,1,0.6225611124256916,1
CUST_15896,17.26,0.0988142292490118,0.249429145700511,6596345030.0,3,1,651812750.0,1,1,0,0.06761800540150668,0
CUST_19368,6.03,0.1660026560424966,0.4022013027720941,471182400.72,2,1,78217530.0,3,1,0,0.4874630700932965,0
CUST_02272,17.58,0.0769230769230769,0.3646438220954084,813462312.0,3,0,62574023.99999999,1,1,0,0.4011229185304077,0
CUST_07741,10.99,0.1646090534979424,0.2627549788324824,1267123986.0,3,1,208580080.0,2,1,0,0.4644241299364938,0
CUST_20528,10.99,0.0842105263157894,0.1428071498954466,1486133070.0,2,0,125148048.0,3,1,0,0.3350903302475864,0
CUST_07330,17.49,0.1805555555555555,0.476613977894619,938610360.0,2,0,169471315.0,3,1,0,0.48982886154195804,0
CUST_24898,11.99,0.3635301372975429,0.645031047985778,803267960.5899999,2,1,292012112.0,2,1,1,0.6462192895592525,1
CUST_22194,12.84,0.34,0.3961635668099232,521450199.9999999,2,1,177293068.0,0,1,1,0.5836787676246397,1
CUST_23888,12.53,0.4629629629629629,0.6400700757668939,563166216.0,2,1,260725100.0,3,1,1,0.6604235043486777,1
CUST_14062,14.54,0.1336898395721925,0.3152688998866133,1950223748.0,3,1,260725100.0,5,1,0,0.3820530587891299,0
CUST_03245,14.72,0.0546875,0.1132692859573957,1668640640.0,2,0,91253785.0,3,1,0,0.2722955447264833,0
CUST_00568,6.17,0.3246247338077183,0.4143557889993546,501974035.03,3,1,162953187.5,3,1,1,0.57243886549075,1
CUST_02445,7.51,0.1037037037037037,0.3982108555582411,703957770.0,2,1,73003028.0,5,1,0,0.4341120600132461,0
CUST_23038,14.91,0.2051282051282051,0.408113481671498,1016827890.0,2,0,208580080.0,5,1,1,0.5160587699917468,1
CUST_29566,10.99,0.3385416666666667,0.5005679787077213,1001184384.0,2,1,338942630.0,5,1,1,0.6553014366312802,1
CUST_06274,13.8,0.1923076923076923,0.3964736688057243,813462312.0,2,1,156435060.0,3,1,1,0.5015465760610859,1
CUST_17939,14.42,0.6770833333333334,0.9373229673512484,312870120.0,1,0,211839143.75,2,1,1,0.6592643335252129,1
CUST_08586,13.98,0.3637024913620658,0.465343937886411,573490929.9599999,2,0,208580080.0,1,1,1,0.606006045442428,1
CUST_00771,15.05,0.2630125456984298,0.3865570448954866,1982605805.42,2,0,521450199.9999999,1,1,1,0.6508749715951803,1
CUST_09832,15.65,0.3,0.4295883839247058,782175300.0,2,0,234652590.0,3,1,1,0.5917446013150318,1
CUST_03113,10.99,0.2025462962962963,0.4423474725380891,450532972.8,2,0,91253785.0,2,1,1,0.5058565244649599,1
CUST_12336,10.75,0.3157562361856647,0.415852743181286,990859670.04,2,1,312870120.0,2,1,1,0.6313254087998594,1
CUST_16434,15.21,0.2153846153846154,0.4115354715446186,338942630.0,2,1,73003028.0,1,1,1,0.5091220378093355,1
CUST_23875,7.51,0.3362068965517241,0.4748824030497326,756102790.0,2,1,254206972.5,0,1,1,0.617159822073031,1
CUST_00903,11.99,0.4042553191489361,0.4886380238911668,1225407970.0,2,1,495377689.9999999,5,1,1,0.7568444950764167,1
CUST_11665,18.25,0.1705029838022165,0.3065418343814608,1529152711.5,2,1,260725100.0,5,1,0,0.4668132120970579,0
CUST_30584,14.11,0.2580645161290322,0.3656859670870828,808247810.0,2,1,208580080.0,5,1,1,0.5588735797619176,1
CUST_22992,7.9,0.2352941176470588,0.3015049221599827,886465340.0,2,1,208580080.0,5,1,1,0.5428859434573475,1
CUST_31930,6.03,0.2166666666666666,0.3362634234712091,156435060.0,1,1,33894263.0,4,1,1,0.5044279238030237,1
CUST_24771,12.8,0.3623188405797101,0.5278105849131698,1799003190.0,3,0,651812750.0,1,1,1,0.7924616151890949,1
CUST_31905,10.62,0.0916730328495034,0.1962944326361125,6825783118.0,3,1,625740240.0,5,1,0,0.05085974084353674,0
CUST_00438,12.92,0.321285140562249,0.4529807205770699,1947616497.0,2,1,625740240.0,0,1,1,0.7510071139164062,1
CUST_03958,17.58,0.0909090909090909,0.2672746393813626,1147190440.0,2,1,104290040.0,3,1,0,0.37856438241509843,0
CUST_06877,12.61,0.1363636363636363,0.2925195703571437,1147190440.0,3,1,156435060.0,5,1,0,0.43301780500203835,0
CUST_22054,14.96,0.2108636977058029,0.4647307894241008,772789196.4,2,1,162953187.5,3,1,1,0.5170068645775789,1
CUST_04232,14.84,0.1320887636491722,0.2673017502682777,888238270.68,2,1,117326295.0,2,1,0,0.4439445231577895,0
CUST_01209,12.42,0.3457446808510638,0.5531998669967335,1225407970.0,2,1,423678287.5,0,1,1,0.695206222750689,1
CUST_18323,14.74,0.665086263663901,0.723559224598452,791874273.7199999,2,0,526664701.9999999,0,1,1,0.8360754204823917,1
CUST_17768,14.22,0.3792580333747069,0.5394095764551651,756207080.04,2,0,286797610.0,0,1,1,0.6499307737168313,1
CUST_05098,15.23,0.1136363636363636,0.3601301720616294,1147190440.0,2,1,130362550.0,2,1,0,0.40550053938741476,0
CUST_29128,10.99,0.0341997264021887,0.117148996566616,15247203848.0,3,0,521450199.9999999,5,1,0,3.24204399651426e-05,0
CUST_06124,9.88,0.3125,0.5464291020137619,500592191.9999999,2,1,156435060.0,0,1,1,0.5657884139705817,1
CUST_13134,20.89,0.09375,0.1466669663306175,2002368768.0,3,1,187722072.0,2,1,0,0.30143734338527545,0
CUST_16260,15.95,0.0785826546649521,0.1830091898221574,729925989.9599999,2,1,57359522.0,2,1,0,0.41232113309846,0
CUST_29203,17.04,0.1146381446962662,0.1973006511209543,4548662239.62,2,1,521450199.9999999,4,1,0,0.1828346764854019,0
CUST_01088,17.19,0.243598615916955,0.4497649109760564,1883738847.5,2,0,458876176.0,5,1,1,0.6066512712064064,1
CUST_08354,10.99,0.1442307692307692,0.3976537767487126,1355770520.0,2,0,195543825.0,1,1,0,0.432339875833284,0
CUST_09155,6.91,0.3472222222222222,0.518650652768865,375444144.0,2,1,130362550.0,4,1,1,0.5634167376210972,1
CUST_12332,6.17,0.315781163653588,0.5792025929193936,990781452.51,2,1,312870120.0,3,1,1,0.6313404504875179,1
CUST_16772,10.36,0.3378378378378378,0.4142341493809426,1929365740.0,2,1,651812750.0,5,1,1,0.7741891685783674,1
CUST_18006,10.99,0.4166666666666667,0.6877272492903428,1564350600.0,2,1,651812750.0,4,1,1,0.8225476362067904,1
CUST_26548,12.61,0.1905062210134931,0.4152520814902208,1984456953.63,2,1,378051395.0,1,1,0,0.4998977401809867,0
CUST_00106,5.42,0.1587301587301587,0.2122896647568607,328513626.0,3,1,52145020.0,0,1,0,0.4886694625814531,0
CUST_00861,17.99,0.1351351351351351,0.1979119434122031,3858731480.0,2,1,521450199.9999999,3,1,0,0.28348920240305975,0
CUST_05586,7.49,0.072463768115942,0.2170221024833999,1799003190.0,2,1,130362550.0,0,1,0,0.284725003470033,0
CUST_17428,16.45,0.2000320051208193,0.3854592382433296,651708459.9599999,2,1,130362550.0,5,1,1,0.5066954156814635,1
CUST_00662,11.12,0.3703703703703703,0.479136141424788,1407915540.0,2,1,521450199.9999999,0,1,1,0.7498312328390597,1
CUST_21895,11.71,0.1008403361344537,0.1604801437948186,1551314345.0,2,1,156435060.0,5,1,0,0.35355538807132797,0
CUST_14820,12.92,0.3846153846153846,0.6392523255631595,1016827890.0,2,1,391087650.0,1,1,1,0.7017399295820843,1
CUST_24593,15.99,0.1025641025641025,0.3291965553094059,1016827890.0,2,0,104290040.0,4,1,0,0.4042140185726784,0
CUST_26129,14.96,0.0952380952380952,0.2190603035570363,2190090840.0,3,1,208580080.0,3,1,0,0.2879984465320492,0
CUST_18054,10.75,0.3246753246753247,0.5364928604472883,2007583270.0,2,1,651812750.0,0,1,1,0.762691591706259,1
CUST_21469,10.99,0.3333333333333333,0.5053331841199387,469305180.0,2,1,156435060.0,4,1,1,0.5721279449764355,1
CUST_00699,10.83,0.3389600705036946,0.442103819678144,1538382380.04,2,1,521450199.9999999,3,1,1,0.7290715477965531,1
CUST_13614,8.9,0.2126151665485471,0.4239302906743273,1839415580.5,3,1,391087650.0,5,1,1,0.5438749678198096,1
CUST_09013,15.58,0.1388888888888889,0.3531918587349194,1407915540.0,3,1,195543825.0,5,1,0,0.42179855391164667,0
CUST_00751,10.99,0.2777777777777778,0.3438423085390668,1877220720.0,2,0,521450199.9999999,3,1,1,0.6703922161409385,1
CUST_00407,16.29,0.5337603416066187,0.726559003384462,1172324339.64,2,0,625740240.0,2,1,1,0.8512651605934836,1
CUST_23201,13.11,0.2828694274722788,0.4211243900824914,460857686.76,2,0,130362550.0,2,1,1,0.5459870245235383,1
CUST_16104,12.92,0.1818181818181818,0.2399456541004439,1147190440.0,2,1,208580080.0,5,1,0,0.4891387210079751,0
CUST_23591,15.7,0.2040816326530612,0.2556619961448033,1533063588.0,3,1,312870120.0,5,1,1,0.5224656693155778,1
CUST_21529,17.99,0.2,0.3137153778955498,782175300.0,2,1,156435060.0,1,1,1,0.5080084439754035,1
CUST_24699,14.83,0.1515151515151515,0.209343689555456,1720785660.0,2,0,260725100.0,2,1,0,0.4276917474181785,0
CUST_02247,7.9,0.4642857142857143,0.6678507352020181,730030280.0,2,1,338942630.0,0,1,1,0.7040085697793228,1
CUST_23785,15.99,0.2857142857142857,0.479935935940907,876036336.0,2,0,250296096.0,0,1,1,0.5893939883663631,1
CUST_03894,13.72,0.2727272727272727,0.503245851348491,860392830.0,3,1,234652590.0,1,1,1,0.5760445665311209,1
CUST_27889,10.25,0.3303600925008259,0.5293487369465673,236764463.31,2,1,78217530.0,1,1,1,0.5358196151117768,1
CUST_14668,10.99,0.4164237528108603,0.5725315131118512,939157882.71,2,1,391087650.0,4,1,1,0.7149952678468435,1
CUST_16310,14.96,0.1470761266031297,0.1973282796751949,886361049.9599999,2,0,130362550.0,2,1,0,0.45832362891244666,0
CUST_25506,17.39,0.2465753424657534,0.3672118117337978,1903293230.0,3,0,469305180.0,3,1,1,0.613564541338615,1
CUST_13857,15.99,0.4844290657439446,0.7108651738891477,1883738847.5,3,1,912537850.0,5,1,1,0.9168503552713483,1
CUST_30737,9.62,0.0263157894736842,0.0929648089648213,1486133070.0,3,1,39108765.0,1,1,0,0.25763230398899883,0
CUST_30978,16.89,0.2325581395348837,0.3315570087392122,1121117930.0,2,0,260725100.0,5,1,1,0.5508701259264546,1
CUST_12317,10.99,0.375,0.5712857091503185,834320320.0,2,0,312870120.0,5,1,1,0.6608858084534069,1
CUST_19204,12.42,0.3104651162790697,0.5026663790375624,1121117930.0,2,1,348068008.5,5,1,1,0.6417343365442599,1
CUST_13571,11.46,0.1219571686423728,0.189790585132376,2137841529.96,3,1,260725100.0,0,1,0,0.3461834242247297,0
CUST_01192,14.18,0.2805949966193374,0.4923607730831481,1542449691.6,2,1,432803666.0,1,1,1,0.6461575269631186,1
CUST_07403,16.89,0.1577513265452459,0.3175431662013969,1090821673.38,2,1,172078566.0,5,1,0,0.4612909904791414,0
CUST_03638,14.84,0.1266497800293294,0.2277050000113305,782279590.04,2,1,99075538.0,3,1,0,0.44602205737840867,0
CUST_03565,16.77,0.0878048780487804,0.3212484318994412,1068972910.0,2,0,93861036.0,3,1,0,0.38314036361186876,0
CUST_28716,9.83,0.48,0.6189349288982297,651812750.0,2,1,312870120.0,2,1,1,0.6938194813404484,1
CUST_19428,16.89,0.0892857142857142,0.2593419047310462,876036336.0,2,1,78217530.0,5,1,0,0.40500352434776216,0
CUST_31558,11.11,0.3147209221702201,0.6114520779729189,1203298481.52,2,1,378703207.75,0,1,1,0.6565217054679295,1
CUST_27592,17.93,0.173731884057971,0.2795712145829597,3598006380.0,3,1,625088427.25,2,1,0,0.4347657107841023,0
CUST_02781,14.74,0.2395209580838323,0.3010546288759824,1306232751.0,2,0,312870120.0,0,1,1,0.5688932610737552,1
CUST_04100,13.11,0.28,0.5542953927619411,391087650.0,2,0,109504542.0,3,1,1,0.5378466001296058,1
CUST_30794,16.49,0.2983870967741935,0.4299050344425071,808247810.0,2,1,241170717.5,1,1,1,0.5933671073588733,1
CUST_07043,10.99,0.3125,0.4539794688562192,521450199.9999999,2,0,162953187.5,2,1,1,0.5684958579056383,1
CUST_17358,12.69,0.1226415094339622,0.2255879112545568,2763686060.0,2,1,338942630.0,1,1,0,0.30708081301700535,0
CUST_17154,14.96,0.0530785562632696,0.3230219453682512,982412176.8,2,0,52145020.0,5,1,0,0.35764530325931715,0
CUST_00541,10.99,0.4817708333333333,0.735931330002157,500592191.9999999,1,1,241170717.5,2,1,1,0.6529645791041506,1
CUST_30544,16.0,0.2558333333333333,0.4843042527866308,782175300.0,2,0,200106514.25,1,1,1,0.5551232389662221,1
CUST_02173,7.88,0.1993620414673046,0.3532145658899693,326949275.4,2,1,65181274.99999999,1,1,1,0.5031216782210673,1
CUST_12533,12.42,0.2222222222222222,0.3461917224696659,1407915540.0,2,1,312870120.0,3,1,1,0.548181030321504,1
CUST_12204,13.72,0.4,0.6136274785550144,782175300.0,2,1,312870120.0,2,1,1,0.6704735926814078,1
CUST_17734,11.22,0.4544117647058823,0.7192816236579972,886465340.0,3,0,402820279.5,5,1,1,0.7338369979007568,1
CUST_10962,15.31,0.14,0.2883002423543632,782175300.0,2,0,109504542.0,4,1,0,0.45724197036700076,0
CUST_31205,8.94,0.3141361256544502,0.3869079412298318,995969882.0,2,1,312870120.0,4,1,1,0.6303421331176642,1
CUST_11101,16.32,0.238095238095238,0.3007658269585423,1095045420.0,2,0,260725100.0,5,1,1,0.5561937975016706,1
CUST_16443,18.62,0.3448275862068966,0.4124215555430601,756102790.0,1,1,260725100.0,2,1,1,0.6238149391296565,1
CUST_23183,13.35,0.3571428571428571,0.5684099626955915,365015140.0,2,1,130362550.0,0,1,1,0.5655350958318791,1
CUST_18508,14.91,0.0846883468834688,0.3186635231149307,307864198.08,2,1,26072510.0,5,1,0,0.46472934474955857,0
CUST_22410,10.99,0.1637755102040816,0.2503179887640417,1277552990.0,3,0,209231892.75,4,1,0,0.4629841301341405,0
CUST_31915,18.43,0.0480192076830732,0.2985642829190684,13031040498.0,1,0,625740240.0,5,1,0,0.00031790512865258793,0
CUST_28819,7.51,0.1497326203208556,0.4427147419797271,1462667811.0,2,1,219009084.0,5,1,0,0.4356369270987025,0
CUST_15128,18.64,0.0833333333333333,0.1552243858684732,469305180.0,2,1,39108765.0,1,1,0,0.4456703362875227,0
CUST_08314,14.96,0.1744186046511628,0.2866424775503612,1121117930.0,2,1,195543825.0,4,1,0,0.4804014462705059,0
CUST_26146,12.69,0.3111111111111111,0.3776652852124995,1173262950.0,2,1,365015140.0,0,1,1,0.648692645718515,1
CUST_01535,6.03,0.4166666666666667,0.5480310819752332,719601276.0,3,1,299833865.0,1,1,1,0.6694069328361598,1
CUST_04165,13.99,0.2556818181818182,0.5454502966003197,458876176.0,2,1,117326295.0,0,1,1,0.5323503289127082,1
CUST_28326,15.62,0.1833333333333333,0.3780075557294029,625740240.0,2,1,114719044.0,0,1,0,0.49510260462940414,0
CUST_16074,10.38,0.25,0.3966404480335048,469305180.0,2,1,117326295.0,0,1,1,0.5302045791991521,1
CUST_31444,16.0,0.144578313253012,0.2659467002964205,2164018330.0,0,0,312870120.0,2,1,0,0.3937947058042583,0
CUST_26120,13.57,0.2674418604651162,0.321996715686052,1345341516.0,2,0,359800638.0,4,1,1,0.6102853345911745,1
CUST_04052,11.12,0.0634920634920634,0.2891415809983331,1642568130.0,2,1,104290040.0,1,1,0,0.2880362088029525,0
CUST_05349,10.99,0.1282051282051282,0.2913434865971667,1016827890.0,3,1,130362550.0,1,1,0,0.4317073778814554,0
CUST_11446,10.65,0.217391304347826,0.304601194249491,1799003190.0,3,1,391087650.0,0,1,1,0.5521452655410093,1
CUST_00003,12.87,0.5729166666666666,0.8604693367939668,250296096.0,3,1,143398805.0,5,1,1,0.6022779124428363,1
CUST_16919,15.62,0.1875,0.3356433159054985,1668640640.0,3,0,312870120.0,3,1,0,0.4944766561159753,0
CUST_00989,13.79,0.36,0.6209004457847088,1303625500.0,2,1,469305180.0,4,1,1,0.7226776256611668,1
CUST_18108,17.26,0.0892857142857142,0.3654622490019531,4380181680.0,2,0,391087650.0,3,1,0,0.12749418473663177,0
CUST_09806,10.99,0.2678571428571428,0.3736126241793251,876036336.0,2,1,234652590.0,0,1,1,0.5728849739827905,1
CUST_00546,10.99,0.15625,0.4113186929435533,500592191.9999999,3,1,78217530.0,5,1,0,0.4813942416637797,0
CUST_28728,17.93,0.173731884057971,0.2879407591641055,3598006380.0,3,0,625088427.25,2,1,0,0.4347657107841023,0
CUST_31518,10.99,0.1138211382113821,0.1863204385398428,3206918730.0,2,1,365015140.0,2,1,0,0.25598069911232063,0
CUST_27934,16.29,0.0652173913043478,0.2744699675101819,1199335460.0,2,1,78217530.0,3,1,0,0.34258889985350766,0
CUST_12412,13.17,0.1006711409395973,0.2084144929128005,1942401995.0,3,1,195543825.0,3,1,0,0.31929753283653456,0
CUST_32540,10.38,0.1621621621621621,0.3435653855334922,3858731480.0,3,1,625740240.0,3,1,0,0.3834275671208798,0
CUST_13280,10.99,0.3578643578643579,0.4201075744274925,903412471.5,2,1,323299124.0,2,1,1,0.6582213012335373,1
CUST_00510,8.49,0.3157894736842105,0.4980005820290649,495377689.9999999,1,1,156435060.0,5,1,1,0.5668465566308054,1
CUST_16083,15.62,0.0830508474576271,0.3008372860166807,1538278090.0,3,1,127755299.0,0,1,0,0.32804736386181715,0
CUST_00673,11.14,0.3333333333333333,0.49823496264088,1564350600.0,2,1,521450199.9999999,0,1,1,0.7248127241956719,1
CUST_12103,9.91,0.2027027027027027,0.3681669904004443,1929365740.0,3,1,391087650.0,2,1,1,0.5253864306538827,1
CUST_00221,10.74,0.3184551105676144,0.4019062522340907,2046796325.04,2,1,651812750.0,4,1,1,0.7567777976792871,1
CUST_06659,14.59,0.1232032854209445,0.3713417310355497,1269731237.0,2,1,156435060.0,5,1,0,0.408348781397082,0
CUST_18702,10.99,0.5333333333333333,0.7170007903785233,782175300.0,2,1,417160160.0,3,1,1,0.7617906784042927,1
CUST_11070,13.8,0.238095238095238,0.305897831173575,1095045420.0,2,1,260725100.0,4,1,1,0.5561937975016705,1
CUST_10476,12.18,0.3333333333333333,0.4254788159649593,782175300.0,2,1,260725100.0,5,1,1,0.6187463989207398,1
CUST_15995,10.99,0.3333333333333333,0.5543183644245478,1173262950.0,2,1,391087650.0,3,1,1,0.6740029336091701,1
CUST_19210,17.58,0.4568965517241379,0.7124250845484049,756102790.0,2,1,345460757.5,1,1,1,0.7054070291032959,1
CUST_15220,19.13,0.1561686621551275,0.3633910792543128,2504264585.5,3,1,391087650.0,5,1,0,0.40772837356497366,0
CUST_07038,7.51,0.3255208333333333,0.4630751319508782,500592191.9999999,2,1,162953187.5,3,1,1,0.5727182805187438,1
CUST_26944,13.24,0.3409710856519367,0.4246647499389028,1146981859.92,2,1,391087650.0,0,1,1,0.678755888779416,1
CUST_00078,13.48,0.35,0.4226242260658174,312870120.0,1,0,109504542.0,0,1,1,0.5538656475344929,1
CUST_25967,10.0,0.3657142857142857,0.5402660033639661,912537850.0,2,1,333728128.0,2,1,1,0.6666467444927734,1
CUST_26828,11.86,0.3409090909090909,0.5544451606033124,1147190440.0,2,1,391087650.0,0,1,1,0.6787183106920086,1
CUST_16472,11.99,0.2011494252873563,0.2738017231069168,907323348.0,2,1,182507570.0,1,1,1,0.5104195663567616,1
CUST_21621,7.51,0.3426848213469798,0.4286244564109401,1141245907.72,3,1,391087650.0,5,1,1,0.6797883777349514,1
CUST_23774,7.14,0.3887269193391642,0.596657521291434,643886706.9599999,2,1,250296096.0,2,1,1,0.6348937250480814,1
CUST_02971,9.32,0.2,0.4527992247316732,417160160.0,2,1,83432032.0,3,1,1,0.5042714315044711,1
CUST_30429,19.03,0.4948979591836734,0.762116185748593,1277552990.0,1,0,632258367.5,5,1,1,0.8436812907225572,1
CUST_21622,16.29,0.3013698630136986,0.4317922731715106,1141975938.0,3,1,344157132.0,3,1,1,0.6338359895392787,1
CUST_25098,13.16,0.3529411764705882,0.407071971662076,886465340.0,2,0,312870120.0,5,1,1,0.6511642009433465,1
CUST_22537,15.27,0.0959595959595959,0.2577578350865314,1290589245.0,3,1,123844422.5,4,1,0,0.37067088514150526,0
CUST_14432,6.62,0.4807692307692308,0.7113463577777565,813462312.0,2,1,391087650.0,5,1,1,0.7356777703540285,1
CUST_00209,10.36,0.3333333333333333,0.4700199749597357,1955438250.0,2,1,651812750.0,3,1,1,0.7704009915180641,1
CUST_22246,15.27,0.1041666666666666,0.4006615213643857,1251480480.0,3,0,130362550.0,0,1,0,0.3849086143164283,0
CUST_32409,11.71,0.3138020833333333,0.3999507061137016,500592191.9999999,2,1,157086872.75,4,1,1,0.5664826057017993,1
CUST_14724,13.98,0.4287184177432263,0.4840734984135325,912224979.88,2,1,391087650.0,1,1,1,0.7195080818813199,1
CUST_23695,12.69,0.3219298245614035,0.4989533401118169,743066535.0,2,1,239215279.25,2,1,1,0.6042674767295246,1
CUST_16479,16.45,0.0952380952380952,0.377182345174974,2190090840.0,2,0,208580080.0,4,1,0,0.2879984465320493,0
CUST_19082,7.51,0.3888888888888889,0.5604519670474526,938610360.0,2,1,365015140.0,3,1,1,0.6915069671240871,1
CUST_05638,6.62,0.0641025641025641,0.3435873187963222,2033655780.0,2,1,130362550.0,1,1,0,0.24693624571326683,0
CUST_09181,10.37,0.2903600464576074,0.3512364246098776,448968622.2,2,1,130362550.0,3,1,1,0.5484208997999708,1
CUST_19080,14.27,0.4,0.557232446805122,912537850.0,2,0,365015140.0,0,1,1,0.6960833226835491,1
CUST_29359,10.83,0.4044444444444444,0.5759243695938197,1173262950.0,2,1,474519682.0,3,1,1,0.7480240427375915,1
CUST_13802,14.84,0.0416666666666666,0.276768999229492,2190090840.0,3,1,91253785.0,0,1,0,0.19562854515128758,0
CUST_00173,12.73,0.4034926322245356,0.5123224079660721,1615426647.09,2,1,651812750.0,5,1,1,0.81630387138103,1
CUST_19870,14.74,0.2391512305417862,0.3272066112536715,1199231169.96,2,0,286797610.0,5,1,1,0.562840020114923,1
CUST_23809,14.84,0.1299921166071219,0.3131474955462293,1554416973.69,3,0,202061952.5,4,1,0,0.3993495925043174,0
CUST_14521,13.8,0.0597014925373134,0.3222567997796839,873429085.0,2,1,52145020.0,1,1,0,0.3785860435304414,0
CUST_29237,15.7,0.2564102564102564,0.3424009805466959,406731156.0,1,0,104290040.0,2,1,1,0.5290028342788273,1
CUST_19333,10.65,0.1794871794871795,0.4335442944908108,406731156.0,2,1,73003028.0,1,1,0,0.49512101779896095,0
CUST_05170,15.7,0.0657894736842105,0.1544430078253149,990755380.0,3,1,65181274.99999999,0,1,0,0.36912601992120464,0
CUST_06445,10.99,0.1764705882352941,0.3740201568391711,886465340.0,2,1,156435060.0,0,1,0,0.48647060594443053,0
CUST_13006,10.99,0.5490196078431373,0.6590645511774965,1662122512.5,3,1,912537850.0,5,1,1,0.9297860737749044,1
CUST_23366,10.38,0.130718954248366,0.4300556783995285,1595637612.0,2,1,208580080.0,5,1,0,0.3979602456300898,0
CUST_20762,16.32,0.1470588235294117,0.259180919382756,886465340.0,2,1,130362550.0,2,1,0,0.458302236828597,0
CUST_28596,12.42,0.3157894736842105,0.493391130746928,990755380.0,2,1,312870120.0,3,1,1,0.6313454643266626,1
CUST_26834,7.88,0.3378378378378378,0.5926265855646137,1157619444.0,2,1,391087650.0,5,1,1,0.6768364621058622,1
CUST_06759,12.21,0.7,0.8982970977863444,260725100.0,2,1,182507570.0,1,1,1,0.6401284264191422,1
CUST_25804,10.99,0.0641025641025641,0.2953095469265283,2033655780.0,3,1,130362550.0,2,1,0,0.24693624571326706,0
CUST_14654,9.63,0.0918367346938775,0.2101450373363203,2555105980.0,3,1,234652590.0,1,1,0,0.250929322567241,0
CUST_01045,16.07,0.1166666666666666,0.3810771056775047,625740240.0,3,1,73003028.0,3,1,0,0.4500501948693525,0
CUST_06730,16.45,0.1111111111111111,0.2785823921673533,1407915540.0,2,1,156435060.0,1,1,0,0.38107985352964735,0
CUST_25265,11.36,0.3869969040247678,0.653935557271161,1684284146.0,3,1,651812750.0,5,1,1,0.8076188701271784,1
CUST_13257,10.99,0.3402777777777778,0.4341069275539926,938610360.0,2,1,319388247.5,0,1,1,0.647790004883457,1
CUST_28256,15.95,0.2723311546840958,0.5131925225149755,2393456418.0,3,1,651812750.0,5,1,1,0.7002889345475787,1
CUST_07340,12.86,0.3238341968911917,0.4576460174051307,1207678663.2,3,0,391087650.0,3,1,1,0.6677244225328541,1
CUST_00366,8.94,0.3048780487804878,0.5453319765654732,427589164.0,1,1,130362550.0,0,1,1,0.5527917066950351,1
CUST_00088,10.99,0.4,0.4595408507493889,1799003190.0,2,1,719601276.0,1,1,1,0.8366832494260924,1
CUST_21646,13.72,0.1690331304935767,0.4511109629700818,925469814.96,2,0,156435060.0,0,1,0,0.47842406649342467,0
CUST_02975,7.88,0.2068965517241379,0.3468780610152385,756102790.0,3,1,156435060.0,0,1,1,0.5133913821779911,1
CUST_06487,16.29,0.0795454545454545,0.2393199374185535,1147190440.0,3,1,91253785.0,3,1,0,0.36536099894126106,0
CUST_31365,10.74,0.0717948717948717,0.2404845648930296,2033655780.0,3,1,146006056.0,0,1,0,0.2597649529812062,0
CUST_15935,10.62,0.21875,0.3599642265220791,250296096.0,2,1,54752271.0,3,1,1,0.5076495091590644,1
CUST_27308,11.78,0.211864406779661,0.3983992040374799,3076556180.0,3,1,651812750.0,2,1,1,0.570594784411802,1
CUST_11580,11.89,0.1600102406554019,0.2203342937291658,1629427584.96,2,1,260725100.0,0,1,0,0.44626025967306693,0
CUST_07595,10.99,0.1300813008130081,0.1835250116541366,1282767492.0,2,1,166864064.0,5,1,0,0.41669707469485173,0
CUST_19353,7.51,0.1935483870967742,0.2607355083320499,404123905.0,2,1,78217530.0,5,1,1,0.5013118331464893,1
CUST_26912,11.99,0.3125,0.4657972883613617,1251480480.0,2,1,391087650.0,0,1,1,0.6596467917848262,1
CUST_29751,10.99,0.3541666666666667,0.4864696909943686,782175300.0,2,1,277020418.75,4,1,1,0.6352684507426591,1
CUST_14457,17.03,0.1578947368421052,0.2665652625894847,2476888450.0,3,1,391087650.0,1,1,0,0.4132017142998328,0
CUST_10714,18.64,0.140625,0.3341557289001802,1668640640.0,3,1,234652590.0,3,1,0,0.4106594475087694,0
CUST_29611,17.56,0.0789473684210526,0.3669926814339757,990755380.0,2,1,78217530.0,5,1,0,0.3823834843518552,0
CUST_03025,11.83,0.3657142857142857,0.5916971715245256,912537850.0,0,1,333728128.0,0,1,1,0.6666467444927735,1
CUST_10359,9.32,0.4219409282700422,0.7199204599071928,617918487.0,2,1,260725100.0,4,1,1,0.6502058637437308,1
CUST_04900,21.36,0.1515151515151515,0.2880493981606858,860392830.0,2,1,130362550.0,5,1,0,0.4636548395446926,0
CUST_22802,13.75,0.1374555160142348,0.2176149478743355,1465275062.0,2,1,201410139.75,2,1,0,0.4164531948601006,0
CUST_22842,15.99,0.33125,0.5960718593778506,625740240.0,2,1,207276454.5,5,1,1,0.5942908081686943,1
CUST_24740,16.49,0.1645413410119292,0.410069021216513,1584556795.25,2,0,260725100.0,5,1,0,0.4554387990777798,0
CUST_02616,16.29,0.2719197534594235,0.4465373188033203,862947935.9799999,3,0,234652590.0,3,1,1,0.5755289172076479,1
CUST_07460,17.27,0.1607142857142857,0.3479709776284981,1095045420.0,2,1,175989442.5,5,1,0,0.4646393825931209,0
CUST_00922,6.99,0.3418181818181818,0.6162043255753603,1433988050.0,2,1,490163187.9999999,3,1,1,0.7192031303747768,1
CUST_00013,7.9,0.3684210526315789,0.577020823366486,2476888450.0,2,1,912537850.0,4,1,1,0.8710445116173826,1
CUST_26196,16.4,0.1744186046511628,0.3747102670851403,2242235860.0,3,0,391087650.0,3,1,0,0.4608630231102097,0
CUST_08114,14.54,0.3230365435089845,0.3747725072255985,1291371420.3,3,0,417160160.0,3,1,1,0.6773915611952497,1
CUST_22117,12.53,0.0869565217391304,0.3401996204774411,1199335460.0,3,0,104290040.0,0,1,0,0.36848311047294535,0
CUST_01809,16.0,0.0833333333333333,0.3183971647116176,625740240.0,2,0,52145020.0,4,1,0,0.4277818988229776,0
CUST_13924,16.0,0.055813953488372,0.3335558305605402,2242235860.0,3,0,125148048.0,3,1,0,0.21249286429342734,0
CUST_18338,10.99,0.3846449726902069,0.4371774854663569,1355666229.96,2,0,521450199.9999999,4,1,1,0.7578415787727483,1
CUST_28579,12.69,0.35375,0.5272391233264556,1042900400.0,2,1,368926016.5,5,1,1,0.6765504665687412,1
CUST_26780,16.35,0.4411764705882353,0.5534172477739862,886465340.0,2,0,391087650.0,2,1,1,0.7237832671386148,1
CUST_17516,15.33,0.2549019607843137,0.338104226977329,1329698010.0,3,0,338942630.0,3,1,1,0.5917001132373719,1
CUST_01345,10.25,0.0357142857142857,0.1844605650677865,730030280.0,2,1,26072510.0,1,1,0,0.3798646895358502,0
CUST_19281,17.58,0.26796875,0.3590481088254421,834320320.0,3,1,223571773.25,1,1,1,0.5695591886929771,1
CUST_29407,12.87,0.2962962962962963,0.522709603794114,1407915540.0,2,0,417160160.0,3,1,1,0.6559997885627278,1
CUST_00901,10.62,0.4797979797979798,0.6801221926253415,1032471396.0,2,1,495377689.9999999,2,1,1,0.7849696963743295,1
CUST_00646,17.49,0.3920646122480984,0.5917865071926607,1330010880.12,2,0,521450199.9999999,0,1,1,0.7617103431102462,1
CUST_18091,14.96,0.3472222222222222,0.5365062778959502,375444144.0,1,1,130362550.0,5,1,1,0.5634167376210978,1
CUST_25644,12.41,0.0657894736842105,0.2269095399456777,1981510760.0,3,0,130362550.0,0,1,0,0.2550350754423231,0
CUST_10328,7.29,0.5555555555555556,0.710108742671972,469305180.0,2,1,260725100.0,1,1,1,0.6775931195369708,1
CUST_28136,16.95,0.04,0.2885357852034501,5866314750.0,3,0,234652590.0,2,1,0,0.021259265071322697,0
CUST_12229,10.99,0.0283783783783783,0.2540394301207552,1929365740.0,3,1,54752271.0,0,1,0,0.2047782703107784,0
CUST_06703,11.97,0.1136363636363636,0.3574094959878141,1376628528.0,2,1,156435060.0,2,1,0,0.38719528697101896,0
CUST_09501,11.71,0.1428469395043211,0.4023248085567085,1460164850.04,3,1,208580080.0,3,1,0,0.4250588554748703,0
CUST_29207,10.99,0.2430555555555555,0.3573113517848009,375444144.0,1,1,91253785.0,5,1,1,0.5213539102152209,1
CUST_02251,13.11,0.4166666666666667,0.48818957070273,813462312.0,2,0,338942630.0,2,1,1,0.6894450590727388,1
CUST_23540,15.58,0.2718410198725159,0.3545309561779515,834424610.04,2,1,226830837.0,0,1,1,0.5729990409916045,1
CUST_12481,16.07,0.3018108651911468,0.5277285085139427,1036642997.6,2,0,312870120.0,0,1,1,0.6224780367256291,1
CUST_01657,10.59,0.1333333333333333,0.3486532016289043,312870120.0,2,1,41716016.0,2,1,0,0.4806036797510385,0
CUST_05804,14.91,0.2534562211981567,0.5174721901219432,565773467.0,2,1,143398805.0,1,1,1,0.5385009832444881,1
CUST_08851,14.96,0.2222222222222222,0.2976509608981041,938610360.0,2,0,208580080.0,4,1,1,0.5321761381454355,1
CUST_18517,15.21,0.5215195432586737,0.6863478403182672,949873684.32,2,0,495377689.9999999,2,1,1,0.7962647954608637,1
CUST_13481,15.23,0.0937453127343632,0.308887374521359,2085905090.04,3,0,195543825.0,3,1,0,0.2940970093268892,0
CUST_11312,16.45,0.0746268656716417,0.2739041365131697,1746858170.0,1,0,130362550.0,3,1,0,0.2935800362484339,0
CUST_14806,16.07,0.3846153846153846,0.6759389142404596,1016827890.0,2,0,391087650.0,4,1,1,0.7017399295820846,1
CUST_25054,6.17,0.4545454545454545,0.5503943943778516,688314264.0,2,1,312870120.0,4,1,1,0.6873756000766498,1
CUST_13581,8.9,0.32,0.4307250869242364,1042900400.0,2,1,333728128.0,5,1,1,0.6422971423904301,1
CUST_17740,10.99,0.0925925925925925,0.3436532573551547,2815831080.0,2,1,260725100.0,3,1,0,0.23218190033602334,0
CUST_15942,13.99,0.1785714285714285,0.4120757352310039,219009084.0,2,0,39108765.0,2,1,0,0.49715540198028524,0
CUST_27461,16.35,0.1378676470588235,0.2257260037415283,2836689088.0,3,1,391087650.0,5,1,0,0.3434353135485825,0
CUST_14327,17.04,0.4738562091503268,0.6747486180386272,797818806.0,2,1,378051395.0,5,1,1,0.727112999344634,1
CUST_25840,7.51,0.3200573542778866,0.5587821854049848,2036549828.61,3,1,651812750.0,0,1,1,0.7583326924740966,1
CUST_11301,10.0,0.0790166812993854,0.299812807221441,1484829444.5,3,1,117326295.0,5,1,0,0.3278140398964087,0
CUST_22098,11.99,0.3869047619047619,0.5117072616409849,438018168.0,2,1,169471315.0,3,1,1,0.5921626497219548,1
CUST_10500,8.9,0.3225806451612903,0.4563166303626504,808247810.0,2,1,260725100.0,0,1,1,0.6136518624214573,1
CUST_13687,7.66,0.2166666666666666,0.3446853944986106,1564350600.0,2,1,338942630.0,5,1,1,0.544164993741756,1
CUST_00462,10.62,0.3472222222222222,0.4004830159849369,469305180.0,1,1,162953187.5,4,1,1,0.579031914130176,1
CUST_17741,11.78,0.1153846153846153,0.2834598495491162,2033655780.0,3,0,234652590.0,3,1,0,0.3401051886322268,0
CUST_02498,11.71,0.1666666666666666,0.2702093832352527,469305180.0,2,1,78217530.0,1,1,0,0.48785058664629044,0
CUST_25063,8.9,0.4,0.4837145364259437,782175300.0,2,1,312870120.0,1,1,1,0.6704735926814076,1
CUST_28201,15.27,0.234375,0.4237172175357132,1668640640.0,2,1,391087650.0,3,1,1,0.578605483125892,1
CUST_00038,14.54,0.46875,0.7510342987397796,1668640640.0,2,0,782175300.0,3,1,1,0.8821323428709843,1
CUST_24790,13.67,0.1617414159113118,0.316168509048257,1547507758.54,3,0,250296096.0,5,1,0,0.45181810721597204,0
CUST_09114,12.53,0.2464285714285714,0.4425652134464385,547522710.0,2,1,134925239.25,3,1,1,0.5331134349787395,1
CUST_01475,15.7,0.0413736036408771,0.1716496448540755,756207080.04,2,0,31287012.0,1,1,0,0.38009597731535555,0
CUST_29528,10.99,0.0053763440860215,0.1443408217876288,9698973720.0,2,0,52145020.0,3,1,0,0.0004147323712885013,0
CUST_04329,10.75,0.3958333333333333,0.5920521614679543,312870120.0,2,1,123844422.5,2,1,1,0.5691732179945197,1
CUST_06084,14.11,0.3059895833333333,0.5107384835975972,500592191.9999999,2,1,153175996.25,2,1,1,0.5623136350985702,1
CUST_17368,11.11,0.0572916666666666,0.2646931350020002,625740240.0,3,1,35849701.25,5,1,0,0.41058148417912255,0
CUST_19407,10.99,0.1,0.2110701843825729,782175300.0,2,0,78217530.0,3,1,0,0.42382052185038394,0
CUST_25729,10.59,0.4253472222222222,0.6802997846934237,750888288.0,2,1,319388247.5,4,1,1,0.6823169617589423,1
CUST_25023,13.06,0.3342857142857143,0.5377637932848337,912537850.0,2,1,305048367.0,5,1,1,0.6384641051921882,1
CUST_17919,12.69,0.3567035670356703,0.427988361715596,2119695063.0,2,1,756102790.0,4,1,1,0.8215753833820242,1
CUST_24292,14.26,0.075659316904453,0.3331746038818042,1447337175.12,2,0,109504542.0,5,1,0,0.32716710143027905,0
CUST_19487,15.96,0.2727272727272727,0.5257755459608215,1147190440.0,2,0,312870120.0,3,1,1,0.6007862565429196,1
CUST_04670,7.51,0.2227272727272727,0.4133896241009335,1147190440.0,2,1,255510598.0,2,1,1,0.5399236882924653,1
CUST_00517,17.51,0.2682926829268293,0.4199997637501412,2137945820.0,2,1,573595220.0,2,1,1,0.672747573470751,1
CUST_04705,8.9,0.33,0.4179663178634519,391087650.0,2,1,129058924.5,0,1,1,0.558841811410994,1
CUST_22925,14.65,0.2424242424242424,0.3573676713592129,860392830.0,2,0,208580080.0,3,1,1,0.5482266397544112,1
CUST_27865,14.59,0.0913408841797588,0.3364538804232808,7136045987.0,3,1,651812750.0,5,1,0,0.044370981203183696,0
CUST_10330,10.99,0.5208333333333334,0.7946340621734291,500592191.9999999,2,1,260725100.0,1,1,1,0.6719201412873514,1
CUST_07483,10.65,0.1451378809869375,0.3756648500957443,1221549238.52,2,1,177293068.0,1,1,0,0.44015143194958634,0
CUST_09390,15.28,0.125,0.2961697972498834,1668640640.0,2,0,208580080.0,3,1,0,0.3836017216468013,0
CUST_02629,13.92,0.3365384615384615,0.483968869802485,867693132.8,3,1,292012112.0,4,1,1,0.6339573424150131,1
CUST_06762,8.94,0.4638833664678595,0.6919452383881539,393434175.9,2,1,182507570.0,2,1,1,0.614501412432398,1
CUST_32314,12.73,0.3546617915904936,0.6169666879968406,1782707871.25,2,1,632258367.5,5,1,1,0.780486719091142,1
CUST_14874,10.99,0.2397336293007769,0.4633260702061403,2349133151.0,3,0,563166216.0,5,1,1,0.6226778947031946,1
CUST_01389,10.99,0.0587121212121212,0.2101722283769132,688314264.0,3,1,40412390.5,1,1,0,0.40288009261927454,0
CUST_27432,16.4,0.3216911764705882,0.5778600712113321,2836689088.0,3,0,912537850.0,5,1,1,0.8338203558807288,1
CUST_00860,17.27,0.1565217391304348,0.3382974306323799,599667730.0,3,0,93861036.0,1,1,0,0.4778926175191098,0
CUST_08440,16.77,0.0694444444444444,0.2811834906886749,2815831080.0,2,0,195543825.0,3,1,0,0.1856309443385698,0
CUST_03472,10.65,0.3591666666666667,0.5833398631154992,782175300.0,2,1,280931295.25,2,1,1,0.6391884091479481,1
CUST_08618,17.58,0.2857551078725532,0.423374267518731,729925989.9599999,2,0,208580080.0,1,1,1,0.574761122158444,1
CUST_21239,16.77,0.2375,0.3882004790570674,1042900400.0,3,1,247688845.0,3,1,1,0.5528736261487855,1
CUST_18479,15.31,0.1851851851851851,0.2581648953541602,2815831080.0,2,1,521450199.9999999,0,1,0,0.48361930787276297,0
CUST_28804,8.94,0.0773993808049535,0.17034350115736,1684284146.0,3,1,130362550.0,5,1,0,0.30441544197583514,0
CUST_00072,10.99,0.4916593503072871,0.5979313691172651,1484829444.5,2,1,730030280.0,5,1,1,0.8741930256434604,1
CUST_20605,13.85,0.078125,0.2584222272630079,3337281280.0,2,0,260725100.0,4,1,0,0.16425982918162996,0
CUST_29091,10.99,0.120048019207683,0.3646715160248325,2171840083.0,3,0,260725100.0,5,1,0,0.3398531660574125,0
CUST_21085,14.96,0.0980392156862745,0.2200139854107027,1329698010.0,2,0,130362550.0,5,1,0,0.36972648117017637,0
CUST_11746,10.96,0.0710144927536231,0.1365061099798052,1799003190.0,3,1,127755299.0,2,1,0,0.2824283080728217,0
CUST_05570,18.21,0.1282051282051282,0.305746814550448,1016827890.0,3,0,130362550.0,4,1,0,0.4317073778814559,0
CUST_15721,10.25,0.1379310344827586,0.2604727070163452,3780513950.0,3,1,521450199.9999999,1,1,0,0.2967977110569477,0
CUST_17341,7.9,0.1881720430107527,0.3095791322568316,969897372.0,2,1,182507570.0,1,1,0,0.4974960001475004,0
CUST_01792,11.89,0.0847924704286259,0.1597533797359443,614972293.37,2,1,52145020.0,1,1,0,0.42996107744581663,0
CUST_02430,15.31,0.1866666666666666,0.429239647589621,391087650.0,2,0,73003028.0,2,1,0,0.49835214285991347,0
CUST_17949,11.83,0.1031991744066047,0.2583517146940816,5052852438.0,2,1,521450199.9999999,5,1,0,0.1285506303709597,0
CUST_16255,10.99,0.379,0.5476080384547446,1303625500.0,2,1,494074064.4999999,0,1,1,0.7436789621572172,1
CUST_04999,12.18,0.1319261213720316,0.1858028041108572,988148129.0,2,1,130362550.0,5,1,0,0.4375300148508656,0
CUST_20632,10.99,0.4444444444444444,0.6847768233649618,938610360.0,3,1,417160160.0,2,1,1,0.7375495692806772,1
CUST_19863,15.33,0.2682926829268293,0.3737242079764133,1068972910.0,2,0,286797610.0,3,1,1,0.5891176967084795,1
CUST_24366,8.49,0.17825311942959,0.2292894652628859,1462667811.0,3,1,260725100.0,5,1,0,0.48050714758413593,0
CUST_26727,7.9,0.4285714285714285,0.5709863043513572,912537850.0,2,1,391087650.0,4,1,1,0.719455909046114,1
CUST_11054,10.65,0.3333333333333333,0.4048890629782021,312870120.0,2,1,104290040.0,5,1,1,0.5482722483772192,1
CUST_07659,14.59,0.35,0.4263242931716834,1251480480.0,3,1,438018168.0,3,1,1,0.7037476038577168,1
CUST_17275,6.54,0.328010196431249,0.5704670008515828,1391020553.52,2,1,456268925.0,5,1,1,0.6961540462932692,1
CUST_23901,12.87,0.4166666666666667,0.4749581753315722,625740240.0,2,0,260725100.0,0,1,1,0.6487346104439711,1
CUST_17395,15.68,0.0746268656716417,0.3440430697712185,873429085.0,2,0,65181274.99999999,5,1,0,0.3919721713105716,0
CUST_04465,14.27,0.1142857142857142,0.2915924028716229,1095045420.0,2,1,125148048.0,4,1,0,0.41044558450266017,0
CUST_08891,11.34,0.2051282051282051,0.3391758972481724,1016827890.0,2,0,208580080.0,0,1,1,0.5160587699917465,1
CUST_24868,14.27,0.1400560224089636,0.3233843013843712,1861577214.0,3,1,260725100.0,0,1,0,0.39948752149738714,0
CUST_10863,7.88,0.078125,0.142870383993619,1668640640.0,3,1,130362550.0,2,1,0,0.3071591859647026,0
CUST_30412,13.92,0.03125,0.1774612591711045,1251480480.0,3,0,39108765.0,2,1,0,0.2964136140115834,0
CUST_18765,9.76,0.5769230769230769,0.6962202651833848,677885260.0,3,1,391087650.0,3,1,1,0.7568783826352027,1
CUST_24307,14.91,0.0694915254237288,0.3567680054147905,1538278090.0,2,1,106897291.0,2,1,0,0.3084301631438624,0
CUST_29935,14.84,0.1793478260869565,0.3129567459643934,1439202552.0,2,0,258117849.0,5,1,0,0.4825250804664016,0
CUST_07876,10.99,0.1428571428571428,0.3336008424866507,1277552990.0,3,1,182507570.0,2,1,0,0.43432916979384395,0
CUST_13173,15.96,0.3076923076923077,0.5879474619393622,2033655780.0,3,1,625740240.0,4,1,1,0.7374782714107412,1
CUST_10370,10.99,0.4166666666666667,0.6731292077614025,625740240.0,2,1,260725100.0,3,1,1,0.648734610443971,1
CUST_27368,18.43,0.2199904351984696,0.4572280515297277,2725880920.5,3,1,599667730.0,5,1,1,0.5861127853310395,1
CUST_15195,18.64,0.3125,0.4361327022331817,1251480480.0,2,0,391087650.0,0,1,1,0.6596467917848267,1
CUST_07313,19.16,0.108695652173913,0.22635295859204,1199335460.0,3,1,130362550.0,2,1,0,0.3951580774597243,0
CUST_04611,13.35,0.0973818202053365,0.3812574394192287,937072081.91,3,1,91253785.0,1,1,0,0.4064730836368608,0
CUST_02012,7.9,0.3689356207341819,0.4977144965952942,989373536.97,2,1,365015140.0,0,1,1,0.6824885850049025,1
CUST_04853,17.43,0.1666666666666666,0.2877413709125788,782175300.0,2,1,130362550.0,5,1,0,0.47975806046010633,0
CUST_28162,13.57,0.3375,0.4822730368141114,834320320.0,2,1,281583108.0,5,1,1,0.6298529240023604,1
CUST_31559,12.86,0.0806451612903225,0.3332125189531312,2424743430.0,3,0,195543825.0,3,1,0,0.23948123547884223,0
CUST_17575,13.16,0.2,0.4267318261035771,782175300.0,2,1,156435060.0,4,1,1,0.5080084439754031,1
CUST_08820,19.79,0.2285714285714285,0.4635592709735198,912537850.0,2,0,208580080.0,0,1,1,0.537535370503479,1
CUST_03988,19.29,0.0876616261231645,0.2039154579980128,1189688631.3,2,0,104290040.0,3,1,0,0.3703398030006732,0
CUST_29142,18.79,0.4135135135135135,0.5592530784314437,1929365740.0,2,1,797818806.0,3,1,1,0.865900798500898,1
CUST_06308,14.09,0.1764705882352941,0.4320049644736932,886465340.0,2,0,156435060.0,3,1,0,0.48647060594443076,0
CUST_02246,16.29,0.4642857142857143,0.565402376285118,730030280.0,2,0,338942630.0,5,1,1,0.7040085697793234,1
CUST_12910,12.53,0.1277397260273972,0.3919627416583968,1903293230.0,3,1,243126155.75,1,1,0,0.3732321543035005,0
CUST_19750,14.65,0.0366666666666666,0.2139785107683544,782175300.0,3,1,28679761.0,0,1,0,0.37240773377428105,0
CUST_28677,9.99,0.2222222222222222,0.4781515616803992,281583108.0,1,1,62574023.99999999,0,1,1,0.5096649954421215,1
CUST_08589,13.8,0.4716981132075472,0.5635599970595492,1381843030.0,3,1,651812750.0,2,1,1,0.8434990878466738,1
CUST_15480,17.27,0.140625,0.2049767214291885,3337281280.0,3,0,469305180.0,3,1,0,0.3268471356568836,0
CUST_27716,10.65,0.0214723926380368,0.1206577271100434,4249819130.0,3,1,91253785.0,0,1,0,0.04246639447151617,0
CUST_29930,6.62,0.1111111111111111,0.3875930138155141,938610360.0,3,1,104290040.0,1,1,0,0.4198689115924113,0
CUST_04495,14.96,0.0979591836734693,0.1900731249483413,1277552990.0,2,0,125148048.0,5,1,0,0.3745100914479669,0
CUST_29177,17.04,0.5102040816326531,0.7037426882635651,1277552990.0,2,1,651812750.0,1,1,1,0.8545402622775268,1
CUST_02652,17.27,0.075,0.2377411025671184,1042900400.0,2,1,78217530.0,2,1,0,0.37226143273709444,0
CUST_05615,14.84,0.0794912559618442,0.3015866340772566,1639960879.0,2,1,130362550.0,5,1,0,0.3122249020521299,0
CUST_09967,15.62,0.0830508474576271,0.1744437815945227,1538278090.0,3,0,127755299.0,1,1,0,0.32804736386181715,0
CUST_16552,10.36,0.3222222222222222,0.5629595527142566,1173262950.0,2,1,378051395.0,4,1,1,0.6614632572787471,1
CUST_25964,10.99,0.2361111111111111,0.421191714901702,1407915540.0,2,0,332424502.5,1,1,1,0.5690829033310707,1
CUST_18242,7.66,0.3333333333333333,0.4786981580189094,1877220720.0,2,1,625740240.0,2,1,1,0.7617238384205136,1
CUST_28806,10.37,0.3555555555555555,0.4855418342184248,469305180.0,2,1,166864064.0,3,1,1,0.5831596880617421,1
CUST_27144,11.86,0.0625,0.2391914940880496,625740240.0,2,1,39108765.0,1,1,0,0.4140055336076015,0
CUST_11520,15.62,0.144927536231884,0.3097999982682953,1799003190.0,3,0,260725100.0,3,1,0,0.41195229815397927,0
CUST_04485,15.7,0.1031518624641833,0.3489287600910897,909930599.0,3,1,93861036.0,3,1,0,0.41463548845392373,0
CUST_19662,14.42,0.0969696969696969,0.3258717618443843,860392830.0,2,0,83432032.0,4,1,0,0.4135946449262101,0
CUST_18103,12.42,0.2916666666666667,0.5862587655146245,391087650.0,1,1,114067231.25,0,1,1,0.5427602977212194,1
CUST_18160,15.31,0.2212389380530973,0.4622178454725606,2946193630.0,2,1,651812750.0,2,1,1,0.596761033356713,1
CUST_10987,9.91,0.1166666666666666,0.2732224974215124,938610360.0,2,1,109504542.0,5,1,0,0.4253859227724228,0
CUST_01222,12.87,0.4210526315789473,0.4934806080255868,990755380.0,2,0,417160160.0,5,1,1,0.7291249391082972,1
CUST_08208,15.33,0.2666382252559727,0.3346212007161319,733367561.28,2,0,195543825.0,2,1,1,0.5601906024133515,1
CUST_00202,7.49,0.4166666666666667,0.5908237971482174,375444144.0,1,1,156435060.0,0,1,1,0.5909971346642472,1
CUST_25196,10.36,0.3333333333333333,0.5909212170163126,938610360.0,2,1,312870120.0,2,1,1,0.6413151552356511,1
CUST_29306,20.4,0.4545454545454545,0.6136641606518682,1147190440.0,2,1,521450199.9999999,5,1,1,0.7880365576215023,1
CUST_28934,13.11,0.2,0.4108188133040213,521450199.9999999,2,1,104290040.0,4,1,1,0.5053392163187123,1
CUST_20758,7.9,0.1470588235294117,0.3402369678509654,886465340.0,2,1,130362550.0,0,1,0,0.4583022368285964,0
CUST_30548,10.99,0.2599973161567364,0.4479492895973152,777169378.0799999,2,0,202061952.5,4,1,1,0.5582363703517871,1
CUST_28035,11.49,0.1241134751773049,0.2308811663975349,1470489564.0,2,1,182507570.0,3,1,0,0.3956510445222019,0
CUST_25130,13.48,0.3164556962025316,0.5522746255225722,988669579.2,2,0,312870120.0,0,1,1,0.6317464794528258,1
CUST_02506,10.59,0.1666666666666666,0.2877173176757129,469305180.0,2,1,78217530.0,3,1,0,0.48785058664629033,0
CUST_00449,20.03,0.2310536044362292,0.4171349123321726,2708203758.72,2,1,625740240.0,3,1,1,0.6167018742743383,1
CUST_09986,9.88,0.4035087719298245,0.6647181978339449,594453228.0,2,1,239867092.0,0,1,1,0.633878727314415,1
CUST_06290,16.77,0.1867762420620097,0.3397178645418461,837553311.2399999,2,0,156435060.0,5,1,0,0.49657047288067285,0
CUST_06104,6.03,0.4,0.6450429257448961,391087650.0,2,1,156435060.0,5,1,1,0.5878692513788237,1
CUST_13233,11.49,0.3388888888888889,0.6285972038285409,938610360.0,2,1,318084622.0,0,1,1,0.6464992828719266,1
CUST_25733,13.23,0.3480509148766905,0.4172731167221193,917648061.96,2,1,319388247.5,5,1,1,0.6517314313785898,1
CUST_17852,14.72,0.4567307692307692,0.667714194347036,271154104.0,1,0,123844422.5,0,1,1,0.5776040911967322,1
CUST_19435,15.7,0.088235294117647,0.2613241792324861,886465340.0,2,0,78217530.0,0,1,0,0.40292881304243633,0
CUST_02070,13.48,0.1666666666666666,0.3688421883023997,782175300.0,3,0,130362550.0,1,1,0,0.47975806046010594,0
CUST_31931,13.22,0.5,0.7784676810165226,104290040.0,2,0,52145020.0,5,1,1,0.5349254800611218,1
CUST_02018,14.61,0.4117647058823529,0.6037430651991944,886465340.0,2,0,365015140.0,4,1,1,0.700621181355542,1
CUST_30581,12.18,0.2666666666666666,0.4948998644348565,782175300.0,2,1,208580080.0,3,1,1,0.5641774385777752,1
CUST_24238,13.16,0.25,0.3112695138676314,1042900400.0,2,1,260725100.0,1,1,1,0.5668013416144716,1
CUST_17842,11.99,0.4117647058823529,0.6988684999041725,2216163350.0,2,1,912537850.0,0,1,1,0.8933707734383382,1
CUST_31801,13.49,0.234375,0.377929169986581,500592191.9999999,1,0,117326295.0,1,1,1,0.523760942502919,1
CUST_00790,18.25,0.2564102564102564,0.4876906616228752,2033655780.0,2,0,521450199.9999999,1,1,1,0.6412304310919557,1
CUST_32175,7.88,0.3272727272727272,0.5419926213671631,1433988050.0,2,1,469305180.0,2,1,1,0.7005825544035199,1
CUST_19348,10.99,0.2083333333333333,0.2606640726058126,375444144.0,2,1,78217530.0,1,1,1,0.5072353333245238,1
CUST_00956,16.7,0.365,0.5929228779368225,1303625500.0,2,0,475823307.5,3,1,1,0.7283059770334807,1
CUST_11630,13.55,0.1524390243902439,0.3724417552980866,1710356656.0,2,0,260725100.0,2,1,0,0.4298021794943122,0
CUST_17632,15.33,0.2604166666666667,0.4500900033304615,500592191.9999999,3,0,130362550.0,2,1,1,0.5378374454058463,1
CUST_05861,15.31,0.1486486486486486,0.3703763997286426,964682870.0,2,0,143398805.0,3,1,0,0.4562917116846781,0
CUST_27533,8.9,0.4166666666666667,0.5861929064369132,500592191.9999999,1,1,208580080.0,0,1,1,0.6202914216670532,1
CUST_26908,10.99,0.3132766650654748,0.4888136490075632,1248377851.31,2,1,391087650.0,3,1,1,0.6602220897652163,1
CUST_14199,15.05,0.3945205479452054,0.5711491124550809,951646615.0,2,1,375444144.0,0,1,1,0.6988068178150894,1
CUST_07001,14.11,0.2384615384615384,0.4871367793418436,677885260.0,2,1,161649562.0,1,1,1,0.5351453289310591,1
CUST_12236,8.94,0.375,0.4569297981577597,834320320.0,2,1,312870120.0,5,1,1,0.6608858084534067,1
CUST_27993,15.99,0.1286549707602339,0.4228624690930008,2229199605.0,2,0,286797610.0,1,1,0,0.3547345331179543,0
CUST_13407,14.09,0.2025316455696202,0.385878596406476,2059728290.0,3,1,417160160.0,3,1,1,0.5267176607629649,1
CUST_08506,9.99,0.0775,0.2955192199538987,2607251000.0,2,1,202061952.5,0,1,0,0.21788125450225743,0
CUST_15948,7.51,0.2625,0.3173471711003744,208580080.0,2,1,54752271.0,5,1,1,0.5162610998873287,1
CUST_10517,11.03,0.1451612903225806,0.2516126621718247,1616495620.0,3,1,234652590.0,1,1,0,0.4211251433069516,0
CUST_15072,15.62,0.0313725490196078,0.0909250837321431,1329698010.0,2,1,41716016.0,4,1,0,0.28541545462357654,0
CUST_11799,18.25,0.136986301369863,0.2660053869285599,1903293230.0,2,0,260725100.0,0,1,0,0.3912483609486297,0
CUST_15878,7.49,0.6358333333333334,0.865194616099735,782175300.0,2,1,497333128.2499999,3,1,1,0.8190828909139393,1
CUST_18891,9.88,0.0888888888888888,0.2837931983370173,469305180.0,2,1,41716016.0,1,1,0,0.44846486799688645,0
CUST_02589,13.3,0.1025851456709068,0.2560823571705604,762464482.4399999,2,0,78217530.0,3,1,0,0.4278022683570652,0
CUST_01780,8.59,0.0999800039992001,0.1647320820161218,521554490.04,2,1,52145020.0,2,1,0,0.4489718780022099,0
CUST_14912,11.36,0.3073770491803279,0.4616463663147954,1272338488.0,2,1,391087650.0,2,1,1,0.6557670793165221,1
CUST_19115,13.43,0.0370967741935483,0.3190233241106684,1616495620.0,2,0,59966773.0,3,1,0,0.25434307408938817,0
CUST_25634,15.99,0.1238390092879257,0.190914891129578,1684284146.0,3,0,208580080.0,5,1,0,0.38055019748834007,0
CUST_16644,15.65,0.4102564102564102,0.4856174441501071,1016827890.0,2,1,417160160.0,2,1,1,0.724849452953507,1
CUST_10393,14.11,0.4,0.6520714602745503,651812750.0,2,0,260725100.0,0,1,1,0.6438101140638374,1
CUST_17728,9.91,0.1893939393939394,0.3964555046115528,344157132.0,2,1,65181274.99999999,1,1,0,0.49956731753561123,0
CUST_21471,16.49,0.3185558800106185,0.5218114211356449,491075725.85,2,0,156435060.0,5,1,1,0.5677190660352879,1
CUST_31321,15.58,0.064,0.2457019831510588,1955438250.0,3,0,125148048.0,3,1,0,0.254832238934733,0
CUST_01123,7.66,0.4047619047619047,0.6864279203235771,1095045420.0,2,1,443232670.0,3,1,1,0.7344012173215834,1
CUST_06693,11.48,0.12,0.3171973146438483,1303625500.0,2,1,156435060.0,3,1,0,0.40160068395861603,0
CUST_23782,10.99,0.32,0.38395231868907,782175300.0,2,1,250296096.0,4,1,1,0.6080234181551535,1
CUST_10699,14.65,0.25,0.4329687563881858,1668640640.0,3,1,417160160.0,1,1,1,0.6058975307033194,1
CUST_18237,7.9,0.3692307692307692,0.4207333507870842,1694713150.0,2,1,625740240.0,1,1,1,0.7880057966230704,1
CUST_10910,10.99,0.2564102564102564,0.3270112685500587,1016827890.0,2,0,260725100.0,2,1,1,0.572082865079511,1
CUST_08498,10.99,0.2348484848484848,0.3497335076990187,860392830.0,2,1,202061952.5,4,1,1,0.541217751121529,1
CUST_03869,14.96,0.1333333333333333,0.4269225078273341,782175300.0,2,0,104290040.0,2,1,0,0.45163653681046856,0
CUST_17696,10.99,0.2222222222222222,0.4967573801222204,469305180.0,2,1,104290040.0,3,1,1,0.516104759690474,1
CUST_02156,14.09,0.0444444444444444,0.1693990080222817,1407915540.0,2,1,62574023.99999999,1,1,0,0.29070920835473496,0
CUST_07471,21.74,0.2229508196721311,0.39532934205812,795211555.0,2,0,177293068.0,2,1,1,0.5278971088203825,1
CUST_22881,10.99,0.32,0.6098899093802521,651812750.0,2,1,208580080.0,2,1,1,0.590454059649809,1
CUST_12282,12.84,0.4137360364087712,0.6975913498084209,756207080.04,2,0,312870120.0,0,1,1,0.6751965233892183,1
CUST_19079,10.99,0.4166666666666667,0.4798668175509559,876036336.0,2,0,365015140.0,2,1,1,0.7024254202778917,1
CUST_03476,12.68,0.3575348388598796,0.6157240988532772,783922158.17,2,1,280279482.5,4,1,1,0.6382031612074648,1
CUST_01165,10.99,0.4824951894080818,0.5399931187160542,907818725.69,2,1,438018168.0,0,1,1,0.7593557743194548,1
CUST_00228,15.7,0.3139480855445744,0.4943274376554003,2076180043.81,2,0,651812750.0,0,1,1,0.7522813202266047,1
CUST_07428,8.63,0.5018939393939394,0.6038347610521267,344157132.0,2,1,172730378.75,3,1,1,0.6141035620076942,1
CUST_07189,14.96,0.0921052631578947,0.3685741164583416,1981510760.0,2,1,182507570.0,0,1,0,0.3003064611338344,0
CUST_08475,15.28,0.0961538461538461,0.3031821343182443,1355770520.0,3,1,130362550.0,2,1,0,0.36472085599826953,0
CUST_32572,10.0,0.4385964912280701,0.622969467151478,1188906456.0,2,1,521450199.9999999,4,1,1,0.7822222297779945,1
CUST_06764,10.62,0.4117647058823529,0.4733186688893165,443232670.0,2,1,182507570.0,3,1,1,0.6047098753359698,1
CUST_22392,5.79,0.1944444444444444,0.4850593295310872,938610360.0,2,1,182507570.0,3,1,1,0.5039584444272666,1
CUST_13342,15.31,0.1923076923076923,0.3776819614635344,2033655780.0,3,1,391087650.0,3,1,1,0.5038663754169899,1
CUST_09354,14.42,0.108695652173913,0.1622843804122242,1439202552.0,3,0,156435060.0,5,1,0,0.375001901791091,0
CUST_16207,10.99,0.3678571428571429,0.5516987239726157,912537850.0,2,1,335683566.25,2,1,1,0.6685282735590382,1
CUST_10710,18.64,0.0953125,0.3639570812915025,1668640640.0,1,0,159042311.0,4,1,0,0.33423760138294983,0
CUST_24708,19.41,0.3623188405797101,0.657027334197162,1799003190.0,3,0,651812750.0,3,1,1,0.7924616151890952,1
CUST_19816,14.11,0.12,0.356406631214988,782175300.0,2,0,93861036.0,5,1,0,0.44046378922857937,0
CUST_22473,12.36,0.4166666666666667,0.7106928077745844,450532972.8,2,0,187722072.0,4,1,1,0.6086656538973203,1
CUST_19640,10.59,0.1003496050757477,0.2407420391584569,805431978.92,2,1,80824781.0,5,1,0,0.4218899886192931,0
CUST_19372,11.49,0.15,0.2030484795532897,521450199.9999999,2,1,78217530.0,0,1,0,0.47709332766177315,0
CUST_04337,13.16,0.296875,0.5673351016385688,417160160.0,2,1,123844422.5,2,1,1,0.5479302203653809,1
CUST_18791,8.59,0.0144927536231884,0.1703326352196808,1799003190.0,2,1,26072510.0,1,1,0,0.20208116310121466,0
CUST_22510,14.84,0.2038735983690112,0.358800835768516,920776763.16,2,1,187722072.0,5,1,1,0.5132914748577225,1
CUST_30051,10.38,0.108695652173913,0.3427722191147945,1199335460.0,2,1,130362550.0,2,1,0,0.3951580774597237,0
CUST_00425,16.45,0.3855421686746988,0.6615191729741509,1623013747.5,2,0,625740240.0,0,1,1,0.7977331917855538,1
CUST_02672,7.66,0.0681818181818181,0.2797536861622298,1147190440.0,2,1,78217530.0,3,1,0,0.352357010233079,0
CUST_14688,15.27,0.46875,0.5413089886816359,834320320.0,2,0,391087650.0,0,1,1,0.7323130379033206,1
CUST_27115,19.04,0.1126126126126126,0.3700094991178848,2894048610.0,3,1,325906375.0,1,1,0,0.27328168990781404,0
CUST_12271,10.99,0.3428571428571428,0.6362358774718159,912537850.0,2,1,312870120.0,0,1,1,0.6462551927107958,1
CUST_03666,10.37,0.3174603174603174,0.455121725393197,328513626.0,2,1,104290040.0,0,1,1,0.5450691387021165,1
CUST_00902,12.18,0.4761904761904761,0.6406521159135635,1040293149.0,2,1,495377689.9999999,4,1,1,0.7838768594292155,1
CUST_12407,8.49,0.0671357215747354,0.147552747999956,1941776254.76,3,1,130362550.0,2,1,0,0.2613224695299854,0
CUST_19076,8.9,0.4666666666666667,0.5589292818398521,782175300.0,2,1,365015140.0,0,1,1,0.7183769437112854,1
CUST_09238,14.27,0.2083333333333333,0.4652506062189474,625740240.0,2,0,130362550.0,1,1,1,0.5120573926588373,1
CUST_12685,10.99,0.2068965517241379,0.4580008415606574,1512205580.0,2,1,312870120.0,5,1,1,0.526763566409093,1
CUST_06792,15.62,0.2916666666666667,0.507874419683448,625740240.0,2,1,182507570.0,0,1,1,0.5681570815880987,1
CUST_32351,15.33,0.0862068965517241,0.2649436411505184,756102790.0,2,0,65181274.99999999,1,1,0,0.4153014951384512,0
CUST_14310,11.71,0.127433628318584,0.3548832185348369,2946193630.0,2,1,375444144.0,3,1,0,0.3086736893346967,0
CUST_03107,15.65,0.2916666666666667,0.4649994446144223,312870120.0,2,0,91253785.0,2,1,1,0.53423833694159,1
CUST_13141,16.77,0.0763941940412528,0.2382994451288154,1706445779.5,3,1,130362550.0,5,1,0,0.3005521865415444,0
CUST_15276,10.99,0.043103448275862,0.204544535482771,3024411160.0,3,0,130362550.0,4,1,0,0.12635164459363687,0
CUST_20974,16.77,0.1025641025641025,0.1777184028578448,1016827890.0,3,0,104290040.0,3,1,0,0.40421401857267847,0
CUST_13747,16.07,0.1906941266209,0.4234745615151607,2187587879.04,3,0,417160160.0,3,1,1,0.500332854488138,1
CUST_10494,10.37,0.3259452411994785,0.3886277732403201,799904606.8,2,1,260725100.0,3,1,1,0.6152848825884427,1
CUST_05915,18.09,0.3111111111111111,0.6100629768332012,469305180.0,2,1,146006056.0,1,1,1,0.5610240168427428,1
CUST_16897,9.91,0.0225806451612903,0.1972386040276468,2424743430.0,2,1,54752271.0,1,1,0,0.14604198300248383,0
CUST_02010,9.88,0.3783783783783784,0.4517669410642725,964682870.0,2,1,365015140.0,0,1,1,0.6868926979370116,1
CUST_00879,13.43,0.0986193293885601,0.349214517223073,264375251.4,2,1,26072510.0,1,1,0,0.4736779646976012,0
CUST_02199,14.54,0.1957457914654835,0.3974107895989777,799174576.52,3,0,156435060.0,3,1,1,0.5044976898904653,1
CUST_00134,12.23,0.499960003199744,0.7908494510057544,1303729790.04,2,1,651812750.0,4,1,1,0.8518312092512151,1
CUST_20275,10.99,0.0693240901213171,0.251449588059183,1504383827.0,2,0,104290040.0,1,1,0,0.3120035358660901,0
CUST_00633,14.96,0.4166666666666667,0.5864274597614206,1251480480.0,2,1,521450199.9999999,5,1,1,0.7732866490051632,1
CUST_22371,13.49,0.2058823529411764,0.4515621203686766,886465340.0,2,0,182507570.0,2,1,1,0.5147251809448562,1
CUST_29440,5.99,0.2221235006663705,0.3472533390651602,704270640.12,3,1,156435060.0,0,1,1,0.524082225167749,1
CUST_23997,13.11,0.0608,0.3562890018702106,1629531875.0,3,1,99075538.0,0,1,0,0.28561451596654613,0
CUST_26827,10.99,0.3409090909090909,0.4657746834380715,1147190440.0,2,1,391087650.0,5,1,1,0.6787183106920086,1
CUST_25778,16.77,0.0707070707070707,0.2748521720937255,1032471396.0,2,0,73003028.0,4,1,0,0.36899740077548987,0
CUST_17996,13.49,0.4166666666666667,0.6390151625845547,1564350600.0,2,1,651812750.0,5,1,1,0.8225476362067906,1
CUST_09091,10.65,0.1460387002555677,0.206785489020579,1428252097.8,2,1,208580080.0,0,1,0,0.43151495470199186,0
CUST_09546,16.4,0.4432624113475177,0.6042748731074813,1470489564.0,3,1,651812750.0,0,1,1,0.8335855222005739,1
CUST_14958,14.59,0.3409090909090909,0.6079590180516541,1147190440.0,2,1,391087650.0,2,1,1,0.6787183106920087,1
CUST_29286,10.99,0.3645833333333333,0.6590809216225358,500592191.9999999,1,0,182507570.0,2,1,1,0.5933271289065533,1
CUST_27703,13.79,0.2162162162162162,0.4007152802679921,1929365740.0,2,0,417160160.0,1,1,1,0.5534652311433461,1
CUST_00287,15.58,0.2840909090909091,0.4474919765743285,2294380880.0,2,0,651812750.0,3,1,1,0.7171834189727251,1
CUST_17650,16.7,0.3258928571428571,0.5308631192031781,1460060560.0,2,1,475823307.5,2,1,1,0.7019903485688184,1
CUST_08567,12.21,0.4,0.558246390546698,521450199.9999999,2,1,208580080.0,5,1,1,0.6162240939611743,1
CUST_14164,9.91,0.428030303030303,0.5516560413739232,860392830.0,2,1,368274203.75,5,1,1,0.7080496604408286,1
CUST_27334,14.59,0.0991735537190082,0.1967915970221143,3154773710.0,3,0,312870120.0,1,1,0,0.22270388159824714,0
CUST_22965,15.23,0.5925925925925926,0.7755476305939706,1407915540.0,3,1,834320320.0,3,1,1,0.9208749701205062,1
CUST_04647,13.67,0.042016806722689,0.3110410747847581,6205257380.0,2,1,260725100.0,4,1,0,0.018048680243064757,0
CUST_01312,14.42,0.2539682539682539,0.3207599814847047,1642568130.0,2,1,417160160.0,2,1,1,0.6110295054261384,1
CUST_08916,16.29,0.1904761904761904,0.3946713386824813,1095045420.0,2,1,208580080.0,5,1,0,0.4999079253529758,0
CUST_26750,9.62,0.4054054054054054,0.6875987723443546,964682870.0,2,1,391087650.0,5,1,1,0.7106783090020251,1
CUST_24900,12.21,0.3343283582089552,0.4805734317445376,873429085.0,2,1,292012112.0,4,1,1,0.6328568883354303,1
CUST_31110,14.84,0.2116491703352523,0.4898328333553046,1847810928.72,3,1,391087650.0,3,1,1,0.5421536866364967,1
CUST_20891,10.99,0.140625,0.3457376752763084,1668640640.0,2,0,234652590.0,3,1,0,0.4106594475087689,0
CUST_26941,10.75,0.3088707684704719,0.5855355099646404,1266185375.64,2,1,391087650.0,4,1,1,0.6569137846184193,1
CUST_26736,16.95,0.0600240096038415,0.1687016285804136,2171840083.0,3,0,130362550.0,5,1,0,0.22632298406546073,0
CUST_01400,16.45,0.0289855072463768,0.2679038889955529,899501595.0,2,1,26072510.0,3,1,0,0.3474777828147654,0
CUST_07748,11.99,0.2011494252873563,0.4804110426976677,907323348.0,2,1,182507570.0,5,1,1,0.5104195663567617,1
CUST_18253,16.82,0.2823529411764706,0.4867379799088052,2216163350.0,2,1,625740240.0,0,1,1,0.7072592712176479,1
CUST_00010,14.74,0.16,0.3113559984141727,260725100.0,1,1,41716016.0,4,1,0,0.4913657129253087,0
CUST_12173,10.99,0.3510135135135135,0.4694813175625849,1929365740.0,3,1,677233447.25,3,1,1,0.7928746487518087,1
CUST_30656,10.59,0.3333333333333333,0.4511998790161011,391087650.0,2,1,130362550.0,0,1,1,0.5602348805268237,1
CUST_25821,12.69,0.18,0.4358655440513418,391087650.0,2,1,70395777.0,2,1,0,0.49552604252113536,0
CUST_22646,15.58,0.2205882352941176,0.4391127807691065,886465340.0,2,1,195543825.0,1,1,1,0.528828500217549,1
CUST_11201,11.36,0.2256979709752409,0.5109024917027202,1155194700.57,2,1,260725100.0,1,1,1,0.5438946633758955,1
CUST_10167,13.48,0.3018867924528302,0.5592051242439318,829105818.0,2,0,250296096.0,0,1,1,0.5987443633559154,1
CUST_17533,16.0,0.1785714285714285,0.2430710268688583,2190090840.0,2,0,391087650.0,3,1,0,0.4715843645249229,0
CUST_25874,15.58,0.3156565656565656,0.5425124757335296,2064942792.0,3,1,651812750.0,1,1,1,0.7540074746681225,1
CUST_04732,12.42,0.1666666666666666,0.3297573696572193,782175300.0,2,1,130362550.0,2,1,0,0.47975806046010594,0
CUST_25328,15.62,0.12,0.419211434310902,651812750.0,2,1,78217530.0,1,1,0,0.45031451555487106,0
CUST_26607,10.99,0.2604166666666667,0.5087675683165296,2502960960.0,3,1,651812750.0,4,1,1,0.6809624694638389,1
CUST_29604,12.99,0.1,0.2094588525477296,782175300.0,2,1,78217530.0,1,1,0,0.423820521850384,0
CUST_05294,10.99,0.108705104791721,0.1804954109674673,1199231169.96,2,0,130362550.0,3,1,0,0.395178672335893,0
CUST_02205,14.59,0.267,0.3719480117570747,1303625500.0,2,1,348068008.5,3,1,1,0.6063766498460679,1
CUST_20556,8.32,0.2282453637660485,0.4097786677762165,913841475.5,3,1,208580080.0,5,1,1,0.5372676043922373,1
CUST_10425,10.99,0.3571938848406915,0.5584719907962471,729925989.9599999,2,1,260725100.0,3,1,1,0.6288766255623511,1
CUST_28494,18.64,0.1356589147286821,0.2343106104931138,6726707580.0,2,1,912537850.0,2,1,0,0.16782905986113725,0
CUST_22356,14.35,0.0244917952485917,0.0914816838279225,1277448699.96,3,1,31287012.0,2,1,0,0.2849976154203314,0
CUST_25158,11.46,0.1271860095389507,0.1992564753368162,1639960879.0,3,1,208580080.0,5,1,0,0.38921991018659136,0
CUST_19202,15.99,0.1137711864406779,0.2260215301062692,3076556180.0,2,0,350023446.75,0,1,0,0.264198685204411,0
CUST_25496,10.99,0.32232070910556,0.6049024291134733,1617799245.5,3,0,521450199.9999999,5,1,1,0.7159175913556182,1
CUST_00289,14.96,0.2840909090909091,0.4832372434544111,2294380880.0,2,1,651812750.0,4,1,1,0.7171834189727251,1
CUST_10300,14.11,0.123076923076923,0.3778600217592757,2033655780.0,2,0,250296096.0,3,1,0,0.3554892787276805,0
CUST_00961,11.71,0.5055555555555555,0.6585167097120714,938610360.0,2,1,474519682.0,3,1,1,0.782786267678593,1
CUST_13485,13.84,0.1284422523633374,0.2020893975661712,507475334.64,2,0,65181274.99999999,0,1,0,0.46588590034116,0
CUST_18282,12.99,0.3282965221087189,0.4625634785007665,1778953429.81,2,0,584024224.0,2,1,1,0.7431617463601848,1
CUST_15985,13.47,0.05,0.1828181537327972,1564350600.0,2,0,78217530.0,4,1,0,0.2782088119696091,0
CUST_26387,14.11,0.1136363636363636,0.3561807972637199,2294380880.0,3,0,260725100.0,0,1,0,0.31751939408746904,0
CUST_27579,21.27,0.181159420289855,0.4193045487204362,3598006380.0,3,0,651812750.0,1,1,0,0.4634258768819774,0
CUST_00910,11.14,0.3480745978822409,0.4003909094635545,1423194030.86,2,1,495377689.9999999,0,1,1,0.7255259935937557,1
CUST_03668,10.36,0.25,0.5381825268749764,834320320.0,3,1,208580080.0,3,1,1,0.55355625120517,1
CUST_19296,16.29,0.0636132315521628,0.3500731540359513,1024649643.0,2,0,65181274.99999999,3,1,0,0.3626288223542468,0
CUST_03454,18.79,0.2432432432432432,0.4285491989138983,1157619444.0,2,1,281583108.0,0,1,1,0.565734124816003,1
CUST_23539,14.61,0.3072033898305085,0.5786110557478246,738373483.1999999,2,1,226830837.0,4,1,1,0.5922942573054222,1
CUST_32088,12.92,0.0757575757575757,0.3626273916836308,1720785660.0,3,1,130362550.0,3,1,0,0.29806739306170793,0
CUST_04674,10.59,0.3055555555555556,0.557851645486582,938610360.0,3,1,286797610.0,2,1,1,0.6149169785960308,1
CUST_02068,16.82,0.1846153846153846,0.2869991582929477,338942630.0,2,1,62574023.99999999,0,1,0,0.49781820881412925,0
CUST_29253,13.92,0.2055084745762712,0.2645439498588385,3076556180.0,2,1,632258367.5,2,1,1,0.5497082193707586,1
CUST_00505,10.99,0.3333333333333333,0.5920731574765437,1720785660.0,2,1,573595220.0,2,1,1,0.7437035245594994,1
CUST_00315,10.99,0.3001200480192076,0.3531167336317091,2171840083.0,2,1,651812750.0,5,1,1,0.7372607711449909,1
CUST_10293,8.94,0.1315068493150684,0.3554485571665842,1903293230.0,2,1,250296096.0,0,1,0,0.3805328337071814,0
CUST_24936,15.62,0.1851239669421487,0.3883277284697702,1577386855.0,2,0,292012112.0,3,1,0,0.49071688614088554,0
CUST_31864,14.96,0.1660050523276795,0.3650277723829412,3612346260.5,3,1,599667730.0,5,1,0,0.40504120020952467,0
CUST_06282,10.62,0.1875,0.2596993337397434,834320320.0,2,1,156435060.0,5,1,0,0.49723824380161613,0
CUST_14778,10.65,0.390625,0.669505872684281,1001184384.0,2,1,391087650.0,3,1,1,0.7044380920337899,1
CUST_09163,5.99,0.3205128205128205,0.48943210425499,406731156.0,2,1,130362550.0,3,1,1,0.557048065225156,1
CUST_18130,9.32,0.2466666666666666,0.3996688812395237,391087650.0,1,1,96468287.0,1,1,1,0.523770129166195,1
CUST_01642,15.58,0.0294117647058823,0.2520627834395185,1329698010.0,2,0,39108765.0,1,1,0,0.2831153942511024,0
CUST_25747,6.54,0.3423611111111111,0.5750391036808701,938610360.0,2,1,321343685.75,5,1,1,0.6497220431744651,1
CUST_10391,8.59,0.4,0.5708831445630097,651812750.0,2,1,260725100.0,0,1,1,0.643810114063837,1
CUST_06718,10.99,0.1111111111111111,0.3685912242540566,1407915540.0,2,1,156435060.0,1,1,0,0.38107985352964696,0
CUST_03063,14.59,0.1160714285714285,0.4014662672679152,730030280.0,2,1,84735657.5,1,1,0,0.441330669782617,0
CUST_19349,13.98,0.2083333333333333,0.3839503498543332,375444144.0,2,0,78217530.0,0,1,1,0.507235333324524,1
CUST_00131,15.33,0.5681818181818182,0.8117623685342162,1147190440.0,2,1,651812750.0,3,1,1,0.8674241823543235,1
CUST_12349,10.38,0.3108888831316873,0.525513060963577,1006372813.49,2,1,312870120.0,5,1,1,0.6283371263162854,1
CUST_16803,10.25,0.4169446297531687,0.4843896206073918,937984619.76,2,1,391087650.0,4,1,1,0.7151927644983911,1
CUST_18872,12.53,0.039469529523208,0.199924832825261,990859670.04,2,0,39108765.0,0,1,0,0.3431917605283571,0
CUST_16903,11.28,0.1043478260869565,0.1576765226036749,1499169325.0,2,1,156435060.0,2,1,0,0.3634633083804053,0
CUST_11603,15.57,0.3623188405797101,0.577693142679827,1799003190.0,3,1,651812750.0,3,1,1,0.7924616151890951,1
CUST_18148,15.99,0.0645569620253164,0.2245976142548377,4119456580.0,2,0,265939602.0,3,1,0,0.09530519379742562,0
CUST_13239,11.49,0.4711538461538461,0.770102340627317,677885260.0,2,1,319388247.5,5,1,1,0.6952452415766296,1
CUST_10430,7.49,0.3448275862068966,0.5856477199779329,756102790.0,2,1,260725100.0,4,1,1,0.6238149391296557,1
CUST_00696,17.27,0.1666666666666666,0.2418134791360815,547522710.0,3,0,91253785.0,3,1,0,0.4858266918313597,0
CUST_02185,19.47,0.1650818806127839,0.4390698592826846,789684182.88,1,0,130362550.0,2,1,0,0.478209790382335,0
CUST_16617,7.51,0.1037037037037037,0.272429013468869,703957770.0,2,1,73003028.0,3,1,0,0.4341120600132461,0
CUST_17980,10.99,0.0757575757575757,0.2386889201457606,5162356980.0,3,0,391087650.0,3,1,0,0.07112380597892708,0
CUST_18691,11.03,0.3734061930783242,0.580036251867026,1145104639.2,2,0,427589164.0,3,1,1,0.7125659906582977,1
CUST_15106,12.99,0.1041666666666666,0.3209347280368014,375444144.0,2,0,39108765.0,4,1,0,0.46490045858350665,0
CUST_04772,12.69,0.15625,0.2597161261355623,834320320.0,2,1,130362550.0,1,1,0,0.46901583004928177,0
CUST_04126,10.99,0.3038194444444444,0.5875624562227745,375444144.0,2,1,114067231.25,3,1,1,0.5459661224503825,1
CUST_00894,16.69,0.0694444444444444,0.2965833126301165,375444144.0,2,0,26072510.0,4,1,0,0.45087059648795164,0
CUST_23213,18.43,0.25,0.4127694419928013,521450199.9999999,2,1,130362550.0,5,1,1,0.5335510638588553,1
CUST_19725,7.68,0.2058339214302517,0.5033475550658245,443336960.04,2,1,91253785.0,1,1,1,0.5073426504355478,1
CUST_22673,9.45,0.1923076923076923,0.3321510080894402,1016827890.0,2,1,195543825.0,3,1,1,0.5019332166083094,1
CUST_09554,12.69,0.2683333333333333,0.462323860546774,782175300.0,2,1,209883705.5,2,1,1,0.5655667568824847,1
CUST_28904,10.99,0.1904761904761904,0.3794276600645508,2737613550.0,2,1,521450199.9999999,4,1,0,0.49976981339609766,0
CUST_08315,7.9,0.1704545454545454,0.2655336059706668,1147190440.0,2,1,195543825.0,5,1,0,0.4750267409413608,0
CUST_00160,17.58,0.1157894736842105,0.3579295893747656,4953776900.0,3,0,573595220.0,2,1,0,0.1671615622879101,0
CUST_26054,10.59,0.2131147540983606,0.2839116203532776,1590423110.0,2,1,338942630.0,0,1,1,0.5388166739409985,1
CUST_15873,15.01,0.0380450687737781,0.2480250396455184,4454488333.5,3,1,169471315.0,5,1,0,0.04994462141474096,0
CUST_00738,14.88,0.2857142857142857,0.3569841418328762,1825075700.0,2,1,521450199.9999999,4,1,1,0.6798414303903454,1
CUST_09212,9.63,0.1851851851851851,0.3879562572833618,1407915540.0,3,1,260725100.0,5,1,0,0.49180745506459067,0
CUST_17104,21.74,0.2229508196721311,0.2863320807825165,795211555.0,2,0,177293068.0,0,1,1,0.5278971088203825,1
CUST_14870,10.99,0.0529411764705882,0.2508904131163761,886465340.0,2,1,46930518.0,2,1,0,0.37076538539967613,0
CUST_06319,15.62,0.2068680182043856,0.476787476771506,756207080.04,2,1,156435060.0,4,1,1,0.5133698557790791,1
CUST_00020,10.99,0.162037037037037,0.3025054399209287,281583108.0,3,1,45626892.5,2,1,0,0.4912966890725654,0
CUST_00909,10.99,0.3518518518518518,0.4156521514259072,1407915540.0,2,1,495377689.9999999,4,1,1,0.7280326449651012,1
CUST_03490,6.03,0.4427083333333333,0.6841456381546915,625740240.0,2,1,277020418.75,5,1,1,0.6646614118301787,1
CUST_28873,7.88,0.3541666666666667,0.6034513336222392,1251480480.0,2,1,443232670.0,2,1,1,0.7084396181128967,1
CUST_08131,11.49,0.042031103016232,0.3258225541882744,1302660817.13,3,1,54752271.0,2,1,0,0.30176812664350094,0
CUST_16484,12.87,0.1025641025641025,0.3612067358989974,2033655780.0,3,0,208580080.0,3,1,0,0.31520980353031364,0
CUST_16238,9.62,0.2333333333333333,0.3043739102089816,782175300.0,2,1,182507570.0,2,1,1,0.5362077754956459,1
CUST_24897,14.96,0.3286764705882353,0.6050897432154031,886465340.0,2,1,291360299.25,3,1,1,0.6296919402087446,1
CUST_02414,11.14,0.0390625,0.2037165194622032,1668640640.0,2,1,65181274.99999999,1,1,0,0.2504797021613401,0
CUST_32251,11.86,0.0684931506849315,0.1459944281869031,1903293230.0,3,1,130362550.0,2,1,0,0.2675065061758884,0
CUST_22353,14.96,0.2301420305102577,0.2892059830875357,793021464.16,2,0,182507570.0,1,1,1,0.5339784655423734,1
CUST_00610,6.54,0.4048582995951417,0.5873658067030302,1287981994.0,2,1,521450199.9999999,2,1,1,0.7679558877349357,1
CUST_23451,7.51,0.3094795539033457,0.5233649410082399,701350519.0,2,1,217053645.75,4,1,1,0.5894407760712157,1
CUST_29040,6.76,0.3410059676044331,0.5185982819399442,366996650.76,2,1,125148048.0,5,1,1,0.5595683212783082,1
CUST_00441,19.69,0.2891566265060241,0.4848502527271867,2164018330.0,2,1,625740240.0,3,1,1,0.7160991625222723,1
CUST_17534,20.25,0.3229795323256372,0.4204208342436761,2825373618.66,2,1,912537850.0,1,1,1,0.8351117717539982,1
CUST_22573,8.0,0.3485576923076923,0.4980261631008079,542308208.0,2,1,189025697.5,5,1,1,0.5918291135256031,1
CUST_00846,12.61,0.3640350877192982,0.5036947325703806,594453228.0,3,0,216401833.0,0,1,1,0.6099612490803248,1
CUST_24874,20.03,0.3489086138558588,0.6105174305668515,1868147486.52,3,1,651812750.0,0,1,1,0.7829088278607692,1
CUST_19233,6.54,0.4710144927536231,0.7647095990306697,719601276.0,2,1,338942630.0,3,1,1,0.7058009665101664,1
CUST_03070,17.56,0.2551372224520756,0.4619198475205829,756207080.04,3,1,192936574.0,2,1,1,0.5527430900453606,1
CUST_12079,7.51,0.4791666666666667,0.6968856702021555,625740240.0,2,1,299833865.0,2,1,1,0.6863380562077035,1
CUST_02642,10.99,0.0769230769230769,0.2946182580018389,1016827890.0,2,0,78217530.0,2,1,0,0.37730908283915154,0
CUST_19712,10.99,0.1062367204099487,0.4050476992371081,834424610.04,2,0,88646534.0,4,1,0,0.4243211054636012,0
CUST_04188,14.17,0.1176470588235294,0.2688061075212557,886465340.0,3,1,104290040.0,2,1,0,0.4303979060862538,0
CUST_27773,10.71,0.0531914893617021,0.1890935545803793,4901631880.0,3,1,260725100.0,2,1,0,0.051203917840635924,0
CUST_16564,10.99,0.2604166666666667,0.5499589814151195,500592191.9999999,2,1,130362550.0,5,1,1,0.537837445405846,1
CUST_01994,15.62,0.0373263888888888,0.3210010796058611,1501776576.0,2,0,56055896.5,3,1,0,0.26938308044990045,0
CUST_03112,11.83,0.4081632653061224,0.6525903912045684,766531794.0,3,1,312870120.0,5,1,1,0.673322929393389,1
CUST_05521,15.62,0.0847457627118644,0.203941011754036,1538278090.0,2,0,130362550.0,5,1,0,0.3305441458784384,0
CUST_03694,11.49,0.2222222222222222,0.3151919538743426,469305180.0,2,1,104290040.0,5,1,1,0.516104759690474,1
CUST_29713,15.62,0.15,0.3373340016865257,782175300.0,3,1,117326295.0,3,1,0,0.4656700213100547,0
CUST_02201,12.61,0.4637931034482758,0.5666821159845437,756102790.0,2,1,350675259.5,5,1,1,0.7100835886279322,1
CUST_24974,11.83,0.1438356164383561,0.2453269167272255,1903293230.0,3,1,273761355.0,1,1,0,0.404790561778638,0
CUST_23707,14.22,0.4817708333333333,0.6136099410242802,500592191.9999999,2,1,241170717.5,5,1,1,0.6529645791041507,1
CUST_29316,10.25,0.3076923076923077,0.3932015715258516,1694713150.0,2,1,521450199.9999999,0,1,1,0.70281780934015,1
CUST_00947,10.25,0.4293713532843967,0.7267538400793525,1108185965.04,2,1,475823307.5,5,1,1,0.7590580586957714,1
CUST_23517,6.76,0.0347222222222222,0.1317532544287074,1501776576.0,3,1,52145020.0,0,1,0,0.2660586987822396,0
CUST_06237,14.27,0.2,0.2777439785061297,782175300.0,2,1,156435060.0,2,1,1,0.5080084439754032,1
CUST_04066,11.71,0.1323529411764706,0.1943569722914601,886465340.0,3,1,117326295.0,5,1,0,0.4443061609792344,0
CUST_29813,10.99,0.1176609012825038,0.366810345607802,886361049.9599999,2,1,104290040.0,5,1,0,0.43041903060599584,0
CUST_18204,11.12,0.7577177852768404,0.9654899734825002,834424610.04,2,1,632258367.5,0,1,1,0.8861498296711138,1
CUST_12354,10.83,0.3076923076923077,0.4532515220478636,1016827890.0,2,1,312870120.0,5,1,1,0.6263176078747503,1
CUST_00642,12.53,0.3636363636363636,0.6322258215658426,1433988050.0,2,1,521450199.9999999,3,1,1,0.7457686160545832,1
CUST_29294,11.14,0.3092145949288806,0.5481135675165276,505910984.04,3,1,156435060.0,5,1,1,0.5647084903907004,1
CUST_02311,10.99,0.1000160025604096,0.2135343492202931,651708459.9599999,2,1,65181274.99999999,5,1,0,0.4363870656712199,0
CUST_17245,16.29,0.1865671641791045,0.4213906571436598,419245960.8,2,0,78217530.0,2,1,0,0.4981882792584831,0
CUST_18512,16.32,0.0694444444444444,0.1203965984115546,375444144.0,2,0,26072510.0,2,1,0,0.45087059648795164,0
CUST_10503,14.65,0.3225806451612903,0.3736168490671552,808247810.0,2,1,260725100.0,4,1,1,0.6136518624214577,1
CUST_01275,14.26,0.2579365079365079,0.3580788168173983,657027252.0,3,0,169471315.0,0,1,1,0.5478435630617496,1
CUST_14453,13.22,0.2084210526315789,0.4081526579117211,2476888450.0,3,0,516235697.9999999,1,1,1,0.5478252941257916,1
CUST_29967,16.45,0.1724137931034483,0.3631713727262534,756102790.0,2,1,130362550.0,5,1,0,0.4851368279969017,0
CUST_32268,13.79,0.3125,0.387442429777777,834320320.0,2,1,260725100.0,5,1,1,0.6085323200797461,1
CUST_04911,14.84,0.1470761266031297,0.2265849881817227,886361049.9599999,2,0,130362550.0,0,1,0,0.45832362891244666,0
CUST_26154,9.76,0.3111111111111111,0.5344135773843021,1173262950.0,2,1,365015140.0,2,1,1,0.6486926457185148,1
CUST_24131,12.99,0.3308823529411764,0.4305043400243471,1418344544.0,3,0,469305180.0,5,1,1,0.7032867598830739,1
CUST_02819,12.23,0.0612244897959183,0.1451681632372424,1277552990.0,2,0,78217530.0,3,1,0,0.3281853729812227,0
CUST_18287,15.58,0.4105263157894737,0.4966382502158383,495377689.9999999,1,0,203365578.0,1,1,1,0.6159715166909743,1
CUST_04303,13.99,0.1045454545454545,0.3137398955828053,1147190440.0,2,1,119933546.0,3,1,0,0.39464772599602255,0
CUST_29024,15.28,0.2641310089804543,0.3401265630678416,1381947320.04,2,0,365015140.0,3,1,1,0.6084679231711805,1
CUST_25129,10.99,0.32,0.497134173160961,977719125.0,2,1,312870120.0,3,1,1,0.6338488110930451,1
CUST_14690,16.45,0.3947368421052631,0.5384807725757103,990755380.0,2,0,391087650.0,0,1,1,0.7062289731173942,1
CUST_16969,13.16,0.5104166666666666,0.5847206470498897,625740240.0,2,1,319388247.5,2,1,1,0.704296239692913,1
CUST_28013,7.9,0.080672268907563,0.3065670775508675,3878285862.5,2,1,312870120.0,5,1,0,0.13613563564555844,0
CUST_20120,10.0,0.1538224888478695,0.410353033441244,677989550.04,2,1,104290040.0,2,1,0,0.4730313363329492,0
CUST_20479,16.29,0.1655172413793103,0.224817123639103,756102790.0,2,0,125148048.0,0,1,0,0.4794915328335753,0
CUST_08177,13.99,0.1682009319240822,0.317228681804607,1147060077.45,2,0,192936574.0,0,1,0,0.4722352474451244,0
CUST_09856,17.06,0.2647058823529412,0.3331479882049213,886465340.0,2,0,234652590.0,5,1,1,0.5707752533923002,1
CUST_19574,15.37,0.0555555555555555,0.1838701219814003,1407915540.0,2,0,78217530.0,5,1,0,0.30489128835540646,0
CUST_18215,15.65,0.1013513513513513,0.3592329033763481,3858731480.0,3,0,391087650.0,1,1,0,0.18355247659062648,0
CUST_13837,9.45,0.3333333333333333,0.5713172306733083,1095045420.0,2,1,365015140.0,3,1,1,0.663274976962921,1
CUST_16052,11.99,0.2564102564102564,0.3209158008066035,1016827890.0,2,1,260725100.0,5,1,1,0.5720828650795111,1
CUST_29534,10.59,0.0412037037037037,0.1016129659600213,1407915540.0,2,1,58011334.75,1,1,0,0.2866468562008702,0
CUST_20091,11.12,0.201816347124117,0.3274520788403117,516757148.2,2,1,104290040.0,0,1,1,0.506308466688039,1
CUST_12087,15.05,0.320548779510522,0.5529925905479676,1626742116.43,0,0,521450199.9999999,5,1,1,0.7144124563483419,1
CUST_16425,10.36,0.0510204081632653,0.2516493101203686,1533063588.0,2,1,78217530.0,2,1,0,0.28342939524359634,0
CUST_07274,10.99,0.325,0.5840105830934099,521450199.9999999,2,1,169471315.0,3,1,1,0.575414940602259,1
CUST_24267,13.11,0.3007751937984496,0.4200925824609444,1681676895.0,3,0,505806693.9999999,2,1,1,0.6907641281039577,1
CUST_02503,15.99,0.1666666666666666,0.375747991178943,469305180.0,2,0,78217530.0,1,1,0,0.4878505866462907,0
CUST_32344,16.29,0.1530612244897959,0.3286000601452955,2555105980.0,2,0,391087650.0,3,1,0,0.3976250256188809,0
CUST_18948,10.0,0.2372881355932203,0.3483798278593833,769139045.0,3,1,182507570.0,3,1,1,0.5388853129946004,1
CUST_22124,9.32,0.1896739130434782,0.3721054080624654,1199335460.0,3,1,227482649.75,2,1,0,0.498856150866503,0
CUST_06409,15.62,0.206265899663099,0.3997396724576673,1137621828.83,3,1,234652590.0,3,1,1,0.5193659198481346,1
CUST_02105,16.49,0.08,0.249188722750173,782175300.0,2,0,62574023.99999999,4,1,0,0.40734830283414436,0
CUST_10350,9.63,0.4545454545454545,0.6015424331088675,573595220.0,2,1,260725100.0,4,1,1,0.6584884163587614,1
CUST_07580,5.99,0.3125,0.3691052309445425,1251480480.0,3,1,391087650.0,2,1,1,0.6596467917848259,1
CUST_01474,19.29,0.0347222222222222,0.2540732966659394,901065945.6,2,1,31287012.0,5,1,0,0.35232676246333794,0
CUST_03626,15.65,0.1785714285714285,0.3177120430515463,547522710.0,2,1,97771912.5,3,1,0,0.4928889077364193,0
CUST_06258,15.99,0.2,0.2991291455278634,782175300.0,2,0,156435060.0,1,1,1,0.5080084439754033,1
CUST_07476,14.11,0.2158730158730158,0.3985155195024232,821284065.0,2,1,177293068.0,4,1,1,0.5225253966916105,1
CUST_03022,10.99,0.0666666666666666,0.1658893804580134,1251480480.0,2,0,83432032.0,2,1,0,0.3379926960936678,0
CUST_00415,7.29,0.4,0.4533263861172792,1564350600.0,2,1,625740240.0,0,1,1,0.8054411804685724,1
CUST_20032,8.49,0.19140625,0.4845077723653446,500592191.9999999,2,1,95816474.25,4,1,1,0.5004625896326528,1
CUST_28377,6.91,0.5,0.7273100537621151,1042900400.0,2,1,521450199.9999999,5,1,1,0.8020724632212168,1
CUST_18547,10.75,0.5807200929152149,0.7479894446521647,808143519.9599999,2,1,469305180.0,3,1,1,0.7969214831142917,1
CUST_00496,10.74,0.4230769230769231,0.5848128534535796,1355770520.0,2,1,573595220.0,0,1,1,0.7968777322040431,1
CUST_31173,7.49,0.5882352941176471,0.6570053836452147,531879203.9999999,2,1,312870120.0,5,1,1,0.7144568314010221,1
CUST_07482,15.65,0.1478260869565217,0.2608129105724905,1199335460.0,2,0,177293068.0,4,1,0,0.4446789470856055,0
CUST_05024,15.37,0.1282051282051282,0.3046782285159609,1016827890.0,2,0,130362550.0,3,1,0,0.43170737788145574,0
CUST_28485,16.29,0.2267573696145124,0.4800739307251294,459919076.4,1,1,104290040.0,0,1,1,0.5180412611273201,1
CUST_25844,14.59,0.1277057659153311,0.3649785766162617,2041607895.55,3,0,260725100.0,0,1,0,0.36439306692545154,0
CUST_10384,12.09,0.2950819672131147,0.5567050323266695,1590423110.0,3,0,469305180.0,1,1,1,0.6727881141725193,1
CUST_27055,14.09,0.0444444444444444,0.1066385380595031,938610360.0,2,0,41716016.0,3,1,0,0.3555736665582969,0
CUST_04771,14.27,0.15625,0.3737104295162281,834320320.0,2,0,130362550.0,4,1,0,0.46901583004928193,0
CUST_23946,12.68,0.3333333333333333,0.4719913288618481,782175300.0,2,1,260725100.0,0,1,1,0.6187463989207398,1
CUST_11348,14.11,0.2215657311669128,0.4352893583696878,1765108927.0,3,0,391087650.0,2,1,1,0.5590596626812709,1
CUST_04257,9.76,0.093167701863354,0.1858203149080173,1259302233.0,2,1,117326295.0,1,1,0,0.3701084165923989,0
CUST_26852,14.17,0.1941747572815534,0.3483349378111992,2685468530.0,3,0,521450199.9999999,1,1,1,0.5105391653238601,1
CUST_22082,14.11,0.0321100917431192,0.1210758500315237,5683807180.0,2,0,182507570.0,3,1,0,0.019747596699400193,0
CUST_26668,11.49,0.0918367346938775,0.1436484544706992,2555105980.0,3,1,234652590.0,2,1,0,0.2509293225672411,0
CUST_00279,19.04,0.3543586109142452,0.406921914187761,1839415580.5,2,0,651812750.0,5,1,1,0.7869164820523917,1
CUST_03957,5.99,0.1336898395721925,0.4238438886195453,877600686.5999999,3,1,117326295.0,3,1,0,0.4461152277834041,0
CUST_12692,7.68,0.0889453621346886,0.3675504686819161,2051906537.0,3,1,182507570.0,3,1,0,0.2882288048847014,0
CUST_18557,8.88,0.36,0.4540429510117074,1303625500.0,2,1,469305180.0,0,1,1,0.7226776256611664,1
CUST_18554,10.99,0.3913383772501956,0.4955157348066,1199231169.96,2,1,469305180.0,3,1,1,0.7396280185109224,1
CUST_32557,7.51,0.4,0.465734185740899,1303625500.0,2,1,521450199.9999999,3,1,1,0.7656446678807154,1
CUST_31085,9.63,0.1611681467274807,0.3020391578222896,1617721027.97,2,1,260725100.0,5,1,0,0.448651620883236,0
CUST_25121,10.99,0.3253090435914118,0.5608630350548658,961762748.88,2,0,312870120.0,5,1,1,0.6369030858916581,1
CUST_18854,11.49,0.05,0.1853198649708727,782175300.0,2,1,39108765.0,3,1,0,0.38303593640270145,0
CUST_18232,10.75,0.4137931034482758,0.6945739035456376,1512205580.0,2,1,625740240.0,2,1,1,0.8121039246907565,1
CUST_07226,15.88,0.0992204110559886,0.2807368438199764,1839415580.5,2,1,182507570.0,5,1,0,0.3255380316970788,0
CUST_18112,7.51,0.3333333333333333,0.4351933604639159,391087650.0,1,1,130362550.0,0,1,1,0.5602348805268235,1
CUST_28591,6.92,0.2976190476190476,0.5298947891336585,438018168.0,2,1,130362550.0,0,1,1,0.5506605823308451,1
CUST_15568,14.59,0.3434343434343434,0.6419972004598038,516235697.9999999,1,1,177293068.0,1,1,1,0.5847253122662938,1
CUST_20122,16.0,0.1505570611261668,0.3254435425934068,692694445.68,2,1,104290040.0,1,1,0,0.4700038045528748,0
CUST_19236,7.9,0.3939393939393939,0.6809384961991921,860392830.0,2,1,338942630.0,3,1,1,0.6810824781948697,1
CUST_00632,15.65,0.4166666666666667,0.6019102162381192,1251480480.0,2,1,521450199.9999999,5,1,1,0.7732866490051633,1
CUST_26139,11.54,0.238095238095238,0.3560426595588931,2190090840.0,3,0,521450199.9999999,3,1,1,0.6109857373171994,1
CUST_16579,8.59,0.0852514919011082,0.2413281213506619,1529152711.5,3,1,130362550.0,5,1,0,0.3322146792069875,0
CUST_03698,13.22,0.2222222222222222,0.4188690964017779,469305180.0,2,0,104290040.0,3,1,1,0.5161047596904741,1
CUST_19617,17.44,0.0423071499083345,0.3394465892051092,1848801684.1,2,0,78217530.0,5,1,0,0.23354785586301033,0
CUST_00550,11.36,0.3333333333333333,0.4110973385680493,1642568130.0,2,1,547522710.0,5,1,1,0.7343652963332908,1
CUST_18474,18.17,0.1941747572815534,0.2509228089044738,2685468530.0,2,1,521450199.9999999,4,1,1,0.5105391653238606,1
CUST_03105,12.69,0.2464285714285714,0.3818864191601345,365015140.0,2,1,89950159.5,1,1,1,0.5220935869102863,1
CUST_01233,11.71,0.3765237445286393,0.4690922531665761,1107925239.94,2,1,417160160.0,4,1,1,0.7095868735199881,1
CUST_07729,14.26,0.21875,0.3793477937080947,834320320.0,2,1,182507570.0,1,1,1,0.5254782670845489,1
CUST_18195,16.77,0.0715421303656597,0.1317811240420225,3279921758.0,2,1,234652590.0,5,1,0,0.1554440929767087,0
CUST_03937,5.79,0.101010101010101,0.2256942895035359,1032471396.0,2,1,104290040.0,2,1,0,0.40110522387696934,0
CUST_24939,9.76,0.1041666666666666,0.2886066392314913,1877220720.0,3,1,195543825.0,1,1,0,0.331114786035521,0
CUST_03701,14.35,0.2105263157894736,0.3524215670280413,495377689.9999999,2,0,104290040.0,2,1,1,0.5107232313659436,1
CUST_19341,13.61,0.2375,0.5139387253330119,312870120.0,2,0,74306653.5,0,1,1,0.5159162343027353,1
CUST_00545,14.91,0.0729166666666666,0.327817766736826,500592191.9999999,3,0,36501514.0,1,1,0,0.43651078895917933,0
CUST_12404,9.91,0.3333333333333333,0.4980091542914826,938610360.0,2,1,312870120.0,0,1,1,0.6413151552356511,1
CUST_16402,12.17,0.125,0.1998614703075071,1668640640.0,3,1,208580080.0,3,1,0,0.38360172164680106,0
CUST_13487,8.0,0.0749962501874906,0.1958007502111703,2085905090.04,3,1,156435060.0,0,1,0,0.2601592587570949,0
CUST_17515,15.05,0.1275690999291282,0.268710178246599,1839415580.5,2,0,234652590.0,5,1,0,0.3769911783938246,0
CUST_30590,14.96,0.25,0.4658040497050814,834320320.0,2,0,208580080.0,3,1,1,0.5535562512051705,1
CUST_19431,10.65,0.088235294117647,0.3200704607369193,886465340.0,2,1,78217530.0,0,1,0,0.402928813042436,0
CUST_29781,16.0,0.2272727272727272,0.3579767904077972,458876176.0,2,1,104290040.0,0,1,1,0.5182563955700665,1
CUST_29224,13.11,0.2659574468085106,0.5458658562015256,2450815940.0,2,1,651812750.0,1,1,1,0.690248667939962,1
CUST_02006,14.17,0.4307692307692308,0.5577578855509576,847356575.0,2,1,365015140.0,5,1,1,0.7073545794524616,1
CUST_25153,10.99,0.0437201907790143,0.1792925169118561,1639960879.0,3,0,71699402.5,5,1,0,0.2603601787860243,0
CUST_31629,10.96,0.3846153846153846,0.6057503594463668,1016827890.0,2,1,391087650.0,0,1,1,0.7017399295820843,1
CUST_11117,13.62,0.2298850574712643,0.4323782061344625,1134154185.0,2,0,260725100.0,5,1,1,0.5482038351391729,1
CUST_09015,10.38,0.1435185185185185,0.3791480484773092,1407915540.0,3,1,202061952.5,2,1,0,0.4287060589963419,0
CUST_17133,11.89,0.4291221179722161,0.5837240408086362,1433883759.96,2,1,615311236.0,1,1,1,0.8150601873577837,1
CUST_12212,11.48,0.4,0.4806648708070691,782175300.0,2,1,312870120.0,4,1,1,0.6704735926814078,1
CUST_08486,17.27,0.3229166666666667,0.4574191637029916,625740240.0,2,1,202061952.5,1,1,1,0.5888279846218085,1
CUST_18840,15.62,0.0815217391304347,0.2282863724340481,719601276.0,3,1,58663147.5,2,1,0,0.41576206916342595,0
CUST_28751,10.65,0.3697916666666667,0.4920643180156585,625740240.0,2,1,231393526.25,2,1,1,0.619234905810688,1
CUST_25968,14.79,0.4266666666666667,0.602209696356897,782175300.0,2,0,333728128.0,5,1,1,0.6901384541188824,1
CUST_11254,16.49,0.5318866017765013,0.8233718015049448,1470567781.53,3,1,782175300.0,5,1,1,0.8981131247797116,1
CUST_24964,6.91,0.3257142857142857,0.4928908933287598,912537850.0,2,1,297226614.0,4,1,1,0.6305995064001821,1
CUST_11045,6.91,0.28125,0.4871644847801323,375444144.0,2,1,105593665.5,5,1,1,0.5368441773648294,1
CUST_31064,10.99,0.1705029838022165,0.3420189912568828,1529152711.5,3,1,260725100.0,5,1,0,0.4668132120970574,0
CUST_01196,10.99,0.351063829787234,0.49450534888774,1225407970.0,2,1,430196415.0,5,1,1,0.7011615634910787,1
CUST_13371,10.75,0.1125,0.3783071357753684,625740240.0,2,1,70395777.0,3,1,0,0.44725379534935206,0
CUST_00004,15.23,0.5343511450381679,0.6435921549632,1707749405.0,2,1,912537850.0,5,1,1,0.9272847568301001,1
CUST_07209,16.07,0.2147766323024054,0.2750775954090397,758710041.0,2,0,162953187.5,0,1,1,0.5199110393151001,1
CUST_18555,8.49,0.36,0.4209162274068707,1303625500.0,2,1,469305180.0,0,1,1,0.7226776256611664,1
CUST_10056,11.36,0.3389830508474576,0.6350530688095437,1538278090.0,3,1,521450199.9999999,2,1,1,0.729088567763268,1
CUST_18053,9.99,0.3306878306878307,0.4120852952323511,1971081756.0,2,1,651812750.0,0,1,1,0.7681067715998264,1
CUST_00085,10.99,0.225,0.3449290327298941,312870120.0,1,1,70395777.0,3,1,1,0.5116801675687593,1
CUST_22077,14.42,0.0648148148148148,0.2628327571878716,2815831080.0,2,0,182507570.0,2,1,0,0.17723743405873962,0
CUST_18105,10.99,0.119047619047619,0.1809849303649154,4380181680.0,2,0,521450199.9999999,4,1,0,0.2045564659183457,0
CUST_19941,6.62,0.3219696969696969,0.5091895569744931,860392830.0,2,1,277020418.75,5,1,1,0.6201678178131204,1
CUST_31647,12.42,0.3135451505016722,0.5099868619493552,1247308878.4,2,1,391087650.0,0,1,1,0.6604201923257694,1
CUST_15879,13.98,0.0694444444444444,0.1369077633152185,5631662160.0,3,0,391087650.0,3,1,0,0.04939233241395031,0
CUST_29236,15.7,0.2492522432701894,0.4968483342087032,2615072753.0,2,0,651812750.0,5,1,1,0.6605101841795219,1
CUST_19276,15.68,0.077862215024293,0.3493941036507181,837136151.0799999,2,0,65181274.99999999,4,1,0,0.39914147398734084,0
CUST_05610,13.49,0.0675675675675675,0.2589558451655716,1929365740.0,2,0,130362550.0,3,1,0,0.26330665144739285,0
CUST_16319,9.32,0.3697478991596639,0.4615921620268612,620525738.0,2,1,229438088.0,0,1,1,0.618251137708567,1
CUST_19795,13.06,0.1783333333333333,0.3087587118600224,782175300.0,3,1,139487928.5,0,1,0,0.48964022220093073,0
CUST_00190,10.99,0.2083333333333333,0.381582266197324,375444144.0,1,1,78217530.0,1,1,1,0.5072353333245238,1
CUST_11273,14.54,0.2040982937382643,0.3686438701612491,1277448699.96,2,0,260725100.0,5,1,1,0.5187467546940727,1
CUST_14718,8.94,0.375,0.4847306687642084,1042900400.0,2,1,391087650.0,4,1,1,0.6972116998764142,1
CUST_29274,14.26,0.3671875,0.5443901120242378,1668640640.0,2,1,612703985.0,2,1,1,0.7821030159568068,1
CUST_05648,14.96,0.0625,0.1909695967944564,2085800800.0,2,0,130362550.0,3,1,0,0.23901208619098144,0
CUST_00293,13.47,0.24,0.4660282305692538,391087650.0,3,1,93861036.0,0,1,1,0.5209495749490387,1
CUST_10011,8.94,0.3854166666666667,0.6705985586626078,625740240.0,2,1,241170717.5,1,1,1,0.6291787519928126,1
CUST_06779,9.91,0.3073410607657183,0.5581915590224303,593827487.76,2,1,182507570.0,1,1,1,0.5746144159634774,1
CUST_21173,15.21,0.0675675675675675,0.2060471473606918,1929365740.0,2,1,130362550.0,3,1,0,0.2633066514473929,0
CUST_03686,15.33,0.46875,0.5408235104643795,834320320.0,3,1,391087650.0,5,1,1,0.7323130379033207,1
CUST_01089,15.95,0.5401234567901234,0.8053974060604315,844749324.0,2,0,456268925.0,1,1,1,0.782516916730229,1
CUST_27292,14.96,0.211864406779661,0.3156166584333925,3076556180.0,3,0,651812750.0,3,1,1,0.5705947844118022,1
CUST_17844,18.25,0.3932584269662921,0.5864098303744019,2320453390.0,2,1,912537850.0,1,1,1,0.8848799760010385,1
CUST_30023,12.87,0.1046511627906976,0.1835158188914611,2242235860.0,2,1,234652590.0,1,1,0,0.30255509912603284,0
CUST_01594,15.62,0.3392857142857143,0.6131052152431177,730030280.0,3,1,247688845.0,3,1,1,0.6155707448819701,1
CUST_08595,10.99,0.3333333333333333,0.5952314472362502,625740240.0,2,1,208580080.0,2,1,1,0.5956529311021106,1
CUST_09716,10.25,0.2375,0.3686355723046214,938610360.0,2,1,222919960.5,5,1,1,0.5476200698092444,1
CUST_32542,14.11,0.1533742331288343,0.3324978655609089,4249819130.0,3,1,651812750.0,0,1,0,0.33512311395635513,0
CUST_15597,10.99,0.1923076923076923,0.2989809088023992,2033655780.0,2,0,391087650.0,3,1,1,0.5038663754169896,1
CUST_06450,22.11,0.1751569113997956,0.3897368978232399,893113830.05,2,0,156435060.0,4,1,0,0.4850984254354603,0
CUST_27074,7.43,0.0242374727668845,0.2772454173248644,2393456418.0,3,1,58011334.75,5,1,0,0.15109908776367276,0
CUST_19418,15.62,0.0943396226415094,0.2729319691927959,829105818.0,2,0,78217530.0,3,1,0,0.41438079164844244,0
CUST_02260,13.57,0.4333333333333333,0.5910228168752959,782175300.0,2,0,338942630.0,3,1,1,0.6949525802634191,1
CUST_08329,8.49,0.1689189189189189,0.2277179535866517,1157619444.0,2,1,195543825.0,3,1,0,0.4728784078314317,0
CUST_17514,15.65,0.2798181182231549,0.4248483948621692,745413060.9,2,0,208580080.0,3,1,1,0.571630727878053,1
CUST_13295,6.92,0.3125,0.4744002429840786,1042900400.0,2,1,325906375.0,2,1,1,0.6344681876137224,1
CUST_19209,10.65,0.3785714285714285,0.5341766270760158,912537850.0,2,1,345460757.5,2,1,1,0.6778545052133006,1
CUST_02926,10.99,0.3103448275862069,0.3919104711587104,756102790.0,3,1,234652590.0,3,1,1,0.5969382734755616,1
CUST_08050,9.45,0.1846153846153846,0.4405947566661899,1016827890.0,2,1,187722072.0,1,1,0,0.4934549587686906,0
CUST_01472,12.69,0.0352941176470588,0.176344584211068,886465340.0,2,1,31287012.0,1,1,0,0.355084425634229,0
CUST_06863,13.49,0.0909090909090909,0.2847938891084641,1720785660.0,2,0,156435060.0,4,1,0,0.3222459839932254,0
CUST_08827,15.62,0.0925925925925925,0.2186028972205937,1407915540.0,3,0,130362550.0,5,1,0,0.35479776274763875,0
CUST_12326,13.23,0.3157894736842105,0.5274232764048147,990755380.0,2,0,312870120.0,0,1,1,0.6313454643266627,1
CUST_22611,11.86,0.25,0.3115624651934782,782175300.0,2,1,195543825.0,2,1,1,0.5502323042239621,1
CUST_03728,14.84,0.1666666666666666,0.3009006138487006,625740240.0,2,0,104290040.0,5,1,0,0.48380326173119226,0
CUST_05977,7.9,0.0761904761904762,0.2580799729918416,1095045420.0,3,1,83432032.0,0,1,0,0.3674896696563571,0
CUST_27049,16.89,0.0484848484848484,0.3353737815816512,860392830.0,2,0,41716016.0,1,1,0,0.3705162841911082,0
CUST_23630,16.77,0.135593220338983,0.2528045134062141,1538278090.0,3,0,208580080.0,4,1,0,0.40936782972099534,0
CUST_14861,12.53,0.2801120448179272,0.3749006091676115,2326971517.5,3,1,651812750.0,5,1,1,0.7116899265858847,1
CUST_15581,15.65,0.2027027027027027,0.3825878266021316,1929365740.0,2,1,391087650.0,4,1,1,0.5253864306538831,1
CUST_14643,10.99,0.2551020408163265,0.4832117371694009,2555105980.0,3,1,651812750.0,3,1,1,0.6715303557839404,1
CUST_22529,16.32,0.1524390243902439,0.2168966770997011,1282767492.0,3,1,195543825.0,3,1,0,0.4471991659973165,0
CUST_15919,16.07,0.3677643306126278,0.4677033388092272,1389534420.45,2,1,511021195.9999999,5,1,1,0.7441554593268647,1
CUST_08822,15.31,0.2285714285714285,0.506743276956936,912537850.0,2,0,208580080.0,3,1,1,0.5375353705034788,1
CUST_23289,10.99,0.1428571428571428,0.2307477385340876,1460060560.0,2,0,208580080.0,0,1,0,0.42507991350655255,0
CUST_27111,19.79,0.2252252252252252,0.4831227440873269,2894048610.0,3,1,651812750.0,3,1,1,0.6070839362977433,1
CUST_15702,17.93,0.4887820512820512,0.7463989880079553,813462312.0,2,1,397605777.5,5,1,1,0.741136787748729,1
CUST_06256,10.99,0.2,0.2955510921116073,782175300.0,2,1,156435060.0,0,1,1,0.5080084439754029,1
CUST_17602,7.9,0.1666666666666666,0.3510228678610523,469305180.0,2,1,78217530.0,3,1,0,0.4878505866462901,0
CUST_29363,8.88,0.4166666666666667,0.7119003729866888,1126332432.0,2,1,469305180.0,4,1,1,0.7510587629499146,1
CUST_14340,15.33,0.3918918918918919,0.474673032246878,964682870.0,2,1,378051395.0,4,1,1,0.698919187764798,1
CUST_15927,8.49,0.1041666666666666,0.1808196729367637,250296096.0,2,1,26072510.0,0,1,0,0.4765789071657381,0
CUST_20246,12.36,0.0909090909090909,0.2756698779446654,1147190440.0,2,0,104290040.0,2,1,0,0.37856438241509804,0
CUST_08881,11.36,0.2051282051282051,0.2804384502350472,1016827890.0,2,1,208580080.0,1,1,1,0.5160587699917465,1
CUST_14190,14.74,0.0794701986754966,0.3422577416562878,1968474505.0,3,0,156435060.0,5,1,0,0.2792637495907317,0
CUST_23514,12.18,0.2956316082359488,0.5251998068049419,1499273615.04,3,1,443232670.0,5,1,1,0.6644267078118469,1
CUST_30653,11.83,0.1111111111111111,0.1981223724088089,1407915540.0,3,1,156435060.0,0,1,0,0.381079853529647,0
CUST_10360,9.91,0.4166666666666667,0.6807830055857285,625740240.0,2,1,260725100.0,1,1,1,0.6487346104439708,1
CUST_15623,5.42,0.6313131313131313,0.9248596543970729,495586270.08,1,1,312870120.0,0,1,1,0.7205347278177553,1
CUST_00263,7.9,0.4133333333333333,0.6592154177799419,391087650.0,1,1,161649562.0,1,1,1,0.5933360155544707,1
CUST_20639,10.28,0.1289473684210526,0.4261190883607513,990755380.0,2,0,127755299.0,2,1,0,0.4342206117483148,0
CUST_18069,16.89,0.0754666127619432,0.3065788487406706,3869421209.1,3,0,292012112.0,5,1,0,0.12665335530743524,0
CUST_26438,8.9,0.0533333333333333,0.1387569803883458,2346525900.0,3,1,125148048.0,3,1,0,0.1984307287842058,0
CUST_25511,14.46,0.1739130434782608,0.2821030362166399,1799003190.0,2,1,312870120.0,4,1,0,0.4675946352940679,0
CUST_06614,5.42,0.1136363636363636,0.2245690887701918,1147190440.0,3,1,130362550.0,5,1,0,0.40550053938741404,0
CUST_23276,14.83,0.188707729468599,0.3886416373588983,690817224.9599999,2,0,130362550.0,5,1,0,0.4986176345439336,0
CUST_18592,17.04,0.2432432432432432,0.3328321417261745,1929365740.0,2,0,469305180.0,4,1,1,0.6084445802120417,1
CUST_11686,17.14,0.144927536231884,0.3559028428175845,1799003190.0,2,1,260725100.0,0,1,0,0.41195229815397943,0
CUST_17715,16.29,0.1126126126126126,0.4101054639403525,578809722.0,2,0,65181274.99999999,3,1,0,0.45125353777696064,0
CUST_08106,7.9,0.1161290322580645,0.3158323084394103,1616495620.0,2,1,187722072.0,2,1,0,0.3724679696567621,0
CUST_11599,16.4,0.15625,0.4172109481057687,1668640640.0,2,1,260725100.0,4,1,0,0.4382687128802178,0
CUST_09631,17.27,0.2366197183098591,0.3222839614279972,925574105.0,2,1,219009084.0,3,1,1,0.546087059359291,1
CUST_01267,16.45,0.3555555555555555,0.4874104465450173,1173262950.0,2,0,417160160.0,5,1,1,0.6983377032213401,1
CUST_14013,14.65,0.0954545454545454,0.2828110906846643,2294380880.0,3,1,219009084.0,1,1,0,0.27967528045480317,0
CUST_06404,11.83,0.1835283321862812,0.438423860697726,1136500710.9,3,1,208580080.0,5,1,0,0.491345913692361,0
CUST_00036,7.51,0.2083333333333333,0.288146336316896,312870120.0,1,1,65181274.99999999,2,1,1,0.5060295730405504,1
CUST_27653,10.37,0.0686549129455703,0.1830260049619584,3797617516.56,3,1,260725100.0,3,1,0,0.11844791563225501,0
CUST_18292,15.62,0.3620833333333333,0.4695750699957134,1564350600.0,2,0,566425279.75,4,1,1,0.7619626948910307,1
CUST_31432,14.91,0.2891566265060241,0.5072620776945949,2164018330.0,3,0,625740240.0,3,1,1,0.716099162522272,1
CUST_26394,8.49,0.3621794871794871,0.4492153196836153,1016827890.0,2,1,368274203.75,2,1,1,0.6806323959535725,1
CUST_00590,12.53,0.5,0.7163562313522364,1042900400.0,2,1,521450199.9999999,0,1,1,0.8020724632212171,1
CUST_18927,17.19,0.1538935056940597,0.4153566346544904,338838339.96,2,1,52145020.0,0,1,0,0.4865381358614497,0
CUST_01091,12.53,0.4700257842715943,0.5272650631089638,970731692.32,2,1,456268925.0,5,1,1,0.7642826685041906,1
CUST_29263,5.42,0.24634009009009,0.3110965972308534,463047777.6,1,1,114067231.25,5,1,1,0.5279719074895385,1
CUST_18689,16.02,0.4217948717948718,0.6372104814383533,1016827890.0,2,1,428892789.5,1,1,1,0.7348785916927267,1
CUST_03275,10.99,0.2,0.4387582086211375,469305180.0,2,1,93861036.0,5,1,1,0.5048053293909632,1
CUST_11918,14.22,0.3792580333747069,0.5456904458436455,756207080.04,2,1,286797610.0,5,1,1,0.6499307737168313,1
CUST_23399,13.55,0.4464285714285714,0.693619114830504,1460060560.0,3,1,651812750.0,2,1,1,0.834777407739716,1
CUST_15588,13.57,0.2,0.4729687805912108,1955438250.0,2,0,391087650.0,0,1,1,0.5200121259158573,1
CUST_16169,10.25,0.0357142857142857,0.1700643708308292,730030280.0,2,1,26072510.0,0,1,0,0.3798646895358502,0
CUST_01111,9.91,0.3848440803382664,0.5418148517365575,1183900534.08,2,1,455617112.25,3,1,1,0.730537667243911,1
CUST_23959,15.31,0.3333333333333333,0.4835586530336155,782175300.0,2,1,260725100.0,0,1,1,0.6187463989207399,1
CUST_00504,11.36,0.3142857142857143,0.5014768247834467,1825075700.0,2,1,573595220.0,2,1,1,0.726937595751944,1
CUST_05005,7.14,0.1689189189189189,0.3318543103137527,964682870.0,3,1,162953187.5,3,1,0,0.4773918935727777,0
CUST_10422,12.73,0.3703703703703703,0.6170158672541937,703957770.0,2,1,260725100.0,3,1,1,0.6338701799279484,1
CUST_18718,13.99,0.3636363636363636,0.4864145058491837,1147190440.0,2,0,417160160.0,0,1,1,0.7028562702345655,1
CUST_11082,15.58,0.238095238095238,0.288702342917277,1095045420.0,2,0,260725100.0,1,1,1,0.5561937975016706,1
CUST_23190,5.42,0.3205128205128205,0.4792445470013685,406731156.0,2,1,130362550.0,1,1,1,0.557048065225156,1
CUST_04693,10.59,0.125,0.2945333931264041,938610360.0,3,1,117326295.0,1,1,0,0.43369598503778123,0
CUST_00977,12.18,0.4090909090909091,0.6835547614587346,1147190440.0,2,1,469305180.0,4,1,1,0.7478227103318863,1
CUST_24195,11.86,0.0919117647058823,0.1568213141690112,1418344544.0,3,1,130362550.0,5,1,0,0.35282772961438563,0
CUST_31182,11.83,0.4,0.5888365826467908,782175300.0,2,1,312870120.0,5,1,1,0.6704735926814078,1
CUST_06927,14.96,0.0821917808219178,0.3123356414655787,1903293230.0,2,1,156435060.0,3,1,0,0.2902310799457966,0
CUST_18701,15.7,0.4444444444444444,0.5811485843716306,938610360.0,2,1,417160160.0,2,1,1,0.7375495692806774,1
CUST_09193,10.99,0.2604166666666667,0.4040095851705492,500592191.9999999,2,1,130362550.0,3,1,1,0.537837445405846,1
CUST_27041,14.96,0.2314814814814814,0.4883283860300653,2815831080.0,3,0,651812750.0,3,1,1,0.6223880121031911,1
CUST_17977,10.74,0.4629629629629629,0.6114731530858822,1407915540.0,2,1,651812750.0,5,1,1,0.840634298811033,1
CUST_19548,14.42,0.1304347826086956,0.2068505238192305,899501595.0,3,1,117326295.0,5,1,0,0.44164846191560925,0
CUST_17927,17.27,0.0504201680672268,0.2851182295224248,6205257380.0,2,1,312870120.0,1,1,0,0.022524446172540895,0
CUST_11967,10.99,0.3111111111111111,0.4837194843890858,938610360.0,2,1,292012112.0,5,1,1,0.6202567229090848,1
CUST_23482,17.93,0.1578947368421052,0.3250760372420593,1486133070.0,3,0,234652590.0,5,1,0,0.4475815306370868,0
CUST_01076,13.49,0.3697916666666667,0.5905891857081795,1251480480.0,2,1,462787052.5,3,1,1,0.7256382492696575,1
CUST_22113,15.65,0.2166666666666666,0.3978010104407984,782175300.0,2,0,169471315.0,1,1,1,0.522125738667112,1
CUST_18690,14.27,0.3687365301724138,0.5240876579829664,1161373885.44,2,0,428240976.75,5,1,1,0.7103867935040905,1
CUST_27228,14.59,0.1739130434782608,0.4672065914373203,2998338650.0,3,1,521450199.9999999,3,1,0,0.4461252068936466,0
CUST_09265,10.99,0.2000320051208193,0.385541318055332,651708459.9599999,2,0,130362550.0,5,1,1,0.5066954156814631,1
CUST_29882,15.28,0.3427592116538132,0.4504275383720478,365119430.04,2,1,125148048.0,5,1,1,0.5599505351777965,1
CUST_18565,10.99,0.3159890457130819,0.6021701238688184,1485194459.64,2,1,469305180.0,3,1,1,0.6916331039993276,1
CUST_24283,9.91,0.0829220138203356,0.3277648882914581,1320572631.5,2,1,109504542.0,0,1,0,0.3506257955316662,0
CUST_09590,9.99,0.3192307692307692,0.4786035094004389,677885260.0,2,1,216401833.0,2,1,1,0.5934426285994231,1
CUST_18272,10.51,0.3066666666666666,0.5186649202699954,1955438250.0,2,1,599667730.0,2,1,1,0.7279961816684747,1
CUST_12262,10.62,0.351576233446619,0.5799435378925406,889906911.3199999,2,1,312870120.0,2,1,1,0.6505180195614413,1
CUST_14447,9.88,0.46875,0.5436286069480498,834320320.0,2,1,391087650.0,2,1,1,0.7323130379033204,1
CUST_12037,7.49,0.0812179946038213,0.3564117006840099,1894011416.44,3,1,153827809.0,0,1,0,0.2894826537363663,0
CUST_04204,15.05,0.1363636363636363,0.2040512205226591,860392830.0,2,1,117326295.0,3,1,0,0.4496309815844683,0
CUST_22863,10.59,0.3703703703703703,0.6417431279280181,563166216.0,2,1,208580080.0,5,1,1,0.6080409734054811,1
CUST_00684,11.12,0.3205128205128205,0.5694168007043152,1626924624.0,2,1,521450199.9999999,1,1,1,0.7143816895091354,1
CUST_32281,18.25,0.3382899628252788,0.5294781806806761,1402701038.0,3,0,474519682.0,3,1,1,0.7106480170274333,1
CUST_18007,9.91,0.4098360655737705,0.55302775748906,1590423110.0,2,1,651812750.0,0,1,1,0.8193814490491281,1
CUST_15693,16.0,0.3897435897435897,0.4821815805788649,1016827890.0,2,1,396302152.0,4,1,1,0.7064504777622722,1
CUST_19344,11.71,0.1691176470588235,0.2683495688594993,443232670.0,2,1,74958466.25,0,1,0,0.4897023403798459,0
CUST_18469,16.0,0.2040816326530612,0.3243189335714079,2555105980.0,2,1,521450199.9999999,1,1,1,0.5373980340330782,1
CUST_02494,10.99,0.1736111111111111,0.4655453950794982,450532972.8,2,1,78217530.0,1,1,0,0.49172647864507557,0
CUST_00342,18.09,0.2051282051282051,0.2785448494225659,406731156.0,1,1,83432032.0,4,1,1,0.5064253643262007,1
CUST_00686,12.42,0.3174603174603174,0.5787865584616307,1642568130.0,2,1,521450199.9999999,5,1,1,0.7117371556726358,1
CUST_05392,11.71,0.401615969581749,0.5074171526417816,548565610.4,2,1,220312709.5,2,1,1,0.6229339753222319,1
CUST_16006,14.65,0.2151515151515151,0.4469667663988171,860392830.0,2,0,185114821.0,4,1,1,0.5229250258764249,1
CUST_25173,14.61,0.3529411764705882,0.5394262357295186,886465340.0,2,0,312870120.0,2,1,1,0.6511642009433466,1
CUST_04368,15.68,0.2823529411764706,0.5155336230575043,886465340.0,0,0,250296096.0,4,1,1,0.58730706987074,1
CUST_17073,14.91,0.036231884057971,0.1847329404161424,3598006380.0,2,1,130362550.0,2,1,0,0.08260034975537024,0
CUST_17762,16.7,0.2980769230769231,0.5405350397331067,677885260.0,2,1,202061952.5,2,1,1,0.5783585717416756,1
CUST_25498,19.41,0.2191780821917808,0.4955363532754294,1903293230.0,3,0,417160160.0,1,1,1,0.5587827797052146,1
CUST_18465,14.79,0.2555347259417961,0.3087144038766248,584128514.04,3,1,149265119.75,4,1,1,0.5410523473162244,1
CUST_03754,10.99,0.1515151515151515,0.3366807914640749,688314264.0,2,1,104290040.0,3,1,0,0.4709054018540031,0
CUST_04749,14.96,0.1666666666666666,0.4407098890558364,782175300.0,2,1,130362550.0,0,1,0,0.47975806046010616,0
CUST_19350,11.83,0.2083333333333333,0.3097037390627608,375444144.0,2,1,78217530.0,5,1,1,0.5072353333245239,1
CUST_30330,15.95,0.126372039283651,0.2522251211574823,1444208473.92,2,0,182507570.0,3,1,0,0.4008547320038306,0
CUST_28449,18.25,0.4545454545454545,0.6978817999846606,2007583270.0,2,0,912537850.0,3,1,1,0.9087094941611374,1
CUST_19390,13.06,0.0972226723271867,0.2804620869862124,804519441.0699999,2,1,78217530.0,4,1,0,0.4193187815029772,0
CUST_16870,19.29,0.0347222222222222,0.2139625367476247,901065945.6,2,1,31287012.0,1,1,0,0.35232676246333794,0
CUST_29213,16.02,0.3205128205128205,0.4350555832569796,2033655780.0,2,1,651812750.0,1,1,1,0.7587706326525153,1
CUST_09430,13.99,0.1159420289855072,0.2651847522940284,1799003190.0,2,0,208580080.0,1,1,0,0.3584730729963715,0
CUST_26818,7.88,0.3529411764705882,0.6280497035023683,1108081675.0,2,1,391087650.0,4,1,1,0.6857233563272103,1
CUST_00544,12.53,0.6,0.8691100460015293,912537850.0,2,1,547522710.0,4,1,1,0.8348028047975301,1
CUST_18231,15.2,0.4897959183673469,0.6317152008515817,1277552990.0,2,1,625740240.0,3,1,1,0.8399176843559529,1
CUST_08189,7.88,0.3606462781304096,0.5520849343431701,542203917.9599999,2,1,195543825.0,4,1,1,0.5986589035962926,1
CUST_25032,9.99,0.3991666666666666,0.5964671780969782,782175300.0,2,1,312218307.25,3,1,1,0.6698488719581532,1
CUST_15957,10.99,0.175,0.4581036075428388,156435060.0,2,1,27376135.5,0,1,0,0.49736252957370536,0
CUST_16165,18.62,0.3409090909090909,0.6110692330395632,2294380880.0,3,1,782175300.0,3,1,1,0.816943608563696,1
CUST_18183,15.95,0.1689189189189189,0.3514326292347829,3858731480.0,2,1,651812750.0,2,1,0,0.410481189274542,0
CUST_23561,15.62,0.375,0.6409882374772897,625740240.0,2,1,234652590.0,4,1,1,0.622561112425692,1
CUST_24887,10.99,0.2846153846153846,0.4085952690787005,1016827890.0,2,0,289404861.0,3,1,1,0.6022161554422727,1
CUST_22976,10.99,0.2470966147763775,0.3267156673902598,844123583.76,2,0,208580080.0,3,1,1,0.551553694000859,1
CUST_04032,14.75,0.0709219858156028,0.2181872621455918,1470489564.0,2,0,104290040.0,2,1,0,0.3180462986315192,0
CUST_25690,17.93,0.1025641025641025,0.1673664363423217,3050483670.0,2,0,312870120.0,0,1,0,0.23797548314915634,0
CUST_08108,13.11,0.3081243812256278,0.4592965373923285,1290406737.43,3,0,397605777.5,4,1,1,0.6587706900070058,1
CUST_09143,12.17,0.5,0.7181827371271847,260725100.0,2,0,130362550.0,0,1,1,0.5865750181033567,1
CUST_12337,14.96,0.3749531308586427,0.6076578396857943,834424610.04,2,0,312870120.0,5,1,1,0.6608664967348128,1
CUST_13428,14.79,0.1414141414141414,0.4380915591169915,2064942792.0,3,0,292012112.0,0,1,0,0.39174838539678936,0
CUST_23006,14.59,0.2247191011235955,0.4362572327674877,928181356.0,2,1,208580080.0,2,1,1,0.5343207919686801,1
CUST_08937,16.29,0.1818181818181818,0.4059336294091901,1147190440.0,2,1,208580080.0,4,1,0,0.48913872100797534,0
CUST_28986,14.91,0.0416666666666666,0.1043680022149803,625740240.0,2,0,26072510.0,3,1,0,0.4003624128675,0
CUST_05243,10.0,0.3622448979591837,0.4676942236571932,638776495.0,2,1,231393526.25,0,1,1,0.6166920660769871,1
CUST_28513,9.63,0.4962962962962963,0.7498968039560185,351978885.0,1,1,174685817.0,4,1,1,0.6145812265425237,1
CUST_01753,11.89,0.1666666666666666,0.2422263478193348,312870120.0,2,1,52145020.0,1,1,0,0.4918995052699712,0
CUST_00307,12.61,0.2553417493973934,0.4639461426850864,2552707309.08,2,0,651812750.0,1,1,1,0.6719673578438075,1
CUST_00065,15.99,0.4157142857142857,0.6562921700071531,1825075700.0,2,1,758710041.0,2,1,1,0.8559171365395079,1
CUST_00244,11.36,0.3063725490196078,0.5129022642863591,2127516816.0,2,1,651812750.0,5,1,1,0.7442926632400229,1
CUST_19581,7.9,0.0531914893617021,0.1311318608124486,1470489564.0,2,1,78217530.0,3,1,0,0.29404610524838687,0
CUST_11213,10.99,0.2222222222222222,0.2934087718248579,1173262950.0,2,1,260725100.0,4,1,1,0.5401889458209963,1
CUST_24992,15.23,0.359375,0.4820159447172769,834320320.0,2,1,299833865.0,4,1,1,0.6481050022956079,1
CUST_05207,15.05,0.108433734939759,0.265732755356379,2164018330.0,2,0,234652590.0,0,1,0,0.3163634665204379,0
CUST_31430,15.7,0.2826086956521739,0.454626329803017,1199335460.0,2,1,338942630.0,5,1,1,0.617442541111201,1
CUST_18129,15.37,0.2666666666666666,0.5300373147929025,391087650.0,3,1,104290040.0,1,1,1,0.5322219845472111,1
CUST_13637,17.26,0.2954545454545454,0.4264301454896316,1147190440.0,2,0,338942630.0,1,1,1,0.627566420937527,1
CUST_08875,16.49,0.2051282051282051,0.4777084490321956,1016827890.0,2,1,208580080.0,3,1,1,0.5160587699917468,1
CUST_01693,8.9,0.0486111111111111,0.1297797335630253,750888288.0,3,1,36501514.0,1,1,0,0.38647907877299614,0
CUST_06460,8.9,0.05,0.3330612406377984,1147190440.0,3,1,57359522.0,1,1,0,0.33200435925331573,0
CUST_22112,14.11,0.2241379310344827,0.3460546842418889,756102790.0,2,1,169471315.0,2,1,1,0.5274978812389678,1
CUST_08339,10.99,0.2352941176470588,0.533540548189166,1329698010.0,3,1,312870120.0,3,1,1,0.5641321591824867,1
CUST_18645,11.48,0.5021859860569537,0.5791996786567055,882606608.52,2,1,443232670.0,2,1,1,0.7672042250897244,1
CUST_15958,14.61,0.2666666666666666,0.3519480983762534,156435060.0,1,0,41716016.0,0,1,1,0.5129038149688511,1
CUST_03761,15.58,0.1481481481481481,0.2220165551357248,703957770.0,2,0,104290040.0,5,1,0,0.46768632428221846,0
CUST_00197,17.74,0.1063829787234042,0.2656263144311466,4901631880.0,3,1,521450199.9999999,4,1,0,0.14320857987974359,0
CUST_18316,18.79,0.1521739130434782,0.3901549327191346,3598006380.0,2,1,547522710.0,1,1,0,0.35462916167842623,0
CUST_05338,5.99,0.141025641025641,0.313209928915215,1016827890.0,3,1,143398805.0,1,1,0,0.44562484297452076,0
CUST_16214,10.99,0.0666666666666666,0.254479387270709,1251480480.0,2,0,83432032.0,1,1,0,0.3379926960936678,0
CUST_10135,9.99,0.4,0.6489335717586677,625740240.0,2,1,250296096.0,0,1,1,0.6383621037490407,1
CUST_27877,14.61,0.0351935646053293,0.1993672677416659,10371644478.0,3,0,365015140.0,5,1,0,0.000923275832925164,0
CUST_28721,12.61,0.0925925925925925,0.274967942338896,1407915540.0,3,1,130362550.0,3,1,0,0.3547977627476385,0
CUST_00495,13.11,0.5116279069767442,0.5802391236210969,1121117930.0,2,1,573595220.0,1,1,1,0.8264637567432177,1
CUST_13416,10.99,0.1625,0.4587085742708101,417160160.0,2,0,67788526.0,1,1,0,0.48731697402497726,0
CUST_02901,15.62,0.2068965517241379,0.420636560010249,756102790.0,3,1,156435060.0,5,1,1,0.5133913821779916,1
CUST_19936,7.9,0.3808243727598566,0.5568367737358045,727423029.0,2,1,277020418.75,5,1,1,0.6456846522098367,1
CUST_09180,6.54,0.2940484591860738,0.5431398377671871,443336960.04,2,1,130362550.0,5,1,1,0.5495729873484236,1
CUST_08332,15.33,0.2549019607843137,0.400250072309514,1329698010.0,3,0,338942630.0,5,1,1,0.5917001132373719,1
CUST_08537,15.99,0.1321944274964409,0.2001554573012028,1538382380.04,2,0,203365578.0,3,1,0,0.4038917877383949,0
CUST_05884,13.49,0.1078431372549019,0.3214659434951422,1329698010.0,2,0,143398805.0,1,1,0,0.3829924192875194,0
CUST_00965,9.91,0.5454545454545454,0.6513175099725779,860392830.0,2,1,469305180.0,4,1,1,0.7898453786847077,1
CUST_05232,13.22,0.2712121212121212,0.5222952543984742,860392830.0,2,0,233348964.5,2,1,1,0.5746635564321327,1
CUST_14140,18.09,0.2840909090909091,0.5606814942108003,2294380880.0,3,1,651812750.0,3,1,1,0.7171834189727253,1
CUST_07065,15.57,0.14,0.2973133767287941,1303625500.0,2,1,182507570.0,5,1,0,0.4290442964429483,0
CUST_03674,6.39,0.303030303030303,0.404781769295286,344157132.0,2,1,104290040.0,1,1,1,0.5418622951342059,1
CUST_01118,10.37,0.4857142857142857,0.6486024191736104,912537850.0,2,1,443232670.0,2,1,1,0.7627582447710138,1
CUST_23360,11.49,0.1428571428571428,0.2701203427002126,1460060560.0,3,1,208580080.0,5,1,0,0.42507991350655266,0
CUST_25457,17.99,0.0580177276390008,0.1816722551934281,1617799245.5,3,1,93861036.0,5,1,0,0.282986486265626,0
CUST_08602,11.71,0.32,0.5520993745231112,651812750.0,2,1,208580080.0,5,1,1,0.590454059649809,1
CUST_04887,13.93,0.15625,0.3561146162214443,834320320.0,2,1,130362550.0,4,1,0,0.4690158300492819,0
CUST_01311,14.54,0.256,0.3854539269646728,1629531875.0,2,1,417160160.0,3,1,1,0.6135863722943488,1
CUST_13245,14.59,0.4083333333333333,0.5598358531135252,782175300.0,2,0,319388247.5,3,1,1,0.6766874425903149,1
CUST_02740,6.76,0.2117647058823529,0.26267234859673,886465340.0,3,1,187722072.0,0,1,1,0.5203705859937087,1
CUST_31179,12.42,0.4,0.5379723899868912,782175300.0,2,1,312870120.0,4,1,1,0.6704735926814078,1
CUST_24919,11.86,0.0694444444444444,0.3254224496788805,1877220720.0,3,1,130362550.0,0,1,0,0.27174863956964984,0
CUST_06758,6.54,0.230327868852459,0.4083926429745182,795211555.0,2,1,183159382.75,2,1,1,0.5342314580544231,1
CUST_00566,16.49,0.21,0.2819453245150925,2607251000.0,2,0,547522710.0,0,1,1,0.5547389582437058,1
CUST_31681,19.47,0.0544662309368191,0.1358171621407286,2393456418.0,3,0,130362550.0,5,1,0,0.19587202663702974,0
CUST_24008,12.69,0.3448275862068966,0.5538331105376422,756102790.0,2,1,260725100.0,0,1,1,0.6238149391296561,1
CUST_05872,15.28,0.125,0.4054334566031995,1147190440.0,2,1,143398805.0,0,1,0,0.41919634818305085,0
CUST_05892,11.78,0.1219512195121951,0.3384608985616879,1068972910.0,3,0,130362550.0,2,1,0,0.42117003564538497,0
CUST_18514,13.49,0.0555555555555555,0.1908648407966194,469305180.0,2,1,26072510.0,0,1,0,0.4317525569229034,0
CUST_29830,11.49,0.0888888888888888,0.1783229224801534,1173262950.0,2,1,104290040.0,2,1,0,0.3735100121224143,0
CUST_23499,15.68,0.175438596491228,0.3452003635216972,1486133070.0,3,0,260725100.0,2,1,0,0.4756695831364116,0
CUST_29281,10.62,0.3055555555555556,0.5665648112916231,1877220720.0,2,1,573595220.0,2,1,1,0.7183024266743778,1
CUST_00522,11.99,0.3807017543859649,0.4978291401924648,1486133070.0,2,1,565773467.0,0,1,1,0.77298954639108,1
CUST_18144,15.95,0.0377358490566037,0.1432174932732149,4145529090.0,2,1,156435060.0,0,1,0,0.060264282320313244,0
CUST_24214,15.33,0.2022058823529411,0.3428485318128105,1418344544.0,3,0,286797610.0,5,1,1,0.5179070149530225,1
CUST_16917,15.65,0.1458333333333333,0.3827147996521018,625740240.0,2,0,91253785.0,2,1,0,0.469703683179259,0
CUST_21410,16.29,0.1809523809523809,0.2731255092401917,1095045420.0,3,1,198151076.0,3,1,0,0.4886050436141388,0
CUST_11230,13.43,0.217391304347826,0.4171683555680187,1199335460.0,2,1,260725100.0,1,1,1,0.5348338534821279,1
CUST_14355,13.85,0.3897849462365591,0.5323638653695887,969897372.0,2,0,378051395.0,2,1,1,0.6980117972304578,1
CUST_18710,10.0,0.3555555555555555,0.4188010920125772,1173262950.0,2,1,417160160.0,4,1,1,0.6983377032213397,1
CUST_22687,12.92,0.1704545454545454,0.4298717186166476,1147190440.0,2,0,195543825.0,2,1,0,0.47502674094136116,0
CUST_13392,15.96,0.0584415584415584,0.3560658721899937,1204549962.0,2,1,70395777.0,3,1,0,0.3340327860542948,0
CUST_08479,16.77,0.2586322719333602,0.3783052957871554,776230767.7199999,2,0,200758327.0,0,1,1,0.5570333405632664,1
CUST_08304,17.04,0.1785714285714285,0.3032820256825626,1095045420.0,2,1,195543825.0,3,1,0,0.4857806916199186,0
CUST_18180,7.14,0.375,0.545405609733303,417160160.0,3,1,156435060.0,5,1,1,0.5826404240789494,1
CUST_17725,15.99,0.0898550724637681,0.3724373602087171,1799003190.0,3,0,161649562.0,3,1,0,0.31313894793294234,0
CUST_09076,13.48,0.1481481481481481,0.2547086359294767,1407915540.0,2,0,208580080.0,2,1,0,0.4356414545506898,0
CUST_20844,17.27,0.339572192513369,0.6126022800421872,975111874.0,3,1,331120877.0,5,1,1,0.652501319524296,1
CUST_00379,10.62,0.388,0.6417643369928266,1629531875.0,2,1,632258367.5,2,1,1,0.8013993269862282,1
CUST_32151,13.92,0.3333333333333333,0.420533207582725,391087650.0,1,1,130362550.0,1,1,1,0.560234880526824,1
CUST_27593,16.35,0.1739130434782608,0.3083357817500342,3598006380.0,3,1,625740240.0,0,1,0,0.4354603648495603,0
CUST_02511,9.7,0.1665926254997778,0.2707523870136493,469513760.08,2,1,78217530.0,5,1,0,0.4878075285217732,0
CUST_03497,6.92,0.3541666666666667,0.522380805551725,782175300.0,2,1,277020418.75,2,1,1,0.6352684507426587,1
CUST_30291,16.49,0.106951871657754,0.3102756658005016,1462667811.0,2,0,156435060.0,5,1,0,0.37046904057239993,0
CUST_28281,10.99,0.4285714285714285,0.6784719617331931,912537850.0,2,1,391087650.0,4,1,1,0.7194559090461141,1
CUST_06102,7.49,0.4464285714285714,0.7044673866952459,350414534.4,2,1,156435060.0,5,1,1,0.5959863647167579,1
CUST_07053,15.99,0.2314814814814814,0.4118046029428281,703957770.0,2,0,162953187.5,5,1,1,0.5311904803847128,1
CUST_22812,13.87,0.2583333333333333,0.3239775825041284,782175300.0,2,0,202061952.5,4,1,1,0.5572161456443276,1
CUST_01907,12.61,0.0606060606060606,0.1321333864914375,860392830.0,2,0,52145020.0,1,1,0,0.38112328756514835,0
CUST_10787,13.79,0.2941176470588235,0.4131489797265178,886465340.0,2,0,260725100.0,1,1,1,0.5982222859692887,1
CUST_12530,12.92,0.0921052631578947,0.2512785196909133,1981510760.0,3,1,182507570.0,3,1,0,0.3003064611338343,0
CUST_05225,11.83,0.3739583333333333,0.5699647541904754,625740240.0,2,1,234000777.25,5,1,1,0.621896782506156,1
CUST_07098,13.16,0.0967458223394898,0.1763852558830263,1185777754.8,3,1,114719044.0,3,1,0,0.3817071221653072,0
CUST_30619,15.57,0.4629629629629629,0.7340289153567263,1407915540.0,3,0,651812750.0,3,1,1,0.8406342988110331,1
CUST_09898,15.99,0.135593220338983,0.2702556418336653,1538278090.0,3,0,208580080.0,5,1,0,0.40936782972099534,0
CUST_06842,16.0,0.3409090909090909,0.5221683021471455,1147190440.0,3,1,391087650.0,3,1,1,0.6787183106920087,1
CUST_07268,12.92,0.0853322582812605,0.170742321962394,1940185831.65,2,0,165560438.5,0,1,0,0.29210618697033164,0
CUST_03806,11.83,0.1333333333333333,0.2231174241001134,782175300.0,2,1,104290040.0,0,1,0,0.4516365368104683,0
CUST_21006,15.96,0.3142329020332717,0.4687930600154268,705261395.5,2,0,221616335.0,4,1,1,0.5934404071265182,1
CUST_24856,12.99,0.0696917808219178,0.2254836306030271,3806586460.0,2,1,265287789.25,4,1,0,0.11974600261732467,0
CUST_20459,14.11,0.1764705882352941,0.3408852267408896,886465340.0,3,1,156435060.0,1,1,0,0.48647060594443076,0
CUST_09863,15.99,0.2535211267605634,0.553489152670691,925574105.0,2,0,234652590.0,1,1,1,0.5628414736226901,1
CUST_01002,13.48,0.3214285714285714,0.4892305450456142,1460060560.0,2,1,469305180.0,2,1,1,0.6960443642483051,1
CUST_17191,10.62,0.3086419753086419,0.4171700599715526,591324526.8,2,1,182507570.0,4,1,1,0.575119828345104,1
CUST_03605,16.77,0.0387096774193548,0.2008986462311076,2424743430.0,2,0,93861036.0,1,1,0,0.1684832548072717,0
CUST_00983,16.63,0.4147465437788018,0.5984337773410654,1131546934.0,2,0,469305180.0,3,1,1,0.7502523590568165,1
CUST_17093,14.54,0.1666666666666666,0.2928554878816484,860392830.0,2,1,143398805.0,5,1,0,0.47773642149908785,0
CUST_22870,12.99,0.3333333333333333,0.6128788610485465,625740240.0,2,0,208580080.0,2,1,1,0.5956529311021107,1
CUST_20536,16.69,0.1714285714285714,0.3785167533721077,912537850.0,3,1,156435060.0,5,1,0,0.48109086840945414,0
CUST_00219,10.99,0.3205128205128205,0.5316365861931284,2033655780.0,2,0,651812750.0,3,1,1,0.758770632652515,1
CUST_02966,5.99,0.2666666666666666,0.326226398189021,312870120.0,2,1,83432032.0,0,1,1,0.5257904526254888,1
CUST_30826,15.58,0.1002891670984672,0.1563080779816214,1559840055.77,3,1,156435060.0,2,1,0,0.35194707911284173,0
CUST_08566,10.99,0.4,0.4813524458094816,521450199.9999999,2,1,208580080.0,2,1,1,0.6162240939611742,1
CUST_17190,6.03,0.0847457627118644,0.3067730132710424,1538278090.0,3,1,130362550.0,3,1,0,0.3305441458784377,0
CUST_31726,11.11,0.0869565217391304,0.161125172254157,2998338650.0,3,1,260725100.0,1,1,0,0.2063900083623681,0
CUST_19099,15.65,0.0499954549586401,0.3098789629331471,1147294730.04,2,1,57359522.0,5,1,0,0.3319852495633856,0
CUST_00158,12.87,0.4464285714285714,0.6116803546924355,1460060560.0,2,1,651812750.0,3,1,1,0.8347774077397158,1
CUST_31625,10.99,0.3846153846153846,0.4384867855215446,1016827890.0,2,1,391087650.0,3,1,1,0.7017399295820843,1
CUST_21824,9.45,0.3457814661134163,0.4868111848596803,527811892.4399999,2,1,182507570.0,3,1,1,0.5878894121470652,1
CUST_18302,10.99,0.4413619167717528,0.7186263397669842,1240530025.8,2,1,547522710.0,0,1,1,0.7939758215413899,1
CUST_08474,5.99,0.329059829059829,0.57421370905705,610096734.0,2,1,200758327.0,2,1,1,0.5905876228385121,1
CUST_07787,15.58,0.3061474406073965,0.4187900884940078,1277448699.96,3,0,391087650.0,4,1,1,0.6548133487976506,1
CUST_27817,16.95,0.0470588235294117,0.1838361298861697,4986367537.5,3,1,234652590.0,5,1,0,0.043006829082166236,0
CUST_07039,15.31,0.3255208333333333,0.5196999053576661,500592191.9999999,2,0,162953187.5,2,1,1,0.5727182805187443,1
CUST_06415,10.99,0.1818181818181818,0.3678764333822153,860392830.0,2,1,156435060.0,2,1,0,0.4918534800982353,0
CUST_05309,12.53,0.34,0.4471764839536314,651812750.0,2,0,221616335.0,5,1,1,0.604049519357886,1
CUST_17663,16.7,0.3571428571428571,0.6562756161597273,1460060560.0,3,0,521450199.9999999,3,1,1,0.7416627545279844,1
CUST_08685,12.42,0.3925925925925926,0.6638649327620881,1407915540.0,3,1,552737212.0,2,1,1,0.774407974245986,1
CUST_02254,13.22,0.3714285714285714,0.6309220880796969,912537850.0,2,1,338942630.0,5,1,1,0.6716522017186064,1
CUST_06333,15.65,0.2005615724027276,0.4849418202621319,779985209.16,2,1,156435060.0,0,1,1,0.5084606995989889,1
CUST_29301,7.49,0.5010647626205688,0.5885227431559438,1040684236.65,2,1,521450199.9999999,4,1,1,0.8023629865458799,1
CUST_06771,14.35,0.3645833333333333,0.5661193967299485,500592191.9999999,2,1,182507570.0,1,1,1,0.5933271289065535,1
CUST_23110,14.42,0.1666666666666666,0.3369520503836331,1251480480.0,2,0,208580080.0,1,1,0,0.4676404795149566,0
CUST_03503,14.91,0.1837088388214904,0.4189144057560851,1504383827.0,2,0,276368606.0,5,1,0,0.4888396690223937,0
CUST_23930,12.84,0.3571428571428571,0.5449744060042454,730030280.0,2,1,260725100.0,5,1,1,0.6288565146813262,1
CUST_19925,10.25,0.4306891025641026,0.55730955037653,650769849.5999999,2,1,280279482.5,3,1,1,0.6632001379527008,1
CUST_16211,10.99,0.0650787452817909,0.1776706559559338,1602520754.64,3,0,104290040.0,1,1,0,0.2948689581584907,0
CUST_16869,10.99,0.2794117647058823,0.4121862569241609,886465340.0,2,0,247688845.0,0,1,1,0.5845643497864957,1
CUST_10209,15.31,0.2133333333333333,0.4269834074776487,1173262950.0,2,0,250296096.0,3,1,1,0.5289385984049969,1
CUST_01293,17.27,0.2790567880563694,0.5740263316494774,1494893433.36,2,1,417160160.0,5,1,1,0.6396060408958838,1
CUST_19401,15.99,0.0892857142857142,0.3259739523678643,876036336.0,2,1,78217530.0,4,1,0,0.40500352434776216,0
CUST_04650,11.48,0.4130776875931754,0.5230846629069273,629598971.48,2,1,260073287.25,2,1,1,0.6473628369903097,1
CUST_05905,12.41,0.2522727272727272,0.3195643817124861,573595220.0,2,1,144702430.5,0,1,1,0.5382996477490034,1
CUST_03395,16.29,0.2391304347826087,0.5296884964960007,1199335460.0,2,0,286797610.0,5,1,1,0.5628188184370676,1
CUST_05739,11.36,0.375,0.4471520292186783,1042900400.0,3,1,391087650.0,1,1,1,0.6972116998764142,1
CUST_25132,6.62,0.3157894736842105,0.5191330839579427,990755380.0,2,1,312870120.0,5,1,1,0.6313454643266623,1
CUST_32171,12.84,0.0959582389743983,0.2319409674422871,1358534206.06,2,1,130362550.0,2,1,0,0.36419194906359054,0
CUST_00073,13.61,0.25,0.4415166138228724,312870120.0,1,0,78217530.0,2,1,1,0.5201500151127999,1
CUST_14456,15.68,0.5,0.7393871635905079,782175300.0,1,1,391087650.0,5,1,1,0.7406737794613516,1
CUST_25674,18.43,0.1291989664082687,0.3114041075531704,2018012274.0,3,1,260725100.0,3,1,0,0.36892022550479836,0
CUST_00357,17.14,0.2262796504369538,0.3362869170291254,417681610.2,1,0,94512848.75,4,1,1,0.5161695944717146,1
CUST_00697,11.99,0.3076733739462187,0.5196561105142653,1694817440.04,2,1,521450199.9999999,3,1,1,0.7027998116968474,1
CUST_00904,10.99,0.38,0.4317718226965543,1303625500.0,2,1,495377689.9999999,1,1,1,0.7447549461824996,1
CUST_10074,7.88,0.4947916666666667,0.7922740897195343,500592191.9999999,2,1,247688845.0,4,1,1,0.6593408417916589,1
CUST_22693,17.74,0.4,0.5155833285281868,1329698010.0,1,0,531879203.9999999,3,1,1,0.7698664559514844,1
CUST_20646,16.07,0.1785714285714285,0.387785980898098,730030280.0,2,1,130362550.0,5,1,0,0.49051904084977727,0
CUST_31415,9.45,0.0864197530864197,0.3766261537199249,2111873310.0,3,1,182507570.0,2,1,0,0.27817183470492696,0
CUST_15339,12.69,0.2678571428571428,0.522852577176862,1460060560.0,2,1,391087650.0,3,1,1,0.6199617767532134,1
CUST_06967,15.58,0.0652173913043478,0.2392672019549844,2398670920.0,2,1,156435060.0,4,1,0,0.21356703524091927,0
CUST_00694,10.99,0.3389830508474576,0.4633640943780867,1538278090.0,2,1,521450199.9999999,0,1,1,0.729088567763268,1
CUST_04881,10.99,0.15625,0.270219638304991,834320320.0,2,1,130362550.0,1,1,0,0.46901583004928155,0
CUST_07777,10.99,0.2333333333333333,0.4537220171157735,782175300.0,2,0,182507570.0,2,1,1,0.536207775495646,1
CUST_00484,9.62,0.3382352941176471,0.4490180279865029,1772930680.0,2,1,599667730.0,2,1,1,0.7568106043118694,1
CUST_00672,14.11,0.3703703703703703,0.64158595310654,1407915540.0,2,1,521450199.9999999,3,1,1,0.7498312328390598,1
CUST_22429,13.49,0.3265306122448979,0.3787671973206949,1277552990.0,3,1,417160160.0,0,1,1,0.6798815104572551,1
CUST_20353,5.99,0.2205882352941176,0.4986436990667913,886465340.0,3,1,195543825.0,1,1,1,0.5288285002175483,1
CUST_20978,13.79,0.1136260339969093,0.178331442575061,1147294730.04,2,1,130362550.0,0,1,0,0.4054797672169734,0
CUST_06774,6.62,0.324074074074074,0.4798369128343523,563166216.0,2,1,182507570.0,4,1,1,0.5807946626324806,1
CUST_22805,13.85,0.3229166666666667,0.542665503690483,625740240.0,2,1,202061952.5,4,1,1,0.5888279846218082,1
CUST_03044,10.99,0.041025641025641,0.1227885161983022,2033655780.0,2,1,83432032.0,2,1,0,0.2110667812454697,0
CUST_32412,16.82,0.0978747203579418,0.3889383211742819,1864705915.2,2,1,182507570.0,4,1,0,0.32096696691361903,0
CUST_13114,15.68,0.1700921332388377,0.4654524216051202,1839415580.5,2,1,312870120.0,5,1,0,0.45929199537724386,0
CUST_27556,15.57,0.2054794520547945,0.3205834123140448,1903293230.0,2,1,391087650.0,1,1,1,0.5307548607388122,1
CUST_00152,18.43,0.5208333333333334,0.747631027265645,1251480480.0,2,1,651812750.0,4,1,1,0.8571975396331628,1
CUST_14488,21.14,0.1041666666666666,0.1727554372821271,2502960960.0,3,1,260725100.0,4,1,0,0.2813995770998523,0
CUST_16950,15.28,0.1684565171615077,0.2624526487429431,495273399.96,2,1,83432032.0,0,1,0,0.4881389330998484,0
CUST_18214,9.88,0.2976190476190476,0.3688134259542324,438018168.0,1,1,130362550.0,2,1,1,0.5506605823308455,1
CUST_05954,13.23,0.1696969696969697,0.3439462055100965,860392830.0,2,0,146006056.0,5,1,0,0.48055771187146434,0
CUST_02558,12.21,0.1,0.1679517717101972,782175300.0,2,1,78217530.0,1,1,0,0.42382052185038394,0
CUST_02261,11.14,0.3611111111111111,0.6198353374669788,938610360.0,2,1,338942630.0,3,1,1,0.6668840168597854,1
CUST_01396,10.99,0.0378787878787878,0.225735918051492,688314264.0,3,1,26072510.0,0,1,0,0.38801692536871935,0
CUST_01682,14.72,0.175,0.4339160793250523,260725100.0,2,0,45626892.5,3,1,0,0.4956042884367418,0
CUST_30637,10.99,0.1505854007453977,0.2757819600860501,1385128166.26,2,1,208580080.0,5,1,0,0.4402758381087426,0
CUST_30846,10.99,0.4385964912280701,0.6780769888254445,594453228.0,2,1,260725100.0,2,1,1,0.6546024134397863,1
CUST_07936,5.79,0.2040816326530612,0.4446432240232175,1277552990.0,3,1,260725100.0,0,1,1,0.518725243115651,1
CUST_05068,6.17,0.4516129032258064,0.5216406607944764,969897372.0,3,1,438018168.0,5,1,1,0.749858866643513,1
CUST_14734,10.99,0.23296447291788,0.4035909729589227,2238324983.5,3,0,521450199.9999999,5,1,1,0.601472720107452,1
CUST_24145,15.65,0.2757352941176471,0.5538410244435062,1418344544.0,3,0,391087650.0,5,1,1,0.6280482639342815,1
CUST_10057,13.48,0.3389830508474576,0.4937904519604189,1538278090.0,3,0,521450199.9999999,1,1,1,0.7290885677632681,1
CUST_18719,16.77,0.32,0.4750828459437129,1303625500.0,2,1,417160160.0,1,1,1,0.675175034964482,1
CUST_27916,14.59,0.2046035805626598,0.4787950812007921,2548587852.5,3,0,521450199.9999999,5,1,1,0.5387365931849611,1
CUST_19217,6.17,0.4714285714285714,0.7624612054836993,730030280.0,2,1,344157132.0,5,1,1,0.7086981617164285,1
CUST_11922,9.91,0.34375,0.4116041109999213,834320320.0,2,1,286797610.0,2,1,1,0.6351084577626658,1
CUST_17845,16.11,0.35,0.4940543156975188,2607251000.0,2,1,912537850.0,3,1,1,0.8584550097047216,1
CUST_00551,7.51,0.2083333333333333,0.3369186626724952,500592191.9999999,3,1,104290040.0,4,1,1,0.5096465873801231,1
CUST_28430,10.99,0.08125,0.335975917432164,834320320.0,2,0,67788526.0,3,1,0,0.4024151027582032,0
CUST_22725,9.99,0.1271186440677966,0.3715984444652286,1538278090.0,2,1,195543825.0,1,1,0,0.39577431947931957,0
CUST_22877,11.12,0.3333333333333333,0.403968764667104,625740240.0,2,1,208580080.0,4,1,1,0.5956529311021106,1
CUST_29057,11.99,0.0400365133001297,0.3077139233614265,3256091483.86,3,1,130362550.0,0,1,0,0.10668775621557618,0
CUST_06555,5.42,0.2272727272727272,0.3613574352869826,1147190440.0,3,1,260725100.0,2,1,1,0.5455347742676966,1
CUST_27886,12.69,0.2708333333333333,0.3383739483761286,250296096.0,2,1,67788526.0,3,1,1,0.5217674075250585,1
CUST_16880,15.31,0.3,0.5097440566266702,469305180.0,1,0,140791554.0,2,1,1,0.5554483308239623,1
CUST_19364,12.69,0.1666666666666666,0.4201786727817669,469305180.0,2,1,78217530.0,1,1,0,0.48785058664629055,0
CUST_00012,8.63,0.45,0.7268360554577106,260725100.0,1,1,117326295.0,1,1,1,0.572803887950751,1
CUST_02573,13.49,0.0621212121212121,0.235942406217772,860392830.0,3,1,53448645.5,1,1,0,0.38245740909926623,0
CUST_19480,16.29,0.0652173913043478,0.2811306111201494,1199335460.0,2,1,78217530.0,1,1,0,0.34258889985350766,0
CUST_25433,12.69,0.2465753424657534,0.3659562454935672,1903293230.0,3,1,469305180.0,3,1,1,0.6135645413386147,1
CUST_09737,6.03,0.3107142857142857,0.4123930137713846,730030280.0,2,1,226830837.0,2,1,1,0.5939578190047561,1
CUST_12919,12.99,0.1632653061224489,0.2457511371075675,1916329485.0,2,1,312870120.0,4,1,0,0.4435562096943822,0
CUST_07638,20.3,0.0918918918918919,0.3187823644095794,1929365740.0,2,0,177293068.0,3,1,0,0.30462600656452293,0
CUST_25128,10.99,0.32,0.4390433845176234,977719125.0,2,1,312870120.0,2,1,1,0.6338488110930451,1
CUST_08655,10.99,0.2666666666666666,0.5449649547338251,782175300.0,2,1,208580080.0,4,1,1,0.5641774385777751,1
CUST_22859,11.89,0.4,0.5497586704269093,521450199.9999999,2,1,208580080.0,0,1,1,0.6162240939611742,1
CUST_12228,20.48,0.2567567567567567,0.4344271306778085,1929365740.0,3,0,495377689.9999999,4,1,1,0.6350231018995192,1
CUST_07259,7.88,0.2608695652173913,0.5164905913202119,1199335460.0,3,1,312870120.0,2,1,1,0.5904095282820626,1
CUST_12161,14.11,0.2788235294117647,0.4675673570487396,1108081675.0,2,0,308959243.5,5,1,1,0.6044633790046328,1
CUST_29117,9.99,0.3816666666666666,0.5162265573233227,782175300.0,2,1,298530239.5,2,1,1,0.6565937009057189,1
CUST_32272,9.99,0.4166666666666667,0.6583984203069032,1564350600.0,2,1,651812750.0,2,1,1,0.8225476362067904,1
CUST_03697,12.87,0.2222222222222222,0.4019746355398098,469305180.0,2,0,104290040.0,2,1,1,0.5161047596904741,1
CUST_03510,13.35,0.3431372549019608,0.397389910223989,797818806.0,2,1,273761355.0,5,1,1,0.6289768286247982,1
CUST_25299,15.31,0.2222222222222222,0.4104679827172554,1407915540.0,2,1,312870120.0,5,1,1,0.5481810303215043,1
CUST_04161,5.99,0.2884615384615384,0.4571673873578067,406731156.0,2,1,117326295.0,4,1,1,0.5430595704663101,1
CUST_10551,15.7,0.16,0.3739881568105039,1629531875.0,3,1,260725100.0,3,1,0,0.4462389667929912,0
CUST_24835,21.21,0.2824858757062147,0.3702870315358622,1845933708.0,3,0,521450199.9999999,2,1,1,0.6760788777894651,1
CUST_10355,9.88,0.4347826086956521,0.6553186001794695,599667730.0,2,1,260725100.0,5,1,1,0.6536276524985133,1
CUST_23237,10.99,0.2083333333333333,0.3165798453437146,625740240.0,2,1,130362550.0,3,1,1,0.5120573926588372,1
CUST_03000,10.99,0.05,0.1040761161055548,756102790.0,3,1,37805139.5,0,1,0,0.3867978219993905,0
CUST_17618,14.74,0.35650623885918,0.5553944431420156,1462667811.0,2,0,521450199.9999999,5,1,1,0.7412498002264738,1
CUST_16271,19.91,0.4102564102564102,0.6427716099681655,1016827890.0,2,1,417160160.0,3,1,1,0.7248494529535072,1
CUST_29255,10.65,0.5333333333333333,0.8196146825842024,1173262950.0,2,1,625740240.0,2,1,1,0.8511669448993241,1
CUST_00296,14.59,0.2688172043010752,0.498044890399533,2424743430.0,2,0,651812750.0,3,1,1,0.6948354522948775,1
CUST_29991,15.62,0.1344086021505376,0.3543654618704542,969897372.0,2,1,130362550.0,2,1,0,0.44124441619158344,0
CUST_09027,6.91,0.1632653061224489,0.2358090481207991,1277552990.0,2,1,208580080.0,2,1,0,0.4622815230660267,0
CUST_01561,14.61,0.05,0.3309586449559303,782175300.0,2,0,39108765.0,1,1,0,0.38303593640270156,0
CUST_00480,12.18,0.3833333333333333,0.661243657092925,1564350600.0,2,1,599667730.0,4,1,1,0.7871124607895962,1
CUST_14659,8.49,0.0255091628913105,0.0913169680091535,2555210270.04,3,1,65181274.99999999,1,1,0,0.13840945725870635,0
CUST_26797,10.99,0.3571428571428571,0.4726191630017676,1095045420.0,2,1,391087650.0,0,1,1,0.688039905295602,1
CUST_18921,8.49,0.1233228097868981,0.3801398577304257,396406442.04,2,1,48885956.25,2,1,0,0.4711431300075865,0
CUST_00116,11.83,0.3472222222222222,0.5148356665688429,337899729.6,3,1,117326295.0,3,1,1,0.5571334735262012,1
CUST_31191,11.36,0.3571428571428571,0.620174135708387,876036336.0,2,1,312870120.0,2,1,1,0.6531189277778242,1
CUST_27148,8.0,0.0603864734299516,0.1748468850253801,647641148.4,2,1,39108765.0,2,1,0,0.40962250440091436,0
CUST_06763,7.51,0.4487179487179487,0.6496319304644921,406731156.0,2,1,182507570.0,2,1,1,0.611895614918408,1
CUST_14450,13.22,0.4652605459057072,0.5267588580948045,840577722.4,2,1,391087650.0,0,1,1,0.7312983354498337,1
CUST_25727,11.26,0.4375625089298471,0.6656266176465232,729925989.9599999,2,1,319388247.5,0,1,1,0.6860592630457453,1
CUST_18982,17.58,0.1485148514851485,0.227971368890629,2633323510.0,2,1,391087650.0,2,1,0,0.3822530232278787,0
CUST_31166,16.29,0.1351351351351351,0.2433085870313793,1929365740.0,3,1,260725100.0,0,1,0,0.38612986686290707,0
CUST_08396,10.99,0.0930232558139534,0.2610853801137206,1345341516.0,3,1,125148048.0,0,1,0,0.36148486724911477,0
CUST_29244,10.99,0.1964285714285714,0.3849626258242958,438018168.0,1,1,86039283.0,1,1,1,0.5027893549844815,1
CUST_31510,13.23,0.0880681818181818,0.3202701599602071,2294380880.0,3,1,202061952.5,3,1,0,0.2651141972614435,0
CUST_26400,12.69,0.35375,0.5687161658589762,1042900400.0,2,1,368926016.5,5,1,1,0.6765504665687412,1
CUST_25392,15.33,0.319971330568781,0.5130629663615871,2037097351.32,3,0,651812750.0,3,1,1,0.7582497780195484,1
CUST_09079,14.59,0.1555555555555555,0.2673426178831921,1407915540.0,3,1,219009084.0,3,1,0,0.4467895540807,0
CUST_12506,10.0,0.2926829268292683,0.4931278989264481,1068972910.0,2,1,312870120.0,0,1,1,0.6161805432012265,1
CUST_16812,11.83,0.3703703703703703,0.6584318623911373,1407915540.0,2,1,521450199.9999999,4,1,1,0.7498312328390598,1
CUST_03007,12.99,0.0969696969696969,0.1898092522714394,860392830.0,2,0,83432032.0,1,1,0,0.41359464492621,0
CUST_04976,13.22,0.1388888888888889,0.3450419209825995,938610360.0,2,1,130362550.0,4,1,0,0.4476270624142295,0
CUST_23611,13.99,0.2795031055900621,0.4692561265698403,839534822.0,2,0,234652590.0,2,1,1,0.5802476623357558,1
CUST_06288,14.84,0.1874765654293213,0.4417339032415056,834424610.04,2,1,156435060.0,0,1,0,0.4972167026375862,0
CUST_06970,8.94,0.064516129032258,0.3046403435170484,2424743430.0,2,1,156435060.0,1,1,0,0.20997127877878846,0
CUST_07181,6.03,0.0945945945945946,0.3896791720574722,1929365740.0,2,1,182507570.0,1,1,0,0.30943644339517784,0
CUST_30757,15.33,0.2758620689655172,0.4352303161343417,1512205580.0,3,1,417160160.0,0,1,1,0.6363023352320272,1
CUST_06770,7.66,0.3783783783783784,0.5420261787549046,482341435.0,2,1,182507570.0,2,1,1,0.5969604267117067,1
CUST_00225,15.33,0.40290088638195,0.498990374011896,1617799245.5,2,0,651812750.0,5,1,1,0.8160097375338226,1
CUST_15206,14.61,0.3061224489795918,0.3643855159885351,1277552990.0,2,1,391087650.0,5,1,1,0.654793871898167,1
CUST_30861,19.47,0.1978352260838136,0.4387706790723001,1370605778.19,3,1,271154104.0,5,1,1,0.5108164775192893,1
CUST_09504,10.0,0.1071352046282408,0.3720459089818493,1460164850.04,3,1,156435060.0,3,1,0,0.3709514757462864,0
CUST_22876,10.99,0.3333333333333333,0.4795462363649397,625740240.0,2,1,208580080.0,0,1,1,0.5956529311021106,1
CUST_25090,7.66,0.3605769230769231,0.4543147606957302,867693132.8,2,1,312870120.0,0,1,1,0.6546790028430667,1
CUST_28463,10.99,0.1625,0.3513665576262715,521450199.9999999,2,1,84735657.5,0,1,0,0.48414813016993613,0
CUST_13093,10.99,0.1578947368421052,0.4490096096099267,1981510760.0,3,0,312870120.0,4,1,0,0.43030761795834516,0
CUST_11919,13.49,0.3732356134636265,0.6351324434661118,768409014.7199999,2,1,286797610.0,3,1,1,0.647633553256419,1
CUST_10339,13.72,0.4761904761904761,0.6066901237459625,547522710.0,2,0,260725100.0,2,1,1,0.6633161038661023,1
CUST_09782,10.99,0.3125,0.5714019831809544,750888288.0,2,1,234652590.0,5,1,1,0.5979744446073586,1
CUST_01685,7.49,0.1748601119104716,0.2372695708186271,260933680.08,2,1,45626892.5,4,1,0,0.4955612081465937,0
CUST_00591,10.99,0.5555555555555556,0.7609918856273843,938610360.0,2,0,521450199.9999999,5,1,1,0.8153966593240498,1
CUST_21532,10.37,0.2,0.2729285184251511,782175300.0,2,1,156435060.0,5,1,1,0.5080084439754029,1
CUST_10014,6.54,0.3596982423393996,0.5269585028091841,670480667.16,2,1,241170717.5,5,1,1,0.620513771615494,1
CUST_24997,15.27,0.3194444444444444,0.5448283023989493,938610360.0,2,0,299833865.0,2,1,1,0.6282116962158942,1
CUST_12904,10.2,0.1739130434782608,0.3482635309298947,1799003190.0,2,1,312870120.0,3,1,0,0.46759463529406764,0
CUST_19451,15.23,0.0763086941038815,0.145761664987024,1025014658.14,2,1,78217530.0,3,1,0,0.375721194221778,0
CUST_22885,7.9,0.3076923076923077,0.4112498053633628,677885260.0,2,1,208580080.0,0,1,1,0.5852348889517814,1
CUST_10080,19.04,0.4123263888888889,0.57434167563683,600710630.4,2,0,247688845.0,3,1,1,0.6405236271903346,1
CUST_03952,11.86,0.0952380952380952,0.2684260796075784,1095045420.0,2,1,104290040.0,1,1,0,0.3887516808877532,0
CUST_01965,12.21,0.21,0.2704493296673433,260725100.0,2,1,54752271.0,4,1,1,0.5054957020884324,1
CUST_23933,17.58,0.3333333333333333,0.393901072076355,782175300.0,2,1,260725100.0,5,1,1,0.6187463989207401,1
CUST_13449,14.59,0.25,0.362071312410879,260725100.0,2,0,65181274.99999999,1,1,1,0.5167944583416182,1
CUST_21812,5.42,0.35125,0.4386199320345699,521450199.9999999,2,1,183159382.75,0,1,1,0.5898461832969145,1
CUST_04969,16.32,0.1388888888888889,0.1959839774173135,938610360.0,2,1,130362550.0,5,1,0,0.44762706241422967,0
CUST_19702,13.85,0.1736842105263158,0.278462101915262,495377689.9999999,2,1,86039283.0,1,1,0,0.49094237039241706,0
CUST_05307,6.03,0.34,0.4530724454597392,651812750.0,2,1,221616335.0,2,1,1,0.6040495193578854,1
CUST_30380,14.54,0.125764591550906,0.2260656257748266,1368259252.29,2,1,172078566.0,0,1,0,0.4050726004551295,0
CUST_07998,10.25,0.1632653061224489,0.3626827424965478,1277552990.0,3,1,208580080.0,2,1,0,0.462281523066027,0
CUST_14696,9.63,0.3846153846153846,0.6270572834469642,1016827890.0,2,1,391087650.0,2,1,1,0.7017399295820842,1
CUST_28639,12.53,0.4300688110097616,0.6284852237535045,651708459.9599999,2,0,280279482.5,0,1,1,0.6630268946389021,1
CUST_02014,10.37,0.3508771929824561,0.4396232645583839,1040293149.0,2,1,365015140.0,3,1,1,0.6733026764077493,1
CUST_16030,13.11,0.3410766961651917,0.4104705960700297,707086471.1999999,2,1,241170717.5,2,1,1,0.6133663450291138,1
CUST_31728,15.31,0.0786004056795131,0.1890498181966586,2570749486.0,3,0,202061952.5,5,1,0,0.2230642500516279,0
CUST_12297,15.7,0.140302066772655,0.4121089241770029,1639960879.0,3,0,230089900.75,5,1,0,0.41160667690627334,0
CUST_31504,11.99,0.0681818181818181,0.1224417138854838,2294380880.0,3,1,156435060.0,1,1,0,0.2283961912799999,0
CUST_00618,11.48,0.3925417075564278,0.5807424207347095,1328394384.5,2,1,521450199.9999999,1,1,1,0.7619526788200887,1
CUST_00999,12.84,0.3272727272727272,0.4577521296125393,1433988050.0,2,1,469305180.0,2,1,1,0.7005825544035202,1
CUST_06523,15.31,0.1522997258604934,0.2187332920465222,1027152603.96,2,0,156435060.0,4,1,0,0.45751010536334036,0
CUST_11038,10.99,0.1078947368421052,0.364380540722902,990755380.0,2,1,106897291.0,5,1,0,0.41214857288394213,0
CUST_15899,16.29,0.0490196078431372,0.2418766094390921,6382550448.0,3,0,312870120.0,5,1,0,0.01951514274861448,0
CUST_32303,14.91,0.3230272265805261,0.4430938101711318,2824956458.5,2,1,912537850.0,0,1,1,0.835159227258814,1
CUST_28280,12.73,0.1111111111111111,0.2231343679853499,1173262950.0,2,0,130362550.0,5,1,0,0.40031820452426803,0
CUST_12538,16.77,0.2222222222222222,0.3632406339780915,1407915540.0,2,1,312870120.0,0,1,1,0.5481810303215043,1
CUST_00377,14.09,0.0794912559618442,0.1907565082763503,3279921758.0,3,1,260725100.0,5,1,0,0.17086967088596217,0
CUST_16620,15.99,0.2133333333333333,0.4756404323037322,782175300.0,2,1,166864064.0,0,1,1,0.5193043835054533,1
CUST_02362,15.62,0.0704225352112676,0.2651807637038987,925574105.0,2,1,65181274.99999999,5,1,0,0.3817531870462254,0
CUST_11354,12.8,0.1893939393939394,0.3106477154131897,1376628528.0,2,0,260725100.0,4,1,0,0.4982692766227563,0
CUST_12903,14.74,0.096696212731668,0.276252222505889,1617799245.5,3,1,156435060.0,5,1,0,0.3411038361098068,0
CUST_10387,11.36,0.4,0.6746166422021868,651812750.0,2,1,260725100.0,4,1,1,0.6438101140638373,1
CUST_28094,10.99,0.1693548387096774,0.3363995384753404,1293196496.0,2,0,219009084.0,4,1,0,0.47031825064558663,0
CUST_18041,15.2,0.3333333333333333,0.5934025222340115,1955438250.0,2,1,651812750.0,0,1,1,0.7704009915180644,1
CUST_14677,10.25,0.4054054054054054,0.5542645231100257,964682870.0,2,1,391087650.0,2,1,1,0.7106783090020251,1
CUST_09109,13.48,0.2222222222222222,0.3906205033218529,1407915540.0,3,1,312870120.0,1,1,1,0.5481810303215041,1
CUST_02864,9.07,0.0515729757607013,0.3239526256859441,1516637906.7,2,1,78217530.0,2,1,0,0.28619378072215734,0
CUST_15772,16.35,0.2543720190779014,0.520867368490671,1639960879.0,2,1,417160160.0,5,1,1,0.6115413726642195,1
CUST_26410,10.75,0.4528301886792453,0.7400760087438994,829105818.0,2,1,375444144.0,4,1,1,0.7196788294057443,1
CUST_23934,8.9,0.3333333333333333,0.5263431431784127,782175300.0,2,1,260725100.0,0,1,1,0.6187463989207396,1
CUST_30035,13.22,0.1136363636363636,0.2482508465210518,1147190440.0,2,0,130362550.0,5,1,0,0.4055005393874146,0
CUST_18725,14.18,0.3097893432465923,0.5580145465185793,1346592996.48,2,1,417160160.0,4,1,1,0.6673413001231658,1
CUST_19156,7.29,0.0685714285714285,0.2265248527139743,912537850.0,2,1,62574023.99999999,3,1,0,0.381627175264255,0
CUST_03610,11.11,0.1510416666666666,0.3244153669070115,625740240.0,2,1,94512848.75,1,1,0,0.47322492888432555,0
CUST_27699,13.11,0.2162162162162162,0.3052711327368656,1929365740.0,2,0,417160160.0,1,1,1,0.553465231143346,1
CUST_18935,7.9,0.0980392156862745,0.2990827510296241,531879203.9999999,2,1,52145020.0,1,1,0,0.4468623807141581,0
CUST_02004,12.23,0.4375,0.5904638512961868,834320320.0,2,1,365015140.0,2,1,1,0.7095792124137741,1
CUST_03608,16.29,0.1830808080808081,0.2796164722139301,516235697.9999999,2,1,94512848.75,5,1,0,0.4958183064171457,0
CUST_00111,9.91,0.2816358024691358,0.3457072946634382,337899729.6,3,1,95164661.5,1,1,1,0.5333118664424987,1
CUST_12224,5.42,0.3773584905660377,0.5191644886998276,829105818.0,2,1,312870120.0,3,1,1,0.6618507106785257,1
CUST_27617,10.99,0.5198275862068965,0.6334581500874066,756102790.0,2,1,393043088.25,1,1,1,0.7463982050965017,1
CUST_15881,12.29,0.4085106382978723,0.5602788624002296,1225407970.0,2,0,500592191.9999999,3,1,1,0.7609811818191398,1
CUST_15109,15.99,0.109090909090909,0.2718492962921574,2867976100.0,3,1,312870120.0,3,1,0,0.26638958246359495,0
CUST_19269,7.14,0.0940132370637785,0.1494550032331774,693320185.92,2,1,65181274.99999999,0,1,0,0.4279502850726689,0
CUST_15152,13.48,0.1418439716312056,0.3221911365578478,2940979128.0,3,0,417160160.0,2,1,0,0.34952194842887174,0
CUST_15054,13.98,0.0493827160493827,0.11966011897015,844749324.0,2,1,41716016.0,2,1,0,0.37353586707617425,0
CUST_12175,10.36,0.5,0.6471453283241289,625740240.0,2,1,312870120.0,0,1,1,0.6983764950920591,1
CUST_06088,12.42,0.4097222222222222,0.7055349447823653,375444144.0,2,1,153827809.0,2,1,1,0.5882617457045927,1
CUST_02553,13.98,0.1,0.327399873783951,782175300.0,2,0,78217530.0,3,1,0,0.4238205218503841,0
CUST_12840,10.99,0.0833333333333333,0.2475062443515036,938610360.0,2,1,78217530.0,0,1,0,0.3926086263544494,0
CUST_15196,17.49,0.3125,0.5764924289808293,1251480480.0,2,0,391087650.0,0,1,1,0.6596467917848265,1
CUST_28448,10.99,0.1910828025477707,0.2467816490588873,2046692035.0,2,1,391087650.0,2,1,1,0.5011737220285221,1
CUST_20489,13.23,0.1458966565349544,0.4369438940025797,857785579.0,2,0,125148048.0,1,1,0,0.4585719349630539,0
CUST_18276,13.49,0.4413461538461538,0.5309539114069779,1355770520.0,2,1,598364104.5,4,1,1,0.8137084599807057,1
CUST_00687,10.25,0.3448275862068966,0.4344482823785819,1512205580.0,2,1,521450199.9999999,3,1,1,0.7333224177349763,1
CUST_03036,13.8,0.0542372881355932,0.2984957775277482,1538278090.0,2,1,83432032.0,5,1,0,0.28716103298707685,0
CUST_13458,15.65,0.3676470588235294,0.471600430107095,1772930680.0,3,1,651812750.0,5,1,1,0.7959822012066263,1
CUST_22366,7.9,0.2121212121212121,0.3999665368603545,860392830.0,2,1,182507570.0,2,1,1,0.5201040523872164,1
CUST_27914,11.14,0.3748828491096532,0.4684556122929946,556387363.4,2,1,208580080.0,3,1,1,0.6093750031973173,1
CUST_25081,7.88,0.375,0.4929239540727775,834320320.0,2,1,312870120.0,3,1,1,0.6608858084534066,1
CUST_24904,10.36,0.32,0.6147667598849291,912537850.0,2,1,292012112.0,5,1,1,0.6253173430366374,1
CUST_23370,6.91,0.1785714285714285,0.3425022158939335,1460060560.0,3,1,260725100.0,1,1,0,0.48104489708917614,0
CUST_05612,10.99,0.0827140384811157,0.2995784128998409,1024441062.92,3,1,84735657.5,0,1,0,0.38248506419192185,0
CUST_18051,10.37,0.3854166666666667,0.4669506179633276,375444144.0,1,1,144702430.5,3,1,1,0.5786459032452457,1
CUST_29426,7.51,0.0238095238095238,0.1067703730261606,1095045420.0,2,1,26072510.0,1,1,0,0.31180201265556134,0
CUST_28762,15.13,0.0925925925925925,0.1675242434862367,1407915540.0,2,1,130362550.0,1,1,0,0.35479776274763863,0
CUST_26748,15.95,0.4976114649681528,0.6493365329779297,785929741.4399999,2,0,391087650.0,2,1,1,0.740077510200442,1
CUST_06109,10.99,0.3453038674033149,0.560231159693558,453035933.76,2,1,156435060.0,4,1,1,0.57541530141175,1
CUST_00619,10.38,0.392156862745098,0.6455420840657459,1329698010.0,2,1,521450199.9999999,4,1,1,0.7617572600233274,1
CUST_02788,7.88,0.2352941176470588,0.2954138754832394,1329698010.0,2,1,312870120.0,0,1,1,0.5641321591824865,1
CUST_04774,14.84,0.1944444444444444,0.3584774138850709,938610360.0,3,1,182507570.0,3,1,1,0.5039584444272671,1
CUST_28005,15.95,0.2122954444935869,0.27223783687058,1473748627.75,3,1,312870120.0,5,1,1,0.5346769601568968,1
CUST_18364,18.25,0.3571428571428571,0.4516560000245901,1460060560.0,2,1,521450199.9999999,2,1,1,0.7416627545279845,1
CUST_15962,14.26,0.25,0.5181411054300424,125148048.0,2,0,31287012.0,5,1,1,0.50806367449374,1
CUST_00533,9.99,0.3071428571428571,0.5784673376280727,1825075700.0,2,1,560558965.0,1,1,1,0.7155748345863343,1
CUST_31245,14.22,0.2222222222222222,0.4690903962134755,1407915540.0,2,0,312870120.0,3,1,1,0.5481810303215042,1
CUST_16038,16.29,0.1111111111111111,0.2019741099688482,563166216.0,2,1,62574023.99999999,2,1,0,0.4516547795131707,0
CUST_16477,14.72,0.3222222222222222,0.4363262552536027,469305180.0,2,0,151220558.0,1,1,1,0.5665843387723246,1
CUST_16838,7.51,0.1818181818181818,0.2604838446140496,1433988050.0,3,1,260725100.0,0,1,0,0.4864246024426581,0
CUST_06780,10.99,0.3059440559440559,0.4886880941742956,596539028.8,2,1,182507570.0,4,1,1,0.5740667098755197,1
CUST_31632,18.3,0.2828054298642534,0.4335767620865399,2304809884.0,3,1,651812750.0,5,1,1,0.7154324097494316,1
CUST_00563,16.95,0.2592592592592592,0.4239628870959104,2111873310.0,2,0,547522710.0,2,1,1,0.6522925377273243,1
CUST_31902,14.5,0.5736607142857143,0.7162071898404849,876036336.0,2,1,502547630.2499999,2,1,1,0.8107982665960453,1
CUST_25269,16.08,0.2631578947368421,0.3525349414691613,1981510760.0,3,0,521450199.9999999,1,1,1,0.6510805374879585,1
CUST_07780,10.99,0.2258064516129032,0.4451854649721105,808247810.0,2,1,182507570.0,1,1,1,0.5308465859874281,1
CUST_31261,12.49,0.103021978021978,0.1863323683583636,759231491.1999999,2,0,78217530.0,3,1,0,0.4284562671196492,0
CUST_28853,13.57,0.3418803418803419,0.5341370443698553,732116080.8,2,1,250296096.0,3,1,1,0.6178356204604653,1
CUST_01507,13.49,0.0552083333333333,0.335148792334929,625740240.0,2,0,34546075.75,2,1,0,0.4092142669147196,0
CUST_16871,15.95,0.2702556618561159,0.4934752218802825,1929470030.04,2,1,521450199.9999999,4,1,1,0.6607839480388605,1
CUST_08443,15.68,0.1250096161243172,0.2011083336667432,1355666229.96,3,1,169471315.0,5,1,0,0.4048556922289434,0
CUST_02255,17.27,0.3611111111111111,0.6215858221741749,938610360.0,2,1,338942630.0,2,1,1,0.6668840168597858,1
CUST_18076,17.49,0.1618497109826589,0.3393401609759767,4510544230.0,3,0,730030280.0,3,1,0,0.3632290168008675,0
CUST_26423,6.99,0.3348837209302325,0.4536209776789204,1121117930.0,2,1,375444144.0,3,1,1,0.668542550865659,1
CUST_04786,7.14,0.1666666666666666,0.3306982624351187,938610360.0,3,1,156435060.0,1,1,0,0.47571551165538517,0
CUST_14109,14.26,0.1428571428571428,0.2349242773907897,2555105980.0,2,1,365015140.0,2,1,0,0.3708856438013814,0
CUST_11400,17.93,0.1851851851851851,0.3993345498059965,1407915540.0,2,0,260725100.0,2,1,0,0.4918074550645912,0
CUST_26369,7.9,0.1014492753623188,0.1993569713276952,3598006380.0,2,1,365015140.0,0,1,0,0.19939301811260912,0
CUST_16671,10.99,0.4524886877828054,0.7235630393813356,1728607413.0,2,1,782175300.0,5,1,1,0.8768824597698606,1
CUST_12183,14.26,0.4615384615384615,0.6307449894960981,677885260.0,2,1,312870120.0,4,1,1,0.6892242564050516,1
CUST_00843,8.9,0.131578947368421,0.2927063844839004,594453228.0,3,1,78217530.0,0,1,0,0.46207100850574606,0
CUST_21341,11.11,0.1195652173913043,0.3299661733917101,1199335460.0,2,1,143398805.0,5,1,0,0.408744740067136,0
CUST_30183,12.87,0.3428571428571428,0.570245367496773,1095045420.0,3,0,375444144.0,3,1,1,0.6732986257330572,1
CUST_18626,10.99,0.3977272727272727,0.4720946695402732,1147190440.0,2,1,456268925.0,2,1,1,0.7370146195188638,1
CUST_22340,14.91,0.21875,0.4895635320064971,834320320.0,2,0,182507570.0,1,1,1,0.525478267084549,1
CUST_09719,15.62,0.26796875,0.4540404710288404,834320320.0,2,0,223571773.25,3,1,1,0.569559188692977,1
CUST_22878,7.51,0.3200512081933109,0.3994284093677732,651708459.9599999,2,1,208580080.0,5,1,1,0.5904748962983268,1
CUST_18280,14.96,0.4838709677419355,0.7386361246747074,1212371715.0,2,0,586631475.0,2,1,1,0.8237403930592995,1
CUST_31490,10.99,0.2592592592592592,0.5378547062210455,1407915540.0,2,1,365015140.0,5,1,1,0.6033447140012721,1
CUST_23206,9.99,0.2604166666666667,0.3188092878723063,500592191.9999999,2,1,130362550.0,2,1,1,0.5378374454058459,1
CUST_19520,12.53,0.2552974214960429,0.3630288168186327,1225512260.04,2,1,312870120.0,1,1,1,0.5851692721363235,1
CUST_05236,10.65,0.4612785862785862,0.5573743868948245,501635092.4,2,1,231393526.25,1,1,1,0.6430992081038516,1
CUST_24815,14.27,0.1282051282051282,0.1957609157279412,2033655780.0,2,1,260725100.0,2,1,0,0.36591616070765803,0
CUST_20867,12.49,0.1666666666666666,0.4085628946659494,1407915540.0,2,1,234652590.0,1,1,0,0.46360904578310547,0
CUST_10514,12.73,0.3205128205128205,0.3746635299709369,813462312.0,2,1,260725100.0,0,1,1,0.6126299223450407,1
CUST_17978,13.61,0.5208333333333334,0.6982551429343737,1251480480.0,2,0,651812750.0,1,1,1,0.8571975396331626,1
CUST_13915,10.99,0.2790697674418604,0.5478299801048417,2242235860.0,3,0,625740240.0,3,1,1,0.7027793455726943,1
CUST_20948,10.0,0.3130113110905598,0.4205318471356747,733002546.14,2,1,229438088.0,3,1,1,0.5960901835094752,1
CUST_26135,15.7,0.3333333333333333,0.5482749999911583,1095045420.0,2,0,365015140.0,4,1,1,0.6632749769629215,1
CUST_00092,15.62,0.369535519125683,0.4786869637438293,1908507732.0,2,0,705261395.5,4,1,1,0.8147389161006955,1
CUST_07327,15.95,0.184005661712668,0.2710233366060189,921011415.75,2,1,169471315.0,1,1,0,0.4934630139216063,0
CUST_19268,13.22,0.0798135555342719,0.278491332554859,816669230.7299999,3,1,65181274.99999999,3,1,0,0.40320386984195805,0
CUST_03495,11.71,0.3541666666666667,0.4388187409904007,782175300.0,2,1,277020418.75,4,1,1,0.6352684507426591,1
CUST_01217,11.71,0.4571428571428571,0.7361194810292901,912537850.0,2,1,417160160.0,5,1,1,0.7416980357996086,1
CUST_00967,13.48,0.5859375,0.7038059291980773,800947507.1999999,2,0,469305180.0,2,1,1,0.7978819974122608,1
CUST_15925,15.99,0.2083333333333333,0.4245473622230142,250296096.0,2,1,52145020.0,1,1,1,0.5048237426131603,1
CUST_03569,10.99,0.0847218299915278,0.2818050576429081,1107873094.92,2,1,93861036.0,3,1,0,0.37557325018717547,0
CUST_11826,13.79,0.3571428571428571,0.4880287683494215,1825075700.0,3,1,651812750.0,3,1,1,0.7888963891670787,1
CUST_06651,16.45,0.125,0.3744426717177237,1251480480.0,2,1,156435060.0,0,1,0,0.41199690860259836,0
CUST_29148,12.69,0.1625,0.3137766257158204,312870120.0,1,1,50841394.5,5,1,0,0.490486837724213,0
CUST_28357,9.99,0.2604166666666667,0.3600688984255495,500592191.9999999,2,1,130362550.0,4,1,1,0.5378374454058459,1
CUST_01268,15.7,0.3076923076923077,0.3785029342452541,1355770520.0,2,1,417160160.0,0,1,1,0.6656558286057814,1
CUST_14644,14.27,0.4310344827586206,0.4860556107872205,907323348.0,2,0,391087650.0,4,1,1,0.7203246828673867,1
CUST_18510,16.32,0.0833333333333333,0.3510696004358057,312870120.0,2,0,26072510.0,1,1,0,0.4637006339192722,0
CUST_26436,13.61,0.3235955056179775,0.5879123692325368,1160226695.0,2,0,375444144.0,4,1,1,0.6613436815616573,1
CUST_09365,19.04,0.4515488124266233,0.5679158471477643,1443504516.15,3,1,651812750.0,0,1,1,0.8366554499056958,1
CUST_16864,10.99,0.3081597222222222,0.4573108681042485,750888288.0,2,1,231393526.25,5,1,1,0.5945726682993543,1
CUST_28314,19.69,0.1595987232102143,0.4092560475622581,5717701443.0,3,1,912537850.0,5,1,0,0.3170367757680851,0
CUST_18876,7.51,0.0384615384615384,0.1392457935593588,1016827890.0,2,1,39108765.0,3,1,0,0.33837181641887143,0
CUST_20739,14.84,0.15625,0.387052624457423,834320320.0,2,1,130362550.0,0,1,0,0.46901583004928193,0
CUST_29592,10.99,0.1712328767123287,0.3588525218955327,456790375.2,2,1,78217530.0,4,1,0,0.4904343811033722,0
CUST_25692,18.79,0.1025597196700995,0.3575577522000941,3050614032.55,2,0,312870120.0,4,1,0,0.23795595138685785,0
CUST_29212,10.99,0.1680672268907563,0.2997121059341535,3723154428.0,3,1,625740240.0,5,1,0,0.41023171129655034,0
CUST_25047,14.79,0.4699248120300752,0.6012748709905094,665787615.36,2,0,312870120.0,5,1,1,0.6913611550500307,1
CUST_32087,13.23,0.0925925925925925,0.3669802064847208,1407915540.0,3,1,130362550.0,1,1,0,0.3547977627476385,0
CUST_15078,13.99,0.2314814814814814,0.3220935247661294,2815831080.0,3,0,651812750.0,3,1,1,0.6223880121031911,1
CUST_12286,9.91,0.3333333333333333,0.5561895658181782,938610360.0,2,1,312870120.0,5,1,1,0.6413151552356511,1
CUST_28232,10.65,0.1794871794871795,0.309222768324157,406731156.0,2,1,73003028.0,5,1,0,0.49512101779896095,0
CUST_28932,15.31,0.3855325914149443,0.6796515302619957,1639960879.0,2,1,632258367.5,5,1,1,0.8000243391021576,1
CUST_18343,7.9,0.3703703703703703,0.6412262464445486,1407915540.0,2,1,521450199.9999999,5,1,1,0.7498312328390596,1
CUST_08831,7.51,0.2222222222222222,0.5058359376109037,938610360.0,2,1,208580080.0,5,1,1,0.532176138145435,1
CUST_00539,14.17,0.2604166666666667,0.3867491128607251,500592191.9999999,3,0,130362550.0,3,1,1,0.5378374454058462,1
CUST_11408,14.84,0.1430656934306569,0.2230597175680409,1785966935.0,3,1,255510598.0,0,1,0,0.40908739772826946,0
CUST_25682,10.99,0.1111111111111111,0.2637957811499586,2815831080.0,2,1,312870120.0,2,1,0,0.2748935309158493,0
CUST_27254,11.86,0.2777777777777778,0.5329121729716977,1407915540.0,2,1,391087650.0,3,1,1,0.6300589326486438,1
CUST_17776,17.99,0.2117647058823529,0.4114609893475291,1772930680.0,2,1,375444144.0,4,1,1,0.5406736600935668,1
CUST_16574,16.49,0.1578282828282828,0.3285607327802153,660781693.4399999,3,0,104290040.0,5,1,0,0.47657669677345044,0
CUST_21595,19.42,0.2,0.2733934055652537,782175300.0,2,1,156435060.0,4,1,1,0.5080084439754036,1
CUST_05705,11.86,0.2407407407407407,0.5391106588015429,563166216.0,2,1,135577052.0,5,1,1,0.5305989683957478,1
CUST_25141,10.99,0.3133568350959655,0.4325063124356375,998446770.45,2,1,312870120.0,0,1,1,0.6298651553625012,1
CUST_18347,13.48,0.3636363636363636,0.6485684597902212,1433988050.0,2,1,521450199.9999999,3,1,1,0.7457686160545833,1
CUST_20178,11.71,0.1696969696969697,0.3843884414744267,860392830.0,3,1,146006056.0,2,1,0,0.48055771187146423,0
CUST_03942,14.84,0.0975609756097561,0.2946209927653014,1068972910.0,2,0,104290040.0,0,1,0,0.393882629642762,0
CUST_18266,11.12,0.5875,0.668823451775207,1042900400.0,2,1,612703985.0,3,1,1,0.857535276027678,1
CUST_31418,12.84,0.1024390243902439,0.1539260514587208,2137945820.0,3,0,219009084.0,3,1,0,0.3064386912563786,0
CUST_19090,13.48,0.1466666666666666,0.2316062532216568,391087650.0,2,1,57359522.0,0,1,0,0.4814034363853374,0
CUST_17406,17.27,0.125,0.192539896016443,938610360.0,2,1,117326295.0,5,1,0,0.43369598503778173,0
CUST_17142,12.92,0.1875,0.276423116801952,834320320.0,2,1,156435060.0,5,1,0,0.49723824380161635,0
CUST_08582,11.49,0.3703703703703703,0.5709538345550784,563166216.0,2,1,208580080.0,5,1,1,0.6080409734054812,1
CUST_14776,19.82,0.3980891719745223,0.6743949780094908,982412176.8,2,1,391087650.0,2,1,1,0.7076571049946182,1
CUST_00154,10.99,0.4545454545454545,0.716658372474969,1433988050.0,2,0,651812750.0,1,1,1,0.8377271576535998,1
CUST_25179,14.96,0.3497522588166715,0.5088384284727668,894547818.0999999,2,0,312870120.0,4,1,1,0.6496457778776017,1
CUST_07964,7.49,0.1428571428571428,0.4387597997547288,1277552990.0,2,1,182507570.0,2,1,0,0.4343291697938437,0
CUST_02211,16.4,0.4416666666666666,0.5286836285588489,782175300.0,2,0,345460757.5,3,1,1,0.7009107447932972,1
CUST_26147,7.9,0.358974358974359,0.5403808613606148,1016827890.0,2,1,365015140.0,2,1,1,0.6775528888402225,1
CUST_19213,17.27,0.2880434782608695,0.3616610148585253,1199335460.0,2,0,345460757.5,5,1,1,0.6240957369662776,1
CUST_22887,11.36,0.3076923076923077,0.4370880277929079,677885260.0,2,1,208580080.0,4,1,1,0.5852348889517818,1
CUST_09438,14.54,0.1428571428571428,0.3294925908401416,1460060560.0,3,0,208580080.0,4,1,0,0.42507991350655283,0
CUST_16837,12.98,0.1428571428571428,0.3965722406104432,912537850.0,3,1,130362550.0,5,1,0,0.45295924101932517,0
CUST_13286,10.65,0.4032258064516129,0.6484398238814529,808247810.0,2,1,325906375.0,3,1,1,0.6781559734700903,1
CUST_18283,12.69,0.3068493150684931,0.4310971850366541,1903293230.0,2,1,584024224.0,2,1,1,0.723068588601855,1
CUST_01411,15.58,0.0238095238095238,0.2580334409842291,1095045420.0,2,0,26072510.0,0,1,0,0.31180201265556184,0
CUST_00472,14.5,0.3143333333333333,0.3814624311689988,1955438250.0,2,1,614659423.25,0,1,1,0.7406755348780019,1
CUST_22224,7.88,0.2736842105263158,0.3516521578799439,1238444225.0,3,1,338942630.0,5,1,1,0.6097816320181549,1
CUST_06370,13.16,0.2,0.4259621081486803,782175300.0,2,0,156435060.0,2,1,1,0.5080084439754031,1
CUST_16798,8.9,0.34375,0.4522466162989966,1251480480.0,2,1,430196415.0,3,1,1,0.6966283490200952,1
CUST_01603,8.94,0.0441176470588235,0.100179488465929,886465340.0,2,1,39108765.0,3,1,0,0.3628884501632492,0
CUST_08779,5.42,0.1574074074074074,0.4547296486984454,1407915540.0,3,1,221616335.0,2,1,0,0.4495854118770064,0
CUST_15696,11.48,0.3166666666666666,0.6138809551618366,1251480480.0,2,1,396302152.0,3,1,1,0.6647044918764708,1
CUST_24022,13.72,0.1428571428571428,0.2665928479402896,1642568130.0,3,0,234652590.0,3,1,0,0.41588281365619995,0
CUST_02100,13.92,0.0909090909090909,0.1831157635944558,688314264.0,2,1,62574023.99999999,1,1,0,0.4261962069975639,0
CUST_06862,16.33,0.1704545454545454,0.3766170624625369,1147190440.0,3,1,195543825.0,2,1,0,0.47502674094136144,0
CUST_02273,13.57,0.3186274509803921,0.4732900763055453,1063758408.0,2,0,338942630.0,5,1,1,0.6435313966102143,1
CUST_14847,14.11,0.2386953864955698,0.3451022209449904,2730730407.36,3,0,651812750.0,3,1,1,0.6387652638228993,1
CUST_28947,15.45,0.2040982937382643,0.2620232497515389,1277448699.96,2,1,260725100.0,1,1,1,0.5187467546940728,1
CUST_09154,13.72,0.3472222222222222,0.569888791122488,375444144.0,2,1,130362550.0,4,1,1,0.5634167376210978,1
CUST_09191,10.99,0.2604166666666667,0.4383508724297509,500592191.9999999,2,1,130362550.0,4,1,1,0.537837445405846,1
CUST_23222,18.53,0.3592592592592593,0.5252529728165907,1407915540.0,3,1,505806693.9999999,5,1,1,0.7368932644361232,1
CUST_04667,10.99,0.296969696969697,0.5105421154071278,860392830.0,2,1,255510598.0,3,1,1,0.5979655906401211,1
CUST_00635,11.66,0.4088976120379457,0.5857517614366935,1275258609.12,2,1,521450199.9999999,5,1,1,0.7698239164807792,1
CUST_00477,7.49,0.3494623655913978,0.6140806424223616,1745815269.6,2,1,610096734.0,4,1,1,0.7690394592141331,1
CUST_00877,10.37,0.1,0.1836448676227738,260725100.0,2,1,26072510.0,0,1,0,0.47442989820828513,0
CUST_28346,12.21,0.3333333333333333,0.4901664354145398,938610360.0,2,1,312870120.0,4,1,1,0.6413151552356513,1
CUST_08132,10.37,0.0960384153661464,0.3151099726455121,1303104049.8,3,1,125148048.0,5,1,0,0.36957804311342085,0
CUST_11917,13.49,0.3793103448275862,0.5380695769846392,756102790.0,2,0,286797610.0,5,1,1,0.6499503783146624,1
CUST_21513,8.94,0.2222222222222222,0.2901746066073943,703957770.0,2,1,156435060.0,1,1,1,0.5241467003260837,1
CUST_16570,16.0,0.3050847457627119,0.5889347746928795,1538278090.0,2,0,469305180.0,0,1,1,0.6822012030932578,1
CUST_17743,14.83,0.3938008130081301,0.6653644741824387,513106996.8,2,1,202061952.5,5,1,1,0.6111581668083835,1
CUST_18528,15.96,0.3158333333333333,0.5622145218458154,1564350600.0,2,0,494074064.4999999,0,1,1,0.7005168915850228,1
CUST_01187,17.58,0.3988095238095238,0.6274647579263638,1095045420.0,2,1,436714542.5,1,1,1,0.7288521242021968,1
CUST_27234,13.36,0.2155172413793103,0.4928560919414595,3024411160.0,3,0,651812750.0,1,1,1,0.581117353089009,1
CUST_29775,10.99,0.0703703703703703,0.3310797031425415,1407915540.0,2,1,99075538.0,0,1,0,0.3243889831661564,0
CUST_17824,10.99,0.15625,0.2708553155739324,500592191.9999999,2,0,78217530.0,3,1,0,0.4813942416637797,0
CUST_04624,12.69,0.1111111111111111,0.3684662201150394,938610360.0,3,1,104290040.0,3,1,0,0.41986891159241174,0
CUST_22672,7.49,0.0936274509803921,0.2358833072863279,1329698010.0,3,1,124496235.25,0,1,0,0.36381907150670817,0
CUST_14545,11.71,0.4437869822485207,0.5351763654266739,881250838.0,2,1,391087650.0,5,1,1,0.7246437690706662,1
CUST_03803,10.99,0.3086419753086419,0.5615282536464351,844749324.0,3,0,260725100.0,5,1,1,0.606477727459037,1
CUST_19081,11.99,0.4827586206896552,0.7650507980421095,756102790.0,2,1,365015140.0,1,1,1,0.7227145303690918,1
CUST_18244,13.85,0.3333333333333333,0.5200418453510137,1877220720.0,2,1,625740240.0,5,1,1,0.7617238384205139,1
CUST_28587,12.29,0.0901785714285714,0.222102009477022,1460060560.0,3,0,131666175.5,5,1,0,0.3462764538335494,0
CUST_16895,17.49,0.1388888888888889,0.279974241923652,375444144.0,2,0,52145020.0,3,1,0,0.4789860862935961,0
CUST_01752,7.74,0.1666666666666666,0.3703022127237069,312870120.0,2,1,52145020.0,2,1,0,0.491899505269971,0
CUST_23472,10.99,0.2507462686567164,0.515081739246378,873429085.0,2,1,219009084.0,5,1,1,0.5567436540733026,1
CUST_08488,14.35,0.3229166666666667,0.5528346036925799,625740240.0,2,1,202061952.5,3,1,1,0.5888279846218083,1
CUST_32560,19.03,0.0258620689655172,0.1453883183867919,1512205580.0,2,1,39108765.0,5,1,0,0.2535338163824897,0
CUST_14361,13.16,0.3222222222222222,0.3866003342831434,1173262950.0,2,1,378051395.0,0,1,1,0.6614632572787471,1
CUST_28790,15.27,0.1041666666666666,0.1688786717866137,1251480480.0,3,0,130362550.0,5,1,0,0.3849086143164284,0
CUST_32106,15.99,0.3205128205128205,0.4377554522819237,488077387.2,2,0,156435060.0,3,1,1,0.5683269306306837,1
CUST_16210,13.85,0.2827380952380952,0.581482227906326,438018168.0,3,0,123844422.5,3,1,1,0.5436580225035814,1
CUST_09183,9.62,0.2821670428893905,0.5283766094290261,462004877.2,2,1,130362550.0,1,1,1,0.5457520587079142,1
CUST_00492,16.7,0.3068493150684931,0.5516343462970161,1903293230.0,2,0,584024224.0,4,1,1,0.7230685886018552,1
CUST_21473,10.65,0.3125,0.493470468253154,500592191.9999999,2,1,156435060.0,0,1,1,0.5657884139705817,1
CUST_08216,13.24,0.25,0.3153719152578011,782175300.0,2,0,195543825.0,0,1,1,0.5502323042239621,1
CUST_15961,14.84,0.375,0.6369741903234268,125148048.0,2,0,46930518.0,0,1,1,0.5250007897677293,1
CUST_20627,12.23,0.392,0.4779344003778041,651812750.0,2,0,255510598.0,1,1,1,0.6386085946240145,1
CUST_20450,10.99,0.25,0.5410394920148611,500592191.9999999,2,1,125148048.0,4,1,1,0.5322128153103568,1
CUST_30681,14.59,0.181159420289855,0.4791208742542504,719601276.0,2,0,130362550.0,5,1,0,0.49267261155420666,0
CUST_29229,19.04,0.2550916289131056,0.5006650561122851,2555210270.04,2,0,651812750.0,3,1,1,0.6715113489482221,1
CUST_29200,14.59,0.3623188405797101,0.63334519864537,1799003190.0,2,1,651812750.0,1,1,1,0.7924616151890951,1
CUST_01875,13.49,0.3333333333333333,0.6253657341778962,782175300.0,3,1,260725100.0,1,1,1,0.6187463989207398,1
CUST_10475,11.48,0.3333333333333333,0.4466079983177019,782175300.0,2,1,260725100.0,0,1,1,0.6187463989207398,1
CUST_03475,14.11,0.3589315525876461,0.5531999915613123,780871674.5,2,1,280279482.5,1,1,1,0.6387849168744845,1
CUST_03554,14.38,0.1553030303030303,0.2352162210479383,1720785660.0,2,1,267243227.5,3,1,0,0.434623217437356,0
CUST_03920,15.96,0.1808972503617945,0.2733169096899151,864773011.68,3,1,156435060.0,0,1,0,0.4909489912230496,0
CUST_01137,9.88,0.3110135382363703,0.5480497903423208,1425123396.6,2,1,443232670.0,5,1,1,0.6779461604834661,1
CUST_28962,10.59,0.5208333333333334,0.7617128218680153,1251480480.0,2,0,651812750.0,2,1,1,0.8571975396331625,1
CUST_03183,10.65,0.16,0.4082756472739218,782175300.0,3,1,125148048.0,3,1,0,0.4741177185725964,0
CUST_23911,8.49,0.4,0.5791099378365707,651812750.0,2,1,260725100.0,3,1,1,0.643810114063837,1
CUST_00146,15.28,0.5319148936170213,0.7501463832220018,1225407970.0,2,0,651812750.0,1,1,1,0.8598142369714938,1
CUST_29352,14.96,0.3926917989417989,0.5988502298406525,1261492323.84,2,0,495377689.9999999,5,1,1,0.7513158923789218,1
CUST_31967,17.74,0.3741496598639456,0.5621349908305548,1533063588.0,3,0,573595220.0,5,1,1,0.7721354712611337,1
CUST_28903,14.83,0.3689320388349514,0.6620989172940064,1342734265.0,2,1,495377689.9999999,1,1,1,0.7385640319806336,1
CUST_18278,14.46,0.4945652173913043,0.7531417651556968,1199335460.0,2,1,593149602.5,3,1,1,0.8293362628732057,1
CUST_00304,11.54,0.2116666666666666,0.4855525320461669,391087650.0,1,0,82780219.25,1,1,1,0.5089494826646688,1
CUST_14182,9.99,0.186893430695911,0.279633622514482,1953065651.59,3,1,365015140.0,5,1,0,0.4922513814222503,0
CUST_04162,7.51,0.2884615384615384,0.5612240062883573,406731156.0,2,1,117326295.0,0,1,1,0.5430595704663103,1
CUST_27944,10.99,0.3636363636363636,0.513988039209308,573595220.0,2,1,208580080.0,3,1,1,0.605985471714405,1
CUST_12246,11.12,0.3571428571428571,0.638630971735732,876036336.0,2,1,312870120.0,5,1,1,0.6531189277778242,1
CUST_01334,10.99,0.0416666666666666,0.3408377797247304,625740240.0,2,1,26072510.0,5,1,0,0.40036241286749974,0
CUST_26832,16.49,0.3378378378378378,0.5976891340857529,1157619444.0,2,0,391087650.0,4,1,1,0.6768364621058627,1
CUST_10060,16.32,0.2136363636363636,0.2725718175149016,1147190440.0,2,0,245081594.0,4,1,1,0.5286725135350328,1
CUST_15389,16.45,0.2542372881355932,0.4630881905691041,1538278090.0,2,1,391087650.0,3,1,1,0.6046218353776363,1
CUST_02291,16.29,0.2954545454545454,0.5533693993538914,1147190440.0,2,1,338942630.0,3,1,1,0.6275664209375269,1
CUST_14364,10.99,0.3179824561403508,0.5811648106293245,1188906456.0,2,1,378051395.0,4,1,1,0.6585629331332279,1
CUST_26703,15.62,0.0476190476190476,0.1607465092542122,1095045420.0,2,1,52145020.0,2,1,0,0.336560530268281,0
CUST_22920,14.27,0.1851851851851851,0.4516873908654204,1407915540.0,3,1,260725100.0,4,1,0,0.491807455064591,0
CUST_28771,9.01,0.0413907284768211,0.2133589703984597,15747796040.0,3,1,651812750.0,0,1,0,3.772879016731245e-05,0
CUST_23984,7.29,0.3174603174603174,0.5969586140496355,821284065.0,2,1,260725100.0,2,1,1,0.6110951542336062,1
CUST_18371,10.65,0.3076923076923077,0.6006101776890852,1694713150.0,2,1,521450199.9999999,4,1,1,0.70281780934015,1
CUST_16422,14.38,0.397456279809221,0.5442010548771494,1639960879.0,3,1,651812750.0,5,1,1,0.8132447085671631,1
CUST_09515,14.74,0.0898876404494382,0.3312571546462821,2320453390.0,2,1,208580080.0,3,1,0,0.2664255716038874,0
CUST_00129,7.9,0.5,0.7740597826689414,1303625500.0,2,1,651812750.0,3,1,1,0.8518420845107665,1
CUST_02502,15.27,0.1666666666666666,0.3668329068885891,469305180.0,2,0,78217530.0,0,1,0,0.48785058664629066,0
CUST_19098,10.99,0.0556962025316455,0.1797557364571198,1029864145.0,2,0,57359522.0,5,1,0,0.3538415976657615,0
CUST_23035,8.49,0.2777777777777778,0.3581294897559248,1407915540.0,3,1,391087650.0,5,1,1,0.6300589326486437,1
CUST_00378,13.98,0.449074074074074,0.5489637871513641,1407915540.0,2,1,632258367.5,0,1,1,0.8289450108652603,1
CUST_19403,11.49,0.0867553499132446,0.3287056617792582,901587395.8,2,1,78217530.0,0,1,0,0.3999266594778435,0
CUST_30438,15.99,0.1842105263157894,0.3692737873899557,990755380.0,2,1,182507570.0,3,1,0,0.4931880354415052,0
CUST_20202,14.54,0.1149425287356321,0.3239058794909782,907323348.0,2,0,104290040.0,4,1,0,0.4261781933903636,0
CUST_30541,14.65,0.1346153846153846,0.3436493849667426,1355770520.0,3,1,182507570.0,1,1,0,0.41852408488806003,0
CUST_03448,14.46,0.0981161695447409,0.160540511384824,797193065.76,3,0,78217530.0,5,1,0,0.4207934070839283,0
CUST_26009,14.59,0.2826086956521739,0.3905176512347461,1199335460.0,2,1,338942630.0,4,1,1,0.6174425411112009,1
CUST_19976,14.42,0.3870967741935484,0.450733109798395,808247810.0,3,1,312870120.0,4,1,1,0.6656968112814897,1
CUST_08292,10.99,0.1923076923076923,0.4919526687204,1016827890.0,2,0,195543825.0,4,1,1,0.5019332166083095,1
CUST_00654,16.49,0.3703703703703703,0.448560403902782,1407915540.0,2,1,521450199.9999999,4,1,1,0.7498312328390601,1
CUST_30812,15.62,0.1727272727272727,0.3693332902622341,1433988050.0,2,1,247688845.0,2,1,0,0.4723185301575518,0
CUST_09176,10.99,0.2976190476190476,0.4515294766313699,438018168.0,2,1,130362550.0,2,1,1,0.5506605823308455,1
CUST_32093,14.61,0.4348204191668841,0.6959813232328688,1199231169.96,2,0,521450199.9999999,3,1,1,0.7807655449423079,1
CUST_17957,10.25,0.625,0.7556774081977267,1042900400.0,2,1,651812750.0,5,1,1,0.8770235234676099,1
CUST_08096,10.99,0.0508130081300813,0.3041560966496077,1282767492.0,3,1,65181274.99999999,5,1,0,0.3149157931955965,0
CUST_18230,17.14,0.5106382978723404,0.6431387295539744,1225407970.0,2,1,625740240.0,3,1,1,0.8456260571047438,1
CUST_14401,10.65,0.4164285714285714,0.6046211376044567,912537850.0,2,1,380006833.25,5,1,1,0.7096569873382923,1
CUST_19697,14.35,0.1231060606060606,0.4017251260269168,688314264.0,2,1,84735657.5,3,1,0,0.44984513672753856,0
CUST_07987,10.38,0.3333333333333333,0.5046531380028331,563166216.0,2,1,187722072.0,4,1,1,0.5862892278069558,1
CUST_08322,11.86,0.2352941176470588,0.2989299603015345,1329698010.0,3,1,312870120.0,1,1,1,0.5641321591824867,1
CUST_30847,13.48,0.4347826086956521,0.5665741304701432,599667730.0,2,0,260725100.0,2,1,1,0.6536276524985134,1
CUST_29290,14.11,0.3559322033898305,0.5989877867206141,1538278090.0,2,0,547522710.0,5,1,1,0.7508314876901798,1
CUST_26649,10.99,0.4545454545454545,0.749385195389504,860392830.0,2,1,391087650.0,0,1,1,0.7280691051995194,1
CUST_19972,6.91,0.3414762280010507,0.4958850492888027,794064364.56,2,1,271154104.0,4,1,1,0.6270605582676678,1
CUST_06456,17.27,0.4545454545454545,0.5461144520828045,1147190440.0,3,0,521450199.9999999,0,1,1,0.7880365576215022,1
CUST_12063,13.35,0.032232070910556,0.3046312688089008,1617799245.5,3,0,52145020.0,5,1,0,0.24776403710561903,0
CUST_10261,11.97,0.15,0.4105285147337272,1668640640.0,2,1,250296096.0,2,1,0,0.4271690532369967,0
CUST_00813,15.65,0.2347417840375587,0.4279300006246884,2221377852.0,2,0,521450199.9999999,4,1,1,0.6048242736145738,1
CUST_28970,11.49,0.5501241464928616,0.6724250228752756,840056272.1999999,2,1,462135239.75,5,1,1,0.7874642769483338,1
CUST_30852,16.29,0.4,0.4958285059294203,651812750.0,2,1,260725100.0,5,1,1,0.6438101140638376,1
CUST_17874,12.41,0.0522102332057083,0.1846177125175754,7490632123.0,2,0,391087650.0,5,1,0,0.011060658600541211,0
CUST_24315,10.99,0.3333333333333333,0.5383971493271553,312870120.0,2,1,104290040.0,5,1,1,0.5482722483772192,1
CUST_05211,17.27,0.390625,0.4722549248870353,1001184384.0,3,1,391087650.0,3,1,1,0.7044380920337904,1
CUST_18631,8.9,0.1951219512195122,0.2658474218594006,641383746.0,3,1,125148048.0,5,1,1,0.5031759864546885,1
CUST_18639,15.05,0.2966751918158568,0.3484779491677099,1529152711.5,2,1,453661674.0,5,1,1,0.6689891469348893,1
CUST_21276,16.0,0.1227272727272727,0.2049198965943109,1147190440.0,2,0,140791554.0,0,1,0,0.41644648761377984,0
CUST_14715,14.22,0.375,0.6130209984889656,1042900400.0,2,0,391087650.0,3,1,1,0.6972116998764144,1
CUST_05179,14.09,0.1304347826086956,0.3845196956813588,1799003190.0,2,0,234652590.0,2,1,0,0.38486501716307586,0
CUST_28705,14.74,0.0838817911988643,0.2300765447352475,808143519.9599999,2,1,67788526.0,5,1,0,0.40762693862234084,0
CUST_25352,11.12,0.108695652173913,0.3859641396350994,719601276.0,2,1,78217530.0,5,1,0,0.43649267102778416,0
CUST_00305,15.68,0.2604166666666667,0.3464686812875024,2502960960.0,2,0,651812750.0,1,1,1,0.6809624694638392,1
CUST_19207,7.66,0.5257936507936508,0.6765246830583913,657027252.0,2,1,345460757.5,4,1,1,0.7221274875836969,1
CUST_31687,12.21,0.0298786181139122,0.3226445592448713,1396182910.5,2,1,41716016.0,5,1,0,0.27434522604460876,0
CUST_18712,12.73,0.4102564102564102,0.5520046646063295,1016827890.0,2,1,417160160.0,3,1,1,0.7248494529535068,1
CUST_21736,5.79,0.1333333333333333,0.3911826046052428,1173262950.0,2,1,156435060.0,1,1,0,0.42773682252074535,0
CUST_23764,10.99,0.1938775510204081,0.4082893032411176,1277552990.0,2,1,247688845.0,2,1,1,0.5046028058533811,1
CUST_10033,14.11,0.2983870967741935,0.4452373111447846,808247810.0,2,1,241170717.5,5,1,1,0.5933671073588732,1
CUST_12795,15.31,0.2089718584563945,0.3688003949675159,1497187814.24,2,1,312870120.0,5,1,1,0.5298556351359436,1
CUST_17853,18.64,0.2536231884057971,0.3853083606431092,3598006380.0,2,0,912537850.0,0,1,1,0.7278867734076694,1
CUST_04873,12.29,0.1388888888888889,0.2641540061433662,938610360.0,3,0,130362550.0,1,1,0,0.44762706241422934,0
CUST_12054,7.51,0.38,0.575386750116467,782175300.0,2,1,297226614.0,4,1,1,0.6553180748059665,1
CUST_29033,15.31,0.2222222222222222,0.4957641224020693,1407915540.0,2,1,312870120.0,1,1,1,0.5481810303215042,1
CUST_25055,13.24,0.4444444444444444,0.7330947987609809,703957770.0,2,0,312870120.0,3,1,1,0.6845914171560357,1
CUST_30243,17.04,0.1363636363636363,0.2921213828951142,1147190440.0,2,0,156435060.0,4,1,0,0.43301780500203857,0
CUST_14825,7.9,0.3191489361702128,0.4033481367121929,1225407970.0,2,1,391087650.0,5,1,1,0.6644664481606396,1
CUST_20257,14.61,0.0816393174953057,0.2806282630016312,1277448699.96,2,0,104290040.0,3,1,0,0.3535961270417418,0
CUST_06214,10.59,0.2142857142857142,0.3358846389134891,730030280.0,2,1,156435060.0,0,1,1,0.5187712157118913,1
CUST_18153,7.49,0.244798041615667,0.4088035998628378,404723572.73,1,1,99075538.0,4,1,1,0.5237797273956226,1
CUST_28768,12.73,0.15625,0.3608575001916214,250296096.0,2,0,39108765.0,3,1,0,0.4906938981831517,0
CUST_28615,16.77,0.3448275862068966,0.3982175934369807,756102790.0,2,1,260725100.0,3,1,1,0.6238149391296564,1
CUST_17717,9.76,0.3319171534784917,0.3994911614058507,589134435.9599999,2,1,195543825.0,3,1,1,0.5893079031364535,1
CUST_17655,5.42,0.6313131313131313,0.8427329171863771,495586270.08,1,1,312870120.0,4,1,1,0.7205347278177553,1
CUST_19489,17.27,0.2727272727272727,0.3948565922787899,1147190440.0,2,1,312870120.0,3,1,1,0.6007862565429197,1
CUST_06384,11.71,0.1935483870967742,0.3508559990442392,808247810.0,2,1,156435060.0,3,1,1,0.5026236482327682,1
CUST_02942,13.06,0.0218340611353711,0.2584292600791627,3582362874.0,2,1,78217530.0,2,1,0,0.06781794534342814,0
CUST_16301,16.45,0.46875,0.5578526588579017,834320320.0,2,0,391087650.0,5,1,1,0.7323130379033207,1
CUST_20735,10.99,0.4291666666666666,0.7267640332798331,938610360.0,3,1,402820279.5,5,1,1,0.7253375745011548,1
CUST_14448,11.09,0.46875,0.6135737320931015,834320320.0,2,1,391087650.0,4,1,1,0.7323130379033205,1
CUST_15950,10.99,0.40625,0.5175317691175575,208580080.0,2,1,84735657.5,2,1,1,0.5486142307937723,1
CUST_18805,20.11,0.4259259259259259,0.588393584368624,703957770.0,1,1,299833865.0,2,1,1,0.6722609842663404,1
CUST_12223,10.39,0.3846153846153846,0.6720629033744857,813462312.0,2,1,312870120.0,2,1,1,0.6647373245206961,1
CUST_01985,17.14,0.0388888888888888,0.3333941052661157,1407915540.0,2,1,54752271.0,1,1,0,0.28376606233592844,0
CUST_22142,12.99,0.2365591397849462,0.4684078371180675,1212371715.0,3,0,286797610.0,2,1,1,0.560166825615881,1
CUST_02217,13.49,0.3778571428571428,0.6324933121012283,912537850.0,2,0,344808944.75,4,1,1,0.6772370412380693,1
CUST_11086,11.71,0.106951871657754,0.3923969355370261,1462667811.0,3,1,156435060.0,5,1,0,0.3704690405723996,0
CUST_09792,14.61,0.3,0.5421914699625654,782175300.0,2,0,234652590.0,5,1,1,0.5917446013150318,1
CUST_23627,18.39,0.25,0.4320343747198735,938610360.0,2,0,234652590.0,5,1,1,0.5601895108376648,1
CUST_09461,18.39,0.1206636500754147,0.287625418950151,1728607413.0,2,1,208580080.0,5,1,0,0.3719559953397797,0
CUST_27191,18.84,0.2212389380530973,0.3971822451166318,2946193630.0,3,0,651812750.0,0,1,1,0.5967610333567133,1
CUST_00996,10.71,0.3861832224844454,0.6413334294064778,1215239691.1,2,1,469305180.0,3,1,1,0.7370727836774856,1
CUST_15947,7.88,0.3748125937031484,0.4439167690955813,208684370.04,2,1,78217530.0,5,1,1,0.5415849347421907,1
CUST_02332,14.54,0.0806451612903225,0.2417503640737619,808247810.0,2,0,65181274.99999999,2,1,0,0.4048793009706328,0
CUST_23184,12.18,0.3431002538941878,0.6372406104202837,379954688.23,2,1,130362550.0,1,1,1,0.5624998257394269,1
CUST_17843,19.29,0.4794520547945205,0.5434827336101418,1903293230.0,2,0,912537850.0,2,1,1,0.9156103375127576,1
CUST_31533,12.8,0.4780876494023904,0.6805973349361476,785304001.1999999,2,0,375444144.0,1,1,1,0.7269215263674231,1
CUST_06321,14.11,0.2068680182043856,0.3099537368932843,756207080.04,2,1,156435060.0,0,1,1,0.513369855779079,1
CUST_03355,15.99,0.3235294117647059,0.5572047463650801,886465340.0,2,1,286797610.0,1,1,1,0.6250671091234594,1
CUST_26415,11.99,0.2247948746768573,0.3906579515230509,2319671214.7,3,1,521450199.9999999,3,1,1,0.5852576589896874,1
CUST_21613,6.62,0.1923076923076923,0.3886450745648988,813462312.0,2,1,156435060.0,0,1,1,0.5015465760610853,1
CUST_18699,7.9,0.5333333333333333,0.6315212333656083,782175300.0,2,1,417160160.0,5,1,1,0.7617906784042924,1
CUST_03682,14.61,0.2777777777777778,0.5224447364415585,375444144.0,2,1,104290040.0,4,1,1,0.5354384545957093,1
CUST_00593,13.47,0.4761904761904761,0.6588564306337732,1095045420.0,2,1,521450199.9999999,2,1,1,0.795143735997249,1
CUST_16725,15.23,0.1720430107526881,0.4701220782427467,1212371715.0,2,1,208580080.0,4,1,0,0.4756925473445024,0
CUST_13258,15.62,0.0769230769230769,0.1537704438163765,2033655780.0,3,1,156435060.0,3,1,0,0.268554046071421,0
CUST_15267,15.27,0.2777777777777778,0.5354570250201214,1407915540.0,2,1,391087650.0,5,1,1,0.630058932648644,1
CUST_08013,19.82,0.3061224489795918,0.3667894516310105,1277552990.0,3,1,391087650.0,0,1,1,0.6547938718981674,1
CUST_00634,11.83,0.3703703703703703,0.4747461633803106,1407915540.0,2,1,521450199.9999999,4,1,1,0.7498312328390598,1
CUST_20066,12.17,0.1472222222222222,0.3534640554806194,703957770.0,2,1,103638227.25,1,1,0,0.4669827866140087,0
CUST_29541,17.49,0.1785714285714285,0.2989059428780172,350414534.4,2,0,62574023.99999999,2,1,0,0.4954487197704487,0
CUST_25195,14.09,0.3333333333333333,0.6071982366847117,938610360.0,2,0,312870120.0,3,1,1,0.6413151552356513,1
CUST_29315,10.74,0.3076923076923077,0.4696108986330808,1694713150.0,2,1,521450199.9999999,4,1,1,0.70281780934015,1
CUST_07078,15.99,0.1296296296296296,0.2539197844246097,1407915540.0,2,0,182507570.0,3,1,0,0.40807746141311524,0
CUST_14791,9.63,0.145631067961165,0.234151709004467,2685468530.0,3,1,391087650.0,0,1,0,0.37213234424831376,0
CUST_01310,16.0,0.2623122827726408,0.4155330365116081,1590318819.96,2,1,417160160.0,1,1,1,0.6212392601151202,1
CUST_17069,6.92,0.3541666666666667,0.5358234542657435,782175300.0,2,1,277020418.75,2,1,1,0.6352684507426587,1
CUST_32321,7.51,0.4,0.4851701499207574,1303625500.0,2,1,521450199.9999999,1,1,1,0.7656446678807154,1
CUST_29131,8.9,0.4117647058823529,0.6602610360831203,2216163350.0,2,1,912537850.0,1,1,1,0.893370773438338,1
CUST_10643,16.0,0.3333333333333333,0.5986094414901929,782175300.0,2,1,260725100.0,3,1,1,0.61874639892074,1
CUST_02276,15.31,0.3095238095238095,0.4580516699822998,1095045420.0,2,1,338942630.0,2,1,1,0.6375796438121824,1
CUST_04287,10.62,0.2941176470588235,0.4223309952209327,886465340.0,3,1,260725100.0,2,1,1,0.5982222859692884,1
CUST_09529,16.77,0.074074074074074,0.128154866112259,2815831080.0,2,1,208580080.0,3,1,0,0.19432806547339654,0
CUST_16514,16.49,0.3271028037383177,0.4624914672737571,2789758570.0,3,0,912537850.0,3,1,1,0.8391239001992743,1
CUST_19192,11.71,0.2513888888888889,0.3478062444456076,1407915540.0,2,1,353934323.25,1,1,1,0.5917912956856122,1
CUST_29180,9.99,0.4166666666666667,0.6378975022511664,1564350600.0,2,1,651812750.0,3,1,1,0.8225476362067904,1
CUST_16435,12.18,0.4761904761904761,0.5326492364315698,1040293149.0,2,1,495377689.9999999,2,1,1,0.7838768594292155,1
CUST_10333,6.62,0.5,0.5799350306274047,521450199.9999999,2,1,260725100.0,4,1,1,0.668109942928467,1
CUST_07866,17.99,0.2326530612244897,0.5126351633043018,1277552990.0,3,0,297226614.0,4,1,1,0.55803820617994,1
CUST_03571,13.43,0.0818181818181818,0.1822948294692097,1147190440.0,2,0,93861036.0,1,1,0,0.3679862500140357,0
CUST_19078,7.29,0.4216867469879518,0.6497957905328039,865607332.0,2,1,365015140.0,4,1,1,0.7042233761277995,1
CUST_13461,14.61,0.3382034632034632,0.6088134511635068,963639969.6,2,0,325906375.0,3,1,1,0.6495179516506794,1
CUST_18500,10.99,0.3723294506030424,0.4254997805348425,1390003725.63,2,1,517539323.4999999,5,1,1,0.7494261985892282,1
CUST_08583,15.62,0.0943396226415094,0.250139772095735,1381843030.0,3,1,130362550.0,5,1,0,0.3597443193166318,0
CUST_01890,6.62,0.0333333333333333,0.271241883405186,782175300.0,3,1,26072510.0,3,1,0,0.3697693942909245,0
CUST_26029,15.23,0.2407407407407407,0.4563375671861517,1407915540.0,2,1,338942630.0,2,1,1,0.5759995934715807,1
CUST_21823,10.99,0.35,0.5582381509548084,521450199.9999999,2,1,182507570.0,5,1,1,0.5891622707938268,1
CUST_20358,10.59,0.2295918367346938,0.3672930496045429,511021195.9999999,2,1,117326295.0,0,1,1,0.5216111978768477,1
CUST_18373,11.99,0.3076923076923077,0.400291963262049,1694713150.0,2,1,521450199.9999999,1,1,1,0.7028178093401501,1
CUST_30936,10.99,0.35,0.5877169219270278,312870120.0,2,1,109504542.0,5,1,1,0.5538656475344927,1
CUST_17639,14.46,0.1298913043478261,0.3762845011497749,1199335460.0,2,0,155783247.25,0,1,0,0.421782840633273,0
CUST_30063,12.84,0.0959582389743983,0.3432048024237516,1358534206.06,2,1,130362550.0,3,1,0,0.36419194906359054,0
CUST_04945,16.02,0.1436781609195402,0.3022306762657962,907323348.0,2,0,130362550.0,0,1,0,0.4540270133985536,0
CUST_16918,11.36,0.1474926253687315,0.2584297868862473,1060629706.8,2,1,156435060.0,2,1,0,0.45065361095717626,0
CUST_17976,11.86,0.4699601473795022,0.569207289950429,1386953241.96,2,1,651812750.0,4,1,1,0.8429409136437165,1
CUST_10491,11.66,0.3333333333333333,0.4015411734835105,782175300.0,2,1,260725100.0,3,1,1,0.6187463989207398,1
CUST_00532,16.89,0.3644067796610169,0.6401517432976408,1538278090.0,2,1,560558965.0,5,1,1,0.7612556804663952,1
CUST_26137,17.34,0.2976190476190476,0.4258745592568921,2190090840.0,3,0,651812750.0,1,1,1,0.734329372244294,1
CUST_29804,14.59,0.1176470588235294,0.3430924198838235,886465340.0,2,1,104290040.0,4,1,0,0.4303979060862538,0
CUST_18596,18.79,0.2307692307692307,0.3351844575805662,2033655780.0,2,1,469305180.0,1,1,1,0.5877353983655736,1
CUST_01206,13.49,0.365,0.6016369104222687,1173262950.0,2,0,428240976.75,0,1,1,0.7083616511014992,1
CUST_18414,13.22,0.2777777777777778,0.5700328089450932,1877220720.0,2,1,521450199.9999999,1,1,1,0.6703922161409387,1
CUST_30328,10.99,0.1296296296296296,0.3721151601234917,1407915540.0,2,1,182507570.0,2,1,0,0.4080774614131149,0
CUST_22164,13.49,0.2191666666666666,0.4153316465260026,782175300.0,2,1,171426753.25,0,1,1,0.5242408388428303,1
CUST_25408,16.49,0.2033898305084746,0.4249646004883914,1538278090.0,2,0,312870120.0,3,1,1,0.5213906500664319,1
CUST_27005,15.28,0.2178649237472767,0.2941024049625822,2393456418.0,3,1,521450199.9999999,5,1,1,0.5703872664966814,1
CUST_01296,19.47,0.2731540759709774,0.4610346914594436,1527197273.25,2,1,417160160.0,5,1,1,0.6334310080671172,1
CUST_23918,12.42,0.3846153846153846,0.6220959309528857,677885260.0,2,1,260725100.0,4,1,1,0.6388550125396806,1
CUST_16436,11.36,0.4123711340206185,0.6278382981425714,1264516735.0,2,1,521450199.9999999,4,1,1,0.7713927964056014,1
CUST_26514,6.17,0.453125,0.7336540374294845,834320320.0,2,1,378051395.0,5,1,1,0.7210881379173983,1
CUST_07163,17.04,0.1055043106046904,0.3674294768376601,1729858893.48,2,1,182507570.0,4,1,0,0.34571750202376444,0
CUST_19297,15.65,0.0625062506250625,0.2892995644601132,1042796109.96,2,1,65181274.99999999,3,1,0,0.3591706644470023,0
CUST_18284,13.67,0.376068376068376,0.4701432265639161,1525241835.0,2,1,573595220.0,5,1,1,0.7732705065866174,1
CUST_26973,16.89,0.1089324618736383,0.299379913852817,2393456418.0,3,0,260725100.0,5,1,0,0.3000511815713208,0
CUST_14730,12.73,0.3658536585365853,0.6167524575943027,1068972910.0,2,1,391087650.0,3,1,1,0.6926448329640719,1
CUST_04946,15.21,0.1436781609195402,0.3809860159562452,907323348.0,2,0,130362550.0,5,1,0,0.4540270133985536,0
CUST_14403,6.03,0.4866666666666667,0.7443000403234348,782175300.0,2,1,380658646.0,0,1,1,0.7318941542889003,1
CUST_05297,14.65,0.2179487179487179,0.2826720320159457,1016827890.0,3,1,221616335.0,0,1,1,0.5301587096225759,1
CUST_18370,8.9,0.3076923076923077,0.5894988191245975,1694713150.0,2,1,521450199.9999999,1,1,1,0.7028178093401499,1
CUST_00309,8.49,0.1841620626151013,0.3776252654493187,396406442.04,3,1,73003028.0,0,1,0,0.4972535313706007,0
CUST_01333,10.99,0.3846153846153846,0.4420041938789205,677885260.0,3,0,260725100.0,1,1,1,0.6388550125396804,1
CUST_09597,14.59,0.1756851721714687,0.45141799228241,1484047269.2,3,0,260725100.0,4,1,0,0.47609941741293876,0
CUST_00729,10.99,0.2898550724637681,0.4256074857097823,1799003190.0,2,1,521450199.9999999,3,1,1,0.6845118865050202,1
CUST_28174,7.9,0.3076923076923077,0.6017189202365874,677885260.0,2,1,208580080.0,0,1,1,0.5852348889517814,1
CUST_31840,10.99,0.078381246382404,0.1760851206649224,3783746941.24,3,1,296574801.25,0,1,0,0.13701478216080967,0
CUST_02053,15.33,0.1642857142857142,0.3273639503027464,365015140.0,2,1,59966773.0,2,1,0,0.4896080213258489,0
CUST_18851,9.63,0.05,0.3441143254051532,782175300.0,2,1,39108765.0,1,1,0,0.3830359364027013,0
CUST_02098,11.58,0.0923076923076923,0.221205837380601,677885260.0,2,1,62574023.99999999,0,1,0,0.42830478220320845,0
CUST_17267,15.28,0.249869859448204,0.5080332714193305,2504264585.5,3,0,625740240.0,5,1,1,0.6556735424929567,1
CUST_02005,7.51,0.4320987654320987,0.6899810079387718,844749324.0,2,1,365015140.0,2,1,1,0.7078003047755878,1
CUST_06941,12.68,0.0769230769230769,0.2682460948074971,2033655780.0,2,1,156435060.0,0,1,0,0.2685540460714208,0
CUST_14892,10.99,0.3125,0.51840385849212,1251480480.0,2,0,391087650.0,0,1,1,0.6596467917848262,1
CUST_02507,13.06,0.1666666666666666,0.3572835345523768,469305180.0,2,1,78217530.0,0,1,0,0.48785058664629055,0
CUST_25499,13.11,0.0650684931506849,0.2402185274542195,1903293230.0,3,0,123844422.5,0,1,0,0.26200514572337863,0
CUST_20207,12.49,0.2727272727272727,0.3440058975514802,860392830.0,3,0,234652590.0,2,1,1,0.5760445665311209,1
CUST_01028,15.33,0.2769230769230769,0.4009051883202972,1694713150.0,2,1,469305180.0,0,1,1,0.6535442655161611,1
CUST_10239,15.62,0.1777777777777777,0.4413047138771636,1407915540.0,2,1,250296096.0,1,1,0,0.48051174432104493,0
CUST_24175,6.91,0.4319852941176471,0.720656207033724,1418344544.0,3,1,612703985.0,5,1,1,0.8152913173446816,1
CUST_10351,14.59,0.4545454545454545,0.6325972422725702,573595220.0,2,0,260725100.0,5,1,1,0.6584884163587618,1
CUST_21570,15.31,0.1764913519237557,0.260203168485548,886361049.9599999,2,0,156435060.0,3,1,0,0.48649213202345415,0
CUST_11989,10.99,0.2638888888888889,0.5525946751376902,1877220720.0,3,0,495377689.9999999,2,1,1,0.6449492680289151,1
CUST_13569,14.27,0.5521739130434783,0.6064934645483555,599667730.0,2,0,331120877.0,2,1,1,0.7191510812911514,1
CUST_29305,14.25,0.4761904761904761,0.6435440471663946,1095045420.0,2,0,521450199.9999999,0,1,1,0.795143735997249,1
CUST_29811,10.99,0.1212121212121212,0.2474429474368293,860392830.0,2,1,104290040.0,0,1,0,0.43568672966067196,0
CUST_13578,8.9,0.3324675324675324,0.3868615276293494,1003791635.0,2,1,333728128.0,3,1,1,0.6496864246088612,1
CUST_25089,10.75,0.3636363636363636,0.59179679559817,860392830.0,2,1,312870120.0,5,1,1,0.6560413432477687,1
CUST_30878,11.71,0.3125,0.4706672942122856,834320320.0,2,1,260725100.0,0,1,1,0.608532320079746,1
CUST_02974,10.99,0.1777777777777777,0.3947789384507483,469305180.0,2,1,83432032.0,1,1,0,0.49350098825956396,0
CUST_28815,8.9,0.4166666666666667,0.5030120817332151,625740240.0,2,1,260725100.0,5,1,1,0.6487346104439708,1
CUST_08427,14.96,0.1131221719457013,0.2766272907248701,1728607413.0,2,1,195543825.0,5,1,0,0.35885000217629853,0
CUST_04739,12.99,0.1666666666666666,0.2671422850166843,782175300.0,2,0,130362550.0,1,1,0,0.47975806046010594,0
CUST_13751,15.27,0.3025210084033613,0.5530175381595059,1861577214.0,3,0,563166216.0,5,1,1,0.7117220428657173,1
CUST_18115,16.89,0.1333333333333333,0.3974164559164233,391087650.0,3,0,52145020.0,3,1,0,0.47576144058514375,0
CUST_30873,14.22,0.3278688524590163,0.4170295751413967,795211555.0,2,1,260725100.0,2,1,1,0.6162023188141815,1
CUST_18505,10.28,0.075,0.3226180499017384,312870120.0,2,1,23465259.0,5,1,0,0.4608904990047036,0
CUST_00498,9.63,0.3859649122807017,0.5090921279143554,1486133070.0,2,1,573595220.0,2,1,1,0.7788856098819745,1
CUST_31206,7.88,0.3132832080200501,0.3909945900335059,998681423.04,2,1,312870120.0,0,1,1,0.6298199548332963,1
CUST_13250,13.61,0.4224137931034483,0.700942688019246,756102790.0,2,1,319388247.5,4,1,1,0.6813823455531062,1
CUST_07509,14.61,0.0676730869338886,0.2570750649535354,2504264585.5,2,1,169471315.0,5,1,0,0.20845280534996583,0
CUST_11444,12.69,0.1785714285714285,0.311132623580157,1460060560.0,2,1,260725100.0,1,1,0,0.4810448970891766,0
CUST_13840,7.51,0.3256116848078891,0.5659311094265647,1121013639.96,2,1,365015140.0,5,1,1,0.6584663816872467,1
CUST_08748,7.14,0.2580978190734288,0.3090132580841413,808143519.9599999,2,1,208580080.0,2,1,1,0.5588948228161723,1
CUST_25945,10.99,0.1481481481481481,0.3347579890426275,2111873310.0,3,0,312870120.0,3,1,0,0.40412532617722075,0
CUST_24542,16.49,0.1851851851851851,0.4105094821894169,1407915540.0,2,0,260725100.0,2,1,0,0.4918074550645911,0
CUST_18083,14.96,0.6423611111111112,0.9285776768875456,375444144.0,1,1,241170717.5,1,1,1,0.6760103463149931,1
CUST_28115,10.37,0.2083333333333333,0.4042021205709583,500592191.9999999,2,1,104290040.0,3,1,1,0.5096465873801233,1
CUST_21290,14.65,0.1184454040715607,0.2226607238631141,1056588467.75,3,1,125148048.0,1,1,0,0.41815559448682216,0
CUST_01006,17.19,0.3396226415094339,0.3897620581228053,1381843030.0,2,0,469305180.0,4,1,1,0.7095412620969145,1
CUST_23926,10.37,0.3623188405797101,0.4124380305965233,719601276.0,2,1,260725100.0,3,1,1,0.6308653821955725,1
CUST_04523,15.21,0.0695652173913043,0.1796035690933237,1799003190.0,2,1,125148048.0,3,1,0,0.28014288281495214,0
CUST_03366,14.22,0.3333333333333333,0.5686747092353956,782175300.0,3,0,260725100.0,1,1,1,0.6187463989207399,1
CUST_24414,10.99,0.2232940335834226,0.3585705484597244,1167631287.84,2,1,260725100.0,2,1,1,0.5413444709225429,1
CUST_29351,14.84,0.0555555555555555,0.3102220859109441,469305180.0,2,0,26072510.0,1,1,0,0.4317525569229035,0
CUST_18359,16.0,0.3703703703703703,0.663627389171429,1407915540.0,2,1,521450199.9999999,0,1,1,0.74983123283906,1
CUST_17970,13.11,0.5013938749724234,0.7674880694069333,1300001421.11,2,0,651812750.0,5,1,1,0.852219590328939,1
CUST_03213,12.21,0.0760935733542047,0.2738993668372418,1199231169.96,2,1,91253785.0,0,1,0,0.3554499745853455,0
CUST_25067,11.36,0.4,0.6464529426788456,782175300.0,2,1,312870120.0,2,1,1,0.6704735926814077,1
CUST_31197,17.8,0.3378378378378378,0.5573569404494955,1929365740.0,3,0,651812750.0,1,1,1,0.7741891685783678,1
CUST_18163,15.7,0.2445872834179605,0.3689311802908346,2664949464.63,2,1,651812750.0,5,1,1,0.6512093029082054,1
CUST_06811,12.18,0.3409090909090909,0.6044390953262161,1147190440.0,3,1,391087650.0,0,1,1,0.6787183106920086,1
CUST_16146,6.91,0.3571428571428571,0.5305879026359561,547522710.0,2,1,195543825.0,2,1,1,0.5976025887057655,1
CUST_17950,10.99,0.5,0.6008647612258348,1355770520.0,2,1,677885260.0,5,1,1,0.8604565814142691,1
CUST_22310,15.68,0.2777777777777778,0.4205557787717769,657027252.0,2,0,182507570.0,0,1,1,0.5618037779025316,1
CUST_17903,17.93,0.1077354018530489,0.3201787919017709,6050125945.5,3,0,651812750.0,5,1,0,0.10224117009053188,0
CUST_18021,11.48,0.3787878787878788,0.4289535017216503,1720785660.0,2,1,651812750.0,2,1,1,0.8028895995032946,1
CUST_14678,10.99,0.4838709677419355,0.7412033307036118,808247810.0,2,0,391087650.0,0,1,1,0.7365147066754121,1
CUST_25061,10.99,0.4,0.5382718164797797,782175300.0,2,1,312870120.0,0,1,1,0.6704735926814077,1
CUST_21007,7.49,0.0564102564102564,0.120423701582838,1016827890.0,3,1,57359522.0,3,1,0,0.3563080937762458,0
CUST_03438,11.12,0.3176844334627603,0.4582012988559564,886361049.9599999,2,1,281583108.0,0,1,1,0.619773844622059,1
CUST_03426,10.0,0.165016501650165,0.3528323536430378,789997053.0,3,1,130362550.0,5,1,0,0.47814528800697476,0
CUST_17345,6.54,0.3428571428571428,0.5672206775398607,912537850.0,2,1,312870120.0,3,1,1,0.6462551927107956,1
CUST_25760,10.99,0.3571428571428571,0.5360210700471539,912537850.0,2,1,325906375.0,2,1,1,0.6590678415495331,1
CUST_11113,16.77,0.2325581395348837,0.3325827058718726,1121117930.0,2,1,260725100.0,5,1,1,0.5508701259264546,1
CUST_18708,12.99,0.4324324324324324,0.7099870426356906,964682870.0,2,0,417160160.0,5,1,1,0.7333584285435637,1
CUST_06683,16.49,0.1219512195121951,0.3857327163819128,1282767492.0,2,0,156435060.0,5,1,0,0.40574911961964444,0
CUST_17930,14.59,0.1235788433020266,0.420826368419875,5274468773.0,3,1,651812750.0,5,1,0,0.17774542803325935,0
CUST_29303,11.36,0.4444444444444444,0.6062516645770486,1173262950.0,2,1,521450199.9999999,5,1,1,0.7844159949311019,1
CUST_15941,10.65,0.238095238095238,0.3632639162771434,219009084.0,2,1,52145020.0,2,1,1,0.511284523639922,1
CUST_24046,10.99,0.3333333333333333,0.4473441516547138,782175300.0,2,0,260725100.0,1,1,1,0.6187463989207397,1
CUST_10495,11.49,0.3255208333333333,0.6054064545189377,800947507.1999999,2,1,260725100.0,3,1,1,0.6150808962290526,1
CUST_14381,16.0,0.2688172043010752,0.4944191339440701,2424743430.0,3,0,651812750.0,3,1,1,0.6948354522948776,1
CUST_26755,7.9,0.4006410256410256,0.6791884180606503,976154774.4,2,1,391087650.0,0,1,1,0.7087255254775157,1
CUST_21287,10.59,0.0702720207253886,0.2502813741314657,2012797772.0,2,1,141443366.75,3,1,0,0.2592749144887874,0
CUST_10971,15.62,0.1448275862068965,0.2998756849937922,756102790.0,2,0,109504542.0,5,1,0,0.4625927647645305,0
CUST_06148,7.9,0.2604166666666667,0.4226924888266318,600710630.4,2,1,156435060.0,1,1,1,0.5453667929402273,1
CUST_00501,14.26,0.3666666666666666,0.622293393095468,1564350600.0,2,0,573595220.0,4,1,1,0.767555364584349,1
CUST_25038,7.29,0.5344735435595938,0.70719329128986,585379994.52,2,1,312870120.0,4,1,1,0.7053540748234327,1
CUST_23972,15.33,0.1612903225806451,0.3228865009156044,1616495620.0,3,1,260725100.0,3,1,0,0.44890208081882227,0
CUST_19007,12.53,0.4991666666666666,0.6203463692023471,782175300.0,2,1,390435837.25,1,1,1,0.740130562117985,1
CUST_25909,18.3,0.1736111111111111,0.3686870669835757,375444144.0,2,1,65181274.99999999,2,1,0,0.4931052065806882,0
CUST_22230,16.82,0.2012578616352201,0.4572868084757923,829105818.0,2,0,166864064.0,4,1,1,0.5096189752380914,1
CUST_09989,7.49,0.3172413793103448,0.4019426295496371,756102790.0,2,1,239867092.0,3,1,1,0.6023661092755057,1
CUST_14299,14.27,0.1918158567774936,0.3114337635546682,2038870282.0,3,0,391087650.0,5,1,1,0.5027893322273514,1
CUST_05053,10.83,0.1204935415461731,0.414729997782188,1081904874.96,2,1,130362550.0,2,1,0,0.41856746277833584,0
CUST_10741,12.69,0.2941176470588235,0.395867786369683,886465340.0,2,1,260725100.0,1,1,1,0.5982222859692886,1
CUST_02714,10.99,0.2727272727272727,0.3338784122690534,1147190440.0,2,1,312870120.0,5,1,1,0.6007862565429193,1
CUST_25714,14.96,0.0538116591928251,0.1286497853122885,5814169730.0,2,1,312870120.0,2,1,0,0.030851135482166402,0
CUST_02248,14.46,0.4513888888888889,0.7004949980543996,750888288.0,2,1,338942630.0,1,1,1,0.700404871878188,1
CUST_29934,13.06,0.4106669976828864,0.6481101444162738,630120421.68,2,1,258769661.75,5,1,1,0.6459728822145219,1
CUST_15923,7.51,0.5197368421052632,0.7726834678980763,990755380.0,2,1,514932072.4999999,0,1,1,0.8044148814413229,1
CUST_06938,10.99,0.08,0.3544012639080918,1955438250.0,2,1,156435060.0,2,1,0,0.2814368161378945,0
CUST_31459,12.98,0.4189731735507025,0.5107041802191963,857211983.78,2,0,359148825.25,4,1,1,0.7003555700717526,1
CUST_14650,6.62,0.4166666666666667,0.5752325834737152,938610360.0,2,1,391087650.0,5,1,1,0.7150874432000099,1
CUST_20006,13.98,0.073469387755102,0.1344470983369751,1277552990.0,2,0,93861036.0,4,1,0,0.3433107952784664,0
CUST_14914,12.18,0.3061224489795918,0.5470768996126756,1277552990.0,2,1,391087650.0,5,1,1,0.6547938718981668,1
CUST_07665,15.99,0.2036764705882353,0.4286828833578702,886465340.0,2,1,180552131.75,3,1,1,0.5126071072890296,1
CUST_31367,14.27,0.34375,0.4559009135816578,938610360.0,2,1,322647311.25,4,1,1,0.6510073501789234,1
CUST_15723,13.43,0.4291666666666666,0.5587142360055496,938610360.0,2,1,402820279.5,4,1,1,0.7253375745011549,1
CUST_20427,13.49,0.1256756756756756,0.1956538742117547,964682870.0,2,1,121237171.5,1,1,0,0.4325703479203105,0
CUST_05888,13.57,0.2439024390243902,0.3229779955780658,1068972910.0,3,1,260725100.0,2,1,1,0.5615045963671064,1
CUST_14324,14.42,0.4833333333333333,0.5723957498199087,782175300.0,2,1,378051395.0,4,1,1,0.729670051081777,1
CUST_00423,14.96,0.4,0.6458576192640518,1564350600.0,2,1,625740240.0,4,1,1,0.8054411804685727,1
CUST_23716,9.99,0.3110707559860102,0.4205624546887804,775292157.3599999,2,1,241170717.5,4,1,1,0.5999198952243262,1
CUST_18561,13.85,0.3507951356407858,0.6451454225904796,1337832633.12,2,1,469305180.0,1,1,1,0.7169778382425464,1
CUST_18318,12.53,0.5008061757951825,0.6953402483779398,1067252124.34,2,1,534486454.9999999,2,1,1,0.8077882267740398,1
CUST_04177,13.61,0.2471984179301252,0.4260943254905083,474623972.04,2,1,117326295.0,2,1,1,0.529109811706006,1
CUST_03285,14.09,0.1440230436869899,0.2670010211677281,651708459.9599999,2,1,93861036.0,5,1,0,0.4671760982908394,0
CUST_18143,15.65,0.100502512562814,0.3795780803868033,4150743592.0,3,0,417160160.0,3,1,0,0.16511084353106475,0
CUST_27075,15.83,0.2723311546840958,0.3387088873229885,2393456418.0,3,0,651812750.0,5,1,1,0.7002889345475787,1
CUST_11901,17.04,0.0338009126246408,0.1441024623766915,1851252500.04,3,1,62574023.99999999,3,1,0,0.22127713267459187,0
CUST_01814,14.96,0.0793650793650793,0.3145269416286419,657027252.0,2,0,52145020.0,3,1,0,0.4214663133419465,0
CUST_09823,15.33,0.3996598639455782,0.4527257968815176,1533063588.0,3,1,612703985.0,0,1,1,0.8005892996505523,1
CUST_29221,15.65,0.2777777777777778,0.4842803912677077,2346525900.0,2,0,651812750.0,4,1,1,0.7083635391215968,1
CUST_14179,16.02,0.227069336289687,0.3493880746731688,1951970606.17,3,0,443232670.0,5,1,1,0.5766542033160038,1
CUST_01227,11.71,0.4,0.5069740100000918,1042900400.0,2,1,417160160.0,2,1,1,0.7205323487542039,1
CUST_11843,7.49,0.2056737588652482,0.2968534137117598,1838111955.0,3,1,378051395.0,0,1,1,0.5300899043026481,1
CUST_19692,10.36,0.2655228758169934,0.4209241973676715,319127522.4,2,1,84735657.5,4,1,1,0.5259107275737608,1
CUST_25424,12.42,0.1886792452830188,0.4405455977468001,1658211636.0,2,1,312870120.0,3,1,0,0.496630665070426,0
CUST_00670,12.21,0.3333333333333333,0.5493475298682161,1564350600.0,2,1,521450199.9999999,2,1,1,0.724812724195672,1
CUST_19291,12.69,0.375,0.5227377362414165,834320320.0,3,1,312870120.0,2,1,1,0.6608858084534069,1
CUST_21057,14.83,0.0865384615384615,0.2096804181390821,1016827890.0,3,1,87994721.25,5,1,0,0.38731980615932476,0
CUST_02373,17.49,0.0675675675675675,0.3376307281410075,964682870.0,2,1,65181274.99999999,1,1,0,0.3741564958571031,0
CUST_11937,14.74,0.193859649122807,0.4490562345146981,1486133070.0,2,1,288101235.5,2,1,1,0.50532539531468,1
CUST_07667,10.25,0.0729166666666666,0.2149390012428669,1251480480.0,3,1,91253785.0,2,1,0,0.3456223926933583,0
CUST_00009,8.9,0.4216867469879518,0.686962163944854,2164018330.0,2,1,912537850.0,0,1,1,0.8974058871956068,1
CUST_14370,11.97,0.2457627118644068,0.4201025244668601,1538278090.0,2,1,378051395.0,4,1,1,0.5910327221671432,1
CUST_17587,12.73,0.344053310155005,0.5664478810191509,359957073.06,2,0,123844422.5,2,1,1,0.5596087058169613,1
CUST_16217,9.64,0.2,0.2667731989371458,130362550.0,2,1,26072510.0,2,1,1,0.5013348516472576,1
CUST_13469,15.33,0.1176470588235294,0.2843003760769383,1772930680.0,3,1,208580080.0,5,1,0,0.36344200646648234,0
CUST_18703,9.91,0.4,0.5230433191477467,1042900400.0,2,1,417160160.0,5,1,1,0.7205323487542039,1
CUST_00076,7.51,0.5083333333333333,0.7754365437586874,312870120.0,1,1,159042311.0,2,1,1,0.6061349339425331,1
CUST_11332,17.74,0.2967359050445103,0.3866630405149301,1757287174.0,3,0,521450199.9999999,4,1,1,0.6919074386717067,1
CUST_17995,8.9,0.4166666666666667,0.5503026181199705,1564350600.0,2,1,651812750.0,1,1,1,0.8225476362067904,1
CUST_15198,15.99,0.3061474406073965,0.5537651232895892,1277448699.96,2,1,391087650.0,5,1,1,0.6548133487976506,1
CUST_14173,11.49,0.353125,0.4740808976038083,1042900400.0,2,1,368274203.75,3,1,1,0.6759316980624311,1
CUST_32206,16.0,0.1061946902654867,0.2541718682336867,2946193630.0,2,1,312870120.0,0,1,0,0.25395217069651627,0
CUST_06889,16.02,0.0869565217391304,0.2166763853801332,1799003190.0,2,0,156435060.0,3,1,0,0.30829664919993016,0
CUST_13301,15.62,0.0842105263157894,0.1473900822080512,866910957.5,2,0,73003028.0,2,1,0,0.401377263891373,0
CUST_23780,13.57,0.3418803418803419,0.4544776523568301,732116080.8,2,0,250296096.0,5,1,1,0.6178356204604654,1
CUST_10023,12.87,0.3369026806526806,0.5554554296432743,715846834.56,2,1,241170717.5,5,1,1,0.6116484524382957,1
CUST_01264,10.62,0.32,0.5884561875759686,1303625500.0,2,1,417160160.0,4,1,1,0.6751750349644816,1
CUST_01799,15.68,0.3047314929267957,0.4979505686693007,759335781.24,3,0,231393526.25,5,1,1,0.5928891009537214,1
CUST_31998,10.99,0.181801654395055,0.2967752192996803,1147294730.04,2,1,208580080.0,0,1,0,0.48911718936667753,0
CUST_03017,15.7,0.0761904761904762,0.1979645147704867,1095045420.0,2,0,83432032.0,5,1,0,0.3674896696563577,0
CUST_27586,16.4,0.1923076923076923,0.3284782021992849,2033655780.0,2,1,391087650.0,3,1,1,0.50386637541699,1
CUST_18012,10.25,0.395350676049656,0.5947092362287609,1648695169.85,2,1,651812750.0,1,1,1,0.8121462025242631,1
CUST_32555,16.29,0.1530612244897959,0.3502328309724792,2555105980.0,2,1,391087650.0,1,1,0,0.3976250256188809,0
CUST_02986,13.11,0.128,0.2834938549219317,651812750.0,2,1,83432032.0,3,1,0,0.4559171829373135,0
CUST_12020,16.82,0.2440810349035879,0.3019578381383456,1602286102.05,3,1,391087650.0,5,1,1,0.5919120458580606,1
CUST_14336,14.59,0.4833333333333333,0.7066714123457258,782175300.0,2,0,378051395.0,4,1,1,0.729670051081777,1
CUST_03603,14.96,0.1887682869277961,0.4035180080153267,828714730.3499999,3,1,156435060.0,5,1,0,0.4983960943848869,0
CUST_01757,17.49,0.1388888888888889,0.2863103494102343,375444144.0,2,1,52145020.0,0,1,0,0.4789860862935961,0
CUST_31167,13.57,0.3841666666666666,0.5772754604686656,782175300.0,2,0,300485677.75,0,1,1,0.6585029052074345,1
CUST_18713,11.71,0.3404255319148936,0.4717111133254507,1225407970.0,2,1,417160160.0,5,1,1,0.689184811323051,1
CUST_03922,14.54,0.1111111111111111,0.3600217838720166,938610360.0,2,1,104290040.0,0,1,0,0.41986891159241185,0
CUST_04886,15.37,0.15625,0.2552729627320658,834320320.0,2,0,130362550.0,2,1,0,0.46901583004928193,0
CUST_25918,6.62,0.1573415570520485,0.3177677562993175,414266111.39,2,1,65181274.99999999,1,1,0,0.48509024626002745,0
CUST_00144,11.86,0.5434782608695652,0.6230983749613245,1199335460.0,2,1,651812750.0,3,1,1,0.8623906835181769,1
CUST_18011,11.36,0.3968253968253968,0.6219498160046028,1642568130.0,2,1,651812750.0,5,1,1,0.8129173153554566,1
CUST_30844,17.14,0.5026135906714918,0.7126142381077356,518738658.96,2,1,260725100.0,2,1,1,0.668606528756004,1
CUST_14694,6.17,0.390625,0.5724187569215355,1001184384.0,2,1,391087650.0,2,1,1,0.7044380920337897,1
CUST_18427,11.83,0.273972602739726,0.3958916639905658,1903293230.0,2,1,521450199.9999999,1,1,1,0.6656148434296105,1
CUST_30591,14.26,0.2416918429003021,0.5315771647238355,863000081.0,2,0,208580080.0,3,1,1,0.5476930490836273,1
CUST_03197,5.99,0.4,0.6669277338943201,782175300.0,3,1,312870120.0,1,1,1,0.6704735926814074,1
CUST_01101,6.54,0.328010196431249,0.4729288871727299,1391020553.52,2,1,456268925.0,4,1,1,0.6961540462932692,1
CUST_26677,10.99,0.120048019207683,0.3235590892809164,2171840083.0,3,0,260725100.0,5,1,0,0.3398531660574125,0
CUST_10401,10.65,0.3846153846153846,0.4357909379044803,677885260.0,2,1,260725100.0,3,1,1,0.6388550125396804,1
CUST_31032,13.48,0.1023391812865497,0.26040674720629,1783359684.0,3,0,182507570.0,2,1,0,0.3357880670357542,0
CUST_30471,19.03,0.2482758620689655,0.4664304296241081,756102790.0,2,0,187722072.0,0,1,1,0.5471684742990969,1
CUST_06557,12.99,0.1428571428571428,0.2558259764591405,1095045420.0,2,1,156435060.0,1,1,0,0.44362438672068677,0
CUST_05015,16.77,0.1282051282051282,0.2485091170664619,1016827890.0,2,0,130362550.0,3,1,0,0.43170737788145586,0
CUST_00896,14.3,0.0666666666666666,0.1446869102629971,391087650.0,2,0,26072510.0,5,1,0,0.447672595069638,0
CUST_25104,9.91,0.3428571428571428,0.4672740355848253,912537850.0,2,1,312870120.0,0,1,1,0.6462551927107958,1
CUST_02483,10.99,0.2083333333333333,0.3617386150452459,375444144.0,2,1,78217530.0,4,1,1,0.5072353333245239,1
CUST_12819,16.32,0.3424657534246575,0.5092050815857649,1903293230.0,3,1,651812750.0,2,1,1,0.7779328601099695,1
CUST_10229,7.49,0.2333333333333333,0.3367752114824431,1564350600.0,3,1,365015140.0,2,1,1,0.5720377839857884,1
CUST_24055,14.42,0.3333333333333333,0.4703373629973219,782175300.0,2,1,260725100.0,3,1,1,0.6187463989207399,1
CUST_19956,7.88,0.4193548387096774,0.4708376386306998,808247810.0,3,1,338942630.0,2,1,1,0.6903667718901978,1
CUST_20327,16.29,0.2175,0.4932914345535076,521450199.9999999,2,0,113415418.5,3,1,1,0.5152264579824154,1
CUST_18109,17.26,0.1428571428571428,0.3191450172349463,4380181680.0,3,1,625740240.0,3,1,0,0.2878474269349655,0
CUST_02275,5.99,0.3611111111111111,0.4719568138394412,938610360.0,2,1,338942630.0,3,1,1,0.6668840168597852,1
CUST_30976,15.62,0.2347417840375587,0.3614360875922653,1110688926.0,2,0,260725100.0,4,1,1,0.5530010632040038,1
CUST_09778,13.55,0.4310344827586206,0.549216349829118,1512205580.0,3,0,651812750.0,5,1,1,0.8287491180648344,1
CUST_19805,15.27,0.2,0.2996682668184743,469305180.0,2,1,93861036.0,2,1,1,0.5048053293909636,1
CUST_31613,16.15,0.2475247524752475,0.523330950040541,2633323510.0,3,0,651812750.0,3,1,1,0.6571207202843067,1
CUST_23852,10.99,0.1447963800904977,0.3278976584849389,1728607413.0,2,1,250296096.0,5,1,0,0.4150913662034659,0
CUST_08414,15.37,0.1278772378516624,0.3156894534695431,1529152711.5,2,1,195543825.0,5,1,0,0.3975787356501457,0
CUST_21133,14.54,0.0833333333333333,0.1934409343949236,1564350600.0,2,1,130362550.0,0,1,0,0.3257947896526792,0
CUST_23191,10.37,0.3205128205128205,0.3992626518820475,406731156.0,2,1,130362550.0,1,1,1,0.5570480652251563,1
CUST_25072,10.38,0.3945810864132579,0.5573925095857643,792917174.12,2,1,312870120.0,5,1,1,0.6685097514887783,1
CUST_01490,10.99,0.4444444444444444,0.702779417255227,703957770.0,3,1,312870120.0,2,1,1,0.6845914171560354,1
CUST_28563,10.99,0.3125,0.4419867774862343,500592191.9999999,1,1,156435060.0,0,1,1,0.5657884139705817,1
CUST_17059,16.49,0.1016949152542373,0.2164118429072024,1538278090.0,2,1,156435060.0,5,1,0,0.3560209883623874,0
CUST_20436,11.83,0.2473958333333333,0.4449074152465669,500592191.9999999,2,1,123844422.5,3,1,1,0.5308053212188183,1
CUST_00620,12.53,0.392156862745098,0.6286871275590649,1329698010.0,2,1,521450199.9999999,2,1,1,0.7617572600233276,1
CUST_14202,10.99,0.3349148758024002,0.4139862647879966,1121013639.96,2,0,375444144.0,3,1,1,0.6685616446952977,1
CUST_17577,10.99,0.3978978978978979,0.4809942039275893,868214583.0,2,1,345460757.5,5,1,1,0.6857987439400604,1
CUST_07503,7.49,0.5302451853737168,0.6209480503399525,1229266701.48,3,1,651812750.0,5,1,1,0.8594295115358528,1
CUST_27888,12.73,0.15625,0.2805971914086076,250296096.0,2,0,39108765.0,3,1,0,0.4906938981831517,0
CUST_15455,14.61,0.2277039848197343,0.3497222287940295,2748042554.0,3,1,625740240.0,5,1,1,0.6088918934365276,1
CUST_16236,20.89,0.0625,0.3380935808613137,1668640640.0,3,0,104290040.0,3,1,0,0.28363884614647156,0
CUST_19413,10.08,0.1,0.3446780083370348,782175300.0,2,1,78217530.0,3,1,0,0.4238205218503838,0
CUST_08580,10.99,0.2004716981132075,0.2594731498879631,1381843030.0,3,1,277020418.75,5,1,1,0.5148516444123101,1
CUST_06374,15.45,0.2,0.3549767020996862,782175300.0,2,1,156435060.0,5,1,1,0.5080084439754033,1
CUST_00878,14.74,0.1,0.303501662239295,260725100.0,2,1,26072510.0,1,1,0,0.47442989820828535,0
CUST_02249,11.36,0.3951612903225806,0.4774465771423418,808247810.0,3,1,319388247.5,0,1,1,0.6719566652712677,1
CUST_03696,10.99,0.2222222222222222,0.3334106521257866,469305180.0,2,1,104290040.0,0,1,1,0.516104759690474,1
CUST_05943,13.79,0.1930768169907599,0.4773031348034534,756207080.04,2,1,146006056.0,0,1,1,0.502068176764069,1
CUST_01586,14.59,0.0517170045510964,0.1514696299247562,756207080.04,2,0,39108765.0,3,1,0,0.3881188859323032,0
CUST_00573,7.49,0.41,0.6583663934396428,1303625500.0,2,1,534486454.9999999,4,1,1,0.7756343251414667,1
CUST_23770,8.0,0.1694915254237288,0.2388887576149835,1538278090.0,3,1,260725100.0,5,1,0,0.4649370844919696,0
CUST_06341,19.39,0.2,0.3176724497886547,782175300.0,2,0,156435060.0,3,1,1,0.5080084439754036,1
CUST_23207,12.53,0.2604166666666667,0.5333328803829438,500592191.9999999,2,1,130362550.0,0,1,1,0.5378374454058461,1
CUST_27180,13.85,0.1582509109838625,0.3845827229638369,2504264585.5,3,0,396302152.0,5,1,0,0.41319948180392485,0
CUST_18313,10.99,0.2089323556625643,0.3148206402739904,2620574052.61,2,0,547522710.0,3,1,1,0.5520183615526435,1
CUST_02437,21.74,0.1217391304347826,0.2516833189667789,599667730.0,2,1,73003028.0,5,1,0,0.45538744151295546,0
CUST_28239,16.32,0.0950555885081595,0.3443939193860935,6857174420.04,3,0,651812750.0,3,1,0,0.055233261318050834,0
CUST_01185,11.99,0.3619899723374827,0.4683522235545178,1206427182.72,2,1,436714542.5,3,1,1,0.7102873100020995,1
CUST_12551,12.98,0.2222222222222222,0.4884267941208319,1407915540.0,2,0,312870120.0,3,1,1,0.548181030321504,1
CUST_02017,13.11,0.35,0.5659837431879224,1042900400.0,2,0,365015140.0,2,1,1,0.6728286522944562,1
CUST_18036,16.32,0.3472222222222222,0.5833194520908092,1877220720.0,2,0,651812750.0,4,1,1,0.7816319918316187,1
CUST_02066,6.92,0.2,0.35685998036368,312870120.0,2,1,62574023.99999999,5,1,1,0.5032036077248911,1
CUST_01208,10.99,0.5905797101449275,0.8652666240461178,719601276.0,2,1,424981913.0,3,1,1,0.7769771963348205,1
CUST_32562,11.49,0.0697674418604651,0.2704251941707886,3363353790.0,3,1,234652590.0,2,1,0,0.14660774910267135,0
CUST_16638,16.82,0.3246753246753247,0.5456332431046529,501895817.4999999,2,1,162953187.5,1,1,1,0.5724546826714499,1
CUST_03280,6.62,0.15,0.218027839484781,625740240.0,2,1,93861036.0,3,1,0,0.4725204553421479,0
CUST_21984,9.76,0.3051470588235294,0.4837750465964078,531879203.9999999,2,1,162301374.75,5,1,1,0.5656866372856886,1
CUST_22029,12.98,0.1140994295028524,0.2402767198362659,1599548488.5,2,0,182507570.0,3,1,0,0.37045830373204724,0
CUST_25152,12.53,0.3076923076923077,0.5717916986052908,1016827890.0,2,0,312870120.0,3,1,1,0.6263176078747504,1
CUST_04399,16.49,0.15,0.4010832898459802,834320320.0,2,0,125148048.0,3,1,0,0.4633892895561192,0
CUST_08604,10.74,0.32,0.5304428874997243,651812750.0,2,1,208580080.0,4,1,1,0.590454059649809,1
CUST_29288,7.49,0.5,0.6583803779452273,1095045420.0,2,1,547522710.0,2,1,1,0.8129453196737275,1
CUST_29283,18.79,0.2417582417582417,0.4191539913192665,2372598410.0,2,1,573595220.0,1,1,1,0.6287275663786264,1
CUST_28109,13.16,0.1869658119658119,0.3952165376869254,488077387.2,1,1,91253785.0,5,1,0,0.49810174393530227,0
CUST_12935,15.62,0.1907790143084261,0.3029584223904966,1639960879.0,2,0,312870120.0,5,1,1,0.5004004336021235,1
CUST_00194,14.09,0.3676470588235294,0.5308530310425349,1772930680.0,2,0,651812750.0,0,1,1,0.7959822012066263,1
CUST_05895,10.71,0.1609756097560975,0.277990570824121,1068972910.0,3,1,172078566.0,5,1,0,0.46577996903438623,0
CUST_00132,11.83,0.5,0.6444398224475237,1303625500.0,2,1,651812750.0,4,1,1,0.8518420845107667,1
CUST_29334,14.46,0.217391304347826,0.4130455906519335,2398670920.0,2,1,521450199.9999999,3,1,1,0.5693312017786523,1
CUST_19146,17.49,0.08,0.3290419079043577,782175300.0,2,0,62574023.99999999,5,1,0,0.40734830283414436,0
CUST_08092,12.68,0.1321138211382113,0.2697238797670017,1282767492.0,3,0,169471315.0,5,1,0,0.4194474005867977,0
CUST_10386,7.66,0.4,0.5402732706600096,651812750.0,2,1,260725100.0,3,1,1,0.6438101140638369,1
CUST_15726,10.91,0.1683006535947712,0.2463400310322079,2393456418.0,2,0,402820279.5,5,1,0,0.4425203505180674,0
CUST_18349,12.18,0.3571428571428571,0.4426038761135875,1460060560.0,2,1,521450199.9999999,1,1,1,0.7416627545279841,1
CUST_21961,12.42,0.50625,0.7038378671677381,312870120.0,2,1,158390498.25,3,1,1,0.6054600147339064,1
CUST_03690,14.27,0.238095238095238,0.3508137929829966,438018168.0,2,1,104290040.0,3,1,1,0.522557557319698,1
CUST_27576,10.99,0.3684986312907981,0.6000932100404877,495273399.96,1,1,182507570.0,1,1,1,0.5943870494703564,1
CUST_16108,15.58,0.0483333333333333,0.2462206166144681,782175300.0,2,0,37805139.5,2,1,0,0.3817010441611028,0
CUST_09561,7.9,0.325,0.3960020727932258,651812750.0,2,1,211839143.75,2,1,1,0.5938667883795432,1
CUST_32548,10.99,0.2864157119476268,0.3744852728492204,127442428.88,1,0,36501514.0,4,1,1,0.5132397853427338,1
CUST_02177,9.91,0.3552631578947368,0.4220835079639857,990755380.0,2,1,351978885.0,2,1,1,0.6698631204728897,1
CUST_16831,15.62,0.2916666666666667,0.5636910140171755,625740240.0,2,1,182507570.0,4,1,1,0.5681570815880987,1
CUST_06991,11.46,0.3203125,0.4045838239421641,500592191.9999999,2,1,160345936.5,3,1,1,0.5699495996652991,1
CUST_09093,12.73,0.2222222222222222,0.4660970743469751,1407915540.0,3,1,312870120.0,3,1,1,0.548181030321504,1
CUST_04856,15.21,0.1666666666666666,0.4341304090723202,782175300.0,2,0,130362550.0,4,1,0,0.47975806046010616,0
CUST_02015,10.99,0.35,0.5823742041625477,1042900400.0,2,1,365015140.0,2,1,1,0.6728286522944561,1
CUST_25923,9.62,0.1252003205128205,0.2118965981581388,520615879.6799999,2,1,65181274.99999999,2,1,0,0.4631852921577194,0
CUST_08607,11.36,0.32,0.5511968372168825,651812750.0,2,1,208580080.0,2,1,1,0.590454059649809,1
CUST_28649,10.25,0.625,0.7226301351881546,1042900400.0,2,1,651812750.0,2,1,1,0.8770235234676099,1
CUST_00172,10.99,0.4166666666666667,0.4946639226216502,1564350600.0,2,1,651812750.0,2,1,1,0.8225476362067904,1
CUST_17356,10.99,0.3125,0.4410488944152992,1668640640.0,2,0,521450199.9999999,3,1,1,0.7072973966946129,1
CUST_17984,15.65,0.459702480554585,0.5367271767373061,1417901311.33,2,0,651812750.0,1,1,1,0.839525882131296,1
CUST_09100,13.49,0.1436265709156194,0.366331529791482,1452238807.0,2,0,208580080.0,1,1,0,0.4266600356351308,0
CUST_23729,13.62,0.3108333333333333,0.4331768577756048,782175300.0,2,1,243126155.75,5,1,1,0.6005897364545137,1
CUST_04307,15.62,0.0871212121212121,0.2000306667802474,1376628528.0,2,0,119933546.0,3,1,0,0.35037640345565796,0
CUST_29276,12.36,0.2771084337349397,0.408687841073999,2164018330.0,2,0,599667730.0,1,1,1,0.6925664210625226,1
CUST_14425,9.62,0.5165289256198347,0.7213195082567683,757145690.4,2,1,391087650.0,2,1,1,0.744626130936206,1
CUST_01168,10.99,0.3054545454545455,0.4949354490959506,1433988050.0,2,1,438018168.0,5,1,1,0.671376024616219,1
CUST_12150,17.14,0.178030303030303,0.2517848182154374,1720785660.0,2,1,306351992.5,3,1,0,0.4766569654012716,0
CUST_10324,8.49,0.3316666666666666,0.4232900665192221,782175300.0,2,1,259421474.5,2,1,1,0.6174121032226223,1
CUST_23268,12.8,0.1962323390894819,0.4600176871963698,664327554.8,2,1,130362550.0,5,1,1,0.5040891637540509,1
CUST_11173,10.99,0.2272727272727272,0.4215710287407044,1147190440.0,2,0,260725100.0,4,1,1,0.545534774267697,1
CUST_26761,12.73,0.3946952952320808,0.6246001314782804,990859670.04,2,1,391087650.0,2,1,1,0.7062110957023822,1
CUST_23813,14.46,0.208695652173913,0.4742778095864295,1199335460.0,2,0,250296096.0,5,1,1,0.523568041576734,1
CUST_05074,7.88,0.2150537634408602,0.3861203007484615,969897372.0,3,1,208580080.0,5,1,1,0.5257353545065819,1
CUST_00285,13.98,0.2666666666666666,0.5645518987462136,391087650.0,1,1,104290040.0,3,1,1,0.532221984547211,1
CUST_02281,10.75,0.3333333333333333,0.6191894213395268,1016827890.0,2,1,338942630.0,2,1,1,0.652376065733904,1
CUST_24793,16.89,0.2857286922029682,0.526048825013262,1551236127.47,3,1,443232670.0,5,1,1,0.6547876672930377,1
CUST_25120,10.65,0.3296703296703296,0.5698250700541614,949039364.0,2,1,312870120.0,5,1,1,0.6393306442639412,1
CUST_22882,6.91,0.32,0.4049687317641778,651812750.0,2,1,208580080.0,5,1,1,0.5904540596498087,1
CUST_27976,16.0,0.3460207612456747,0.6212477708553962,1883738847.5,3,0,651812750.0,5,1,1,0.7807113896069214,1
CUST_22090,11.86,0.1043478260869565,0.2614917511753051,1199335460.0,3,1,125148048.0,1,1,0,0.3897671804375252,0
CUST_19165,11.49,0.0588235294117647,0.1140644006612385,1063758408.0,2,1,62574023.99999999,0,1,0,0.35260914871121757,0
CUST_18648,14.72,0.3752759381898454,0.5575833070603352,1181084703.0,2,1,443232670.0,3,1,1,0.7203061334055826,1
CUST_06411,10.99,0.1818181818181818,0.4041433904620002,860392830.0,2,1,156435060.0,1,1,0,0.4918534800982352,0
CUST_20041,10.99,0.0528571428571428,0.1706753431357297,1825075700.0,2,1,96468287.0,1,1,0,0.25168452891977394,0
CUST_17850,15.62,0.0080128205128205,0.2731146066838775,12201934680.0,3,0,97771912.5,3,1,0,6.39309720793681e-05,0
CUST_27138,11.71,0.0694444444444444,0.3611177617793489,563166216.0,2,1,39108765.0,0,1,0,0.42660149805075703,0
CUST_32166,16.02,0.180327868852459,0.3730612983132263,1590423110.0,2,0,286797610.0,3,1,0,0.482377965227892,0
CUST_05694,15.31,0.043859649122807,0.3140816556704787,2972266140.0,2,1,130362550.0,4,1,0,0.13118456927415817,0
CUST_04951,14.79,0.1428571428571428,0.3343032207039477,912537850.0,2,1,130362550.0,0,1,0,0.4529592410193253,0
CUST_17718,14.59,0.1599099099099099,0.3772588626394992,868214583.0,3,1,138836115.75,3,1,0,0.471192119405258,0
CUST_01680,9.99,0.1778455284552845,0.3810886926007857,256553498.4,2,1,45626892.5,4,1,0,0.4964659070956367,0
CUST_29309,12.53,0.4444444444444444,0.5465319368223565,1173262950.0,2,1,521450199.9999999,1,1,1,0.784415994931102,1
CUST_18507,10.99,0.0980392156862745,0.1609607356264287,265939602.0,2,0,26072510.0,5,1,0,0.473355743823665,0
CUST_04346,15.31,0.2941176470588235,0.4386745581413717,886465340.0,3,0,260725100.0,0,1,1,0.5982222859692887,1
CUST_31172,10.99,0.0476947535771065,0.0982938603817915,1639960879.0,3,1,78217530.0,5,1,0,0.2658394414357759,0
CUST_09500,12.61,0.0952380952380952,0.1960816821708816,2190090840.0,2,1,208580080.0,1,1,0,0.28799844653204903,0
CUST_03468,15.65,0.1737311992278613,0.264249177252738,1620797584.15,2,0,281583108.0,5,1,0,0.47047855538339145,0
CUST_12190,15.05,0.4137931034482758,0.6134570507784134,756102790.0,2,0,312870120.0,5,1,1,0.675215420126408,1
CUST_09270,11.66,0.1750372126357572,0.2378911253023942,1418787776.67,3,0,248340657.75,5,1,0,0.47615457379237575,0
CUST_22102,7.66,0.3095238095238095,0.4180675880955076,547522710.0,2,1,169471315.0,0,1,1,0.5701436414935231,1
CUST_20082,15.2,0.2222222222222222,0.2790843668926721,469305180.0,2,1,104290040.0,2,1,1,0.5161047596904742,1
CUST_00231,6.62,0.3125,0.5381361675209128,2085800800.0,2,1,651812750.0,2,1,1,0.7507970347921094,1
CUST_04577,17.93,0.1136363636363636,0.3790620084385806,2294380880.0,2,0,260725100.0,4,1,0,0.3175193940874694,0
CUST_00094,10.99,0.3678524230575348,0.6155474117537016,1913696161.49,2,1,703957770.0,4,1,1,0.8132339959640458,1
CUST_16467,10.99,0.2625,0.555466159653469,417160160.0,2,1,109504542.0,2,1,1,0.5324878376007065,1
CUST_28869,11.99,0.3635301372975429,0.4224478042096771,803267960.5899999,2,1,292012112.0,5,1,1,0.6462192895592525,1
CUST_02221,11.71,0.419047619047619,0.5316479040809459,821284065.0,2,1,344157132.0,2,1,1,0.6928917189762759,1
CUST_08215,14.75,0.25,0.4294472217605417,782175300.0,2,1,195543825.0,0,1,1,0.5502323042239622,1
CUST_22605,14.59,0.2952755905511811,0.4361817283298149,662241754.0,2,0,195543825.0,2,1,1,0.5746140549765355,1
CUST_27892,7.14,0.2971944840703756,0.4790782625377218,219321954.12,1,1,65181274.99999999,0,1,1,0.5253311778892834,1
CUST_00295,16.77,0.2717391304347826,0.5680650826351477,2398670920.0,2,0,651812750.0,1,1,1,0.6993838965594359,1
CUST_12181,11.99,0.4615384615384615,0.5759297903081148,677885260.0,2,1,312870120.0,5,1,1,0.6892242564050514,1
CUST_26981,13.49,0.324074074074074,0.5673672314442755,2815831080.0,3,1,912537850.0,3,1,1,0.8361945753097564,1
CUST_04663,11.71,0.375,0.6256366304916617,688314264.0,2,1,258117849.0,2,1,1,0.6342461217827003,1
CUST_31156,12.98,0.3469079939668175,0.5896388283384588,864303706.5,2,1,299833865.0,2,1,1,0.6424346126553817,1
CUST_02427,6.54,0.1944444444444444,0.3892450716632289,375444144.0,2,1,73003028.0,4,1,1,0.5015834055594809,1
CUST_31304,14.91,0.1584283903675538,0.3944535613377201,1974836197.44,2,0,312870120.0,2,1,0,0.4316600261056426,0
CUST_10894,16.07,0.2564102564102564,0.3254922950826916,1016827890.0,2,0,260725100.0,0,1,1,0.5720828650795113,1
CUST_08735,16.45,0.2666666666666666,0.4454109464163175,782175300.0,2,0,208580080.0,4,1,1,0.5641774385777756,1
CUST_14621,15.62,0.0476190476190476,0.1663773933095668,1095045420.0,2,0,52145020.0,1,1,0,0.336560530268281,0
CUST_02329,12.84,0.0862068965517241,0.3655107735365967,756102790.0,2,1,65181274.99999999,4,1,0,0.41530149513845105,0
CUST_18243,14.96,0.3333333333333333,0.5514150222998171,1877220720.0,2,1,625740240.0,4,1,1,0.761723838420514,1
CUST_12283,7.29,0.3389830508474576,0.5070646060131248,922966854.0,2,1,312870120.0,4,1,1,0.6442828535274564,1
CUST_25697,14.91,0.1196410767696909,0.4189585744393149,2615072753.0,2,0,312870120.0,5,1,0,0.30915716662765064,0
CUST_18485,18.3,0.1983831771065813,0.4497249979970084,2628500095.65,2,0,521450199.9999999,5,1,1,0.5222931591127993,1
CUST_21541,12.61,0.2,0.2623121125915861,782175300.0,2,0,156435060.0,4,1,1,0.508008443975403,1
CUST_05756,16.29,0.16875,0.2336788091030588,834320320.0,2,1,140791554.0,0,1,0,0.48029115013030366,0
CUST_28633,6.17,0.453125,0.6356671934126639,834320320.0,2,1,378051395.0,3,1,1,0.7210881379173983,1
CUST_03050,10.99,0.3186274509803921,0.5345041379264522,265939602.0,2,0,84735657.5,4,1,1,0.5368533348209179,1
CUST_15964,16.95,0.6547619047619048,0.868985102501966,109504542.0,2,1,71699402.5,0,1,1,0.5548799702733288,1
CUST_05117,14.96,0.1851851851851851,0.2828909444900408,985540878.0,3,1,182507570.0,1,1,0,0.49426495678082855,0
CUST_02169,10.99,0.153125,0.4075799697018524,417160160.0,2,0,63877649.49999999,4,1,0,0.4830813935267458,0
CUST_29353,12.53,0.3247025305848835,0.5145335380799064,622298668.68,3,1,202061952.5,1,1,1,0.5895162540334012,1
CUST_31988,13.11,0.3128911138923654,0.3825358546459953,2083193549.0,2,1,651812750.0,5,1,1,0.7511998663986156,1
CUST_03676,7.29,0.2777777777777778,0.486654842361799,375444144.0,2,1,104290040.0,1,1,1,0.5354384545957087,1
CUST_17739,13.11,0.2564102564102564,0.3904796849097178,1220193468.0,2,1,312870120.0,2,1,1,0.5862356273696837,1
CUST_28769,8.9,0.4166666666666667,0.5203145254827789,1564350600.0,2,1,651812750.0,2,1,1,0.8225476362067904,1
CUST_17836,8.9,0.4964539007092198,0.6207599913435847,1838111955.0,2,1,912537850.0,0,1,1,0.9196795128488962,1
CUST_01611,13.16,0.0416666666666666,0.1380589610553431,938610360.0,2,0,39108765.0,2,1,0,0.35298751037179943,0
CUST_07289,14.09,0.26,0.4253105346547873,651812750.0,2,0,169471315.0,5,1,1,0.5489105709149799,1
CUST_23923,10.25,0.3787878787878788,0.5045143394821687,688314264.0,2,1,260725100.0,2,1,1,0.6368645974532285,1
CUST_32049,5.42,0.1666666666666666,0.2859046921536672,469305180.0,3,1,78217530.0,3,1,0,0.48785058664629,0
CUST_12987,14.96,0.1538461538461538,0.4284791216713838,2033655780.0,2,1,312870120.0,1,1,0,0.4197792044348799,0
CUST_27224,19.29,0.2620087336244541,0.3492577799990485,2985302395.0,3,1,782175300.0,3,1,1,0.7160430025242863,1
CUST_11741,14.54,0.1351351351351351,0.371298408797913,1929365740.0,2,1,260725100.0,1,1,0,0.38612986686290685,0
CUST_03055,6.91,0.191131498470948,0.2493428700075887,443336960.04,2,1,84735657.5,3,1,1,0.5002776438566892,1
CUST_15215,18.39,0.3048780487804878,0.4144107395602819,1282767492.0,2,0,391087650.0,3,1,1,0.6538193655348608,1
CUST_05106,10.99,0.1835648289787676,0.4406032025602303,1278309092.79,2,1,234652590.0,5,1,0,0.4903168995530779,0
CUST_21814,9.62,0.5384615384615384,0.6154163312273699,338942630.0,2,1,182507570.0,1,1,1,0.6251102650303396,1
CUST_11474,17.74,0.1025641025641025,0.1994751738478889,1016827890.0,2,1,104290040.0,1,1,0,0.40421401857267847,0
CUST_07634,14.83,0.0291666666666666,0.1545421214660622,1251480480.0,3,0,36501514.0,5,1,0,0.294061395985186,0
CUST_10211,7.9,0.0833333333333333,0.1433573863167193,1564350600.0,3,1,130362550.0,5,1,0,0.32579478965267883,0
CUST_11900,14.96,0.0704185679680018,0.1748803670769276,1851252500.04,3,0,130362550.0,3,1,0,0.2760154749671767,0
CUST_08859,10.99,0.1111111111111111,0.3299674574976213,1407915540.0,3,1,156435060.0,3,1,0,0.381079853529647,0
CUST_10449,6.99,0.3333333333333333,0.4457417272429917,782175300.0,2,1,260725100.0,3,1,1,0.6187463989207395,1
CUST_16433,13.87,0.1923076923076923,0.4705765863947808,1355770520.0,3,0,260725100.0,0,1,1,0.5025776121542206,1
CUST_02648,10.99,0.075007500750075,0.3615888700396987,1042796109.96,2,0,78217530.0,2,1,0,0.3722815687809866,0
CUST_09011,14.96,0.1632786349906115,0.456198807238349,1277448699.96,2,0,208580080.0,0,1,0,0.46230294237321806,0
CUST_20923,10.99,0.1566579634464752,0.2734996362811693,998577133.0,3,1,156435060.0,0,1,0,0.4633755524337242,0
CUST_11208,11.86,0.2222222222222222,0.4439999379786946,1173262950.0,2,1,260725100.0,0,1,1,0.5401889458209963,1
CUST_22860,8.49,0.392156862745098,0.4676968319305663,531879203.9999999,2,1,208580080.0,3,1,1,0.6141842762643518,1
CUST_02094,15.28,0.096,0.2977262664388796,651812750.0,2,0,62574023.99999999,0,1,0,0.4335874639459427,0
CUST_14689,7.88,0.3947368421052631,0.5959863865373323,990755380.0,2,1,391087650.0,0,1,1,0.7062289731173936,1
CUST_03219,13.99,0.4416666666666666,0.6974126242486507,782175300.0,3,1,345460757.5,1,1,1,0.7009107447932971,1
CUST_18613,8.49,0.5991666666666666,0.8715265071280144,782175300.0,2,1,468653367.25,3,1,1,0.7999197568320019,1
CUST_15844,14.72,0.2083333333333333,0.3143583380074587,375444144.0,1,0,78217530.0,3,1,1,0.5072353333245241,1
CUST_23142,18.67,0.2962962962962963,0.4506856780681477,1407915540.0,3,0,417160160.0,2,1,1,0.6559997885627282,1
CUST_15802,12.67,0.202020202020202,0.3496021431019204,2064942792.0,2,0,417160160.0,2,1,1,0.5256435229164249,1
CUST_00157,13.22,0.4531941121020956,0.6231899940268166,1438263941.64,2,0,651812750.0,0,1,1,0.8372463262324482,1
CUST_00714,15.2,0.3610629693818602,0.582229821363253,1444208473.92,2,0,521450199.9999999,5,1,1,0.7441642571668728,1
CUST_23804,14.61,0.2666666666666666,0.4516244902701053,938610360.0,2,0,250296096.0,5,1,1,0.5768267621948325,1
CUST_26113,12.73,0.4583333333333333,0.5663979533130777,782175300.0,2,0,358497012.5,3,1,1,0.7126240652310826,1
CUST_05751,16.02,0.2134387351778656,0.2774581375710408,659634503.0,2,0,140791554.0,1,1,1,0.5163576526697173,1
CUST_07147,12.68,0.2391512305417862,0.5004225421277032,1199231169.96,3,1,286797610.0,1,1,1,0.5628400201149228,1
CUST_07756,15.23,0.1226943683284937,0.1833385634334488,1274997884.02,3,0,156435060.0,0,1,0,0.40729789186906606,0
CUST_06410,15.62,0.1818181818181818,0.3496052641764313,860392830.0,2,1,156435060.0,3,1,0,0.4918534800982355,0
CUST_01240,8.49,0.3636363636363636,0.60386940333923,1147190440.0,2,1,417160160.0,2,1,1,0.7028562702345652,1
CUST_23078,12.61,0.0925925925925925,0.3670349758862157,1407915540.0,3,0,130362550.0,2,1,0,0.3547977627476385,0
CUST_00192,7.9,0.373134328358209,0.4367040628866329,1746858170.0,2,1,651812750.0,2,1,1,0.7994581788787349,1
CUST_04730,11.12,0.1674200569228193,0.433738024751215,778655511.15,2,1,130362550.0,2,1,0,0.48048394774707687,0
CUST_23891,18.39,0.4545454545454545,0.6502530801964612,573595220.0,2,0,260725100.0,5,1,1,0.658488416358762,1
CUST_32564,16.82,0.0978747203579418,0.1868522470707105,1864705915.2,2,0,182507570.0,2,1,0,0.32096696691361903,0
CUST_18327,13.57,0.4761904761904761,0.651387843794963,1095045420.0,2,1,521450199.9999999,4,1,1,0.795143735997249,1
CUST_18345,10.99,0.3703703703703703,0.4695209677889221,1407915540.0,2,1,521450199.9999999,5,1,1,0.7498312328390597,1
CUST_07513,14.61,0.1266891891891892,0.2654570998942344,1234794073.6,3,0,156435060.0,1,1,0,0.41534083273023853,0
CUST_11596,10.99,0.15625,0.2115454925435117,1668640640.0,2,0,260725100.0,4,1,0,0.43826871288021735,0
CUST_18113,10.99,0.3205128205128205,0.4210171369259235,2033655780.0,2,0,651812750.0,0,1,1,0.758770632652515,1
CUST_24221,12.68,0.4094412331406551,0.5671090831960363,270632653.8,2,0,110808167.5,4,1,1,0.5638623322730262,1
CUST_28837,11.49,0.0579710144927536,0.2690633836951893,1799003190.0,3,1,104290040.0,2,1,0,0.2622722406237964,0
CUST_18868,14.61,0.0441176470588235,0.3005027529718568,886465340.0,2,0,39108765.0,3,1,0,0.36288845016324955,0
CUST_22661,10.39,0.2083333333333333,0.3606912650636821,938610360.0,2,1,195543825.0,1,1,1,0.5180817074716109,1
CUST_27230,12.99,0.043103448275862,0.1301690150854934,3024411160.0,3,1,130362550.0,1,1,0,0.12635164459363693,0
CUST_14546,14.96,0.4412283798093893,0.6444258070437059,886361049.9599999,2,0,391087650.0,4,1,1,0.7238004934645821,1
CUST_15127,12.99,0.0900618477821938,0.3362982663696712,2453475336.02,3,1,220964522.25,5,1,0,0.25558522150029306,0
CUST_20705,15.96,0.1724137931034483,0.459554318801252,756102790.0,2,0,130362550.0,0,1,0,0.4851368279969017,0
CUST_05625,15.05,0.3860759493670886,0.520419805115992,1029864145.0,3,1,397605777.5,5,1,1,0.7053878948973461,1
CUST_04575,17.88,0.1136363636363636,0.1808754030123031,2294380880.0,2,0,260725100.0,2,1,0,0.31751939408746926,0
CUST_23952,10.99,0.3333333333333333,0.6183152081585489,782175300.0,2,1,260725100.0,4,1,1,0.6187463989207398,1
CUST_15978,15.28,0.4652777777777778,0.5217708385495414,938610360.0,2,0,436714542.5,3,1,1,0.753628221767968,1
CUST_01534,10.0,0.0333333333333333,0.2917295690731348,1095045420.0,2,1,36501514.0,2,1,0,0.3215868683669956,0
CUST_04798,14.11,0.1502403846153846,0.4457871557900571,867693132.8,2,1,130362550.0,3,1,0,0.4621552127111379,0
CUST_29403,14.65,0.3636363636363636,0.6431459271714977,1147190440.0,2,1,417160160.0,3,1,1,0.7028562702345656,1
CUST_27890,8.63,0.5294117647058824,0.6305910384733088,221616335.0,2,1,117326295.0,4,1,1,0.5806915602218982,1
CUST_16626,9.32,0.0625,0.3146833919297165,1251480480.0,2,1,78217530.0,2,1,0,0.33295236839825043,0
CUST_08484,14.83,0.3938008130081301,0.669406951992588,513106996.8,2,0,202061952.5,2,1,1,0.6111581668083834,1
CUST_02386,18.64,0.0547885163269778,0.3414004338194311,1189688631.3,2,1,65181274.99999999,2,1,0,0.3317385877486643,0
CUST_13627,15.31,0.2926136363636363,0.5826838119615261,1147190440.0,2,1,335683566.25,2,1,1,0.6242577019020629,1
CUST_08359,12.92,0.1415094339622641,0.4370186144898258,1381843030.0,2,1,195543825.0,5,1,0,0.4270609337156679,0
CUST_11947,12.21,0.3442500930405657,0.6205925415176351,840682012.4399999,2,1,289404861.0,4,1,1,0.6365090574260341,1
CUST_07648,10.65,0.1457446808510638,0.3942402733018307,1225407970.0,2,1,178596693.5,3,1,0,0.44075875399380177,0
CUST_11321,14.11,0.0970149253731343,0.2626381742868762,1746858170.0,3,0,169471315.0,3,1,0,0.32993329150255957,0
CUST_11107,10.99,0.1007130124777183,0.234872714116368,1462667811.0,3,1,147309681.5,5,1,0,0.3612894025992039,0
CUST_21045,10.99,0.2613885204947105,0.3895355172592433,845348991.7299999,2,1,220964522.25,1,1,1,0.5645467697792097,1
CUST_10204,10.99,0.0212627576545927,0.0785677778006943,1563411989.64,3,1,33242450.25,3,1,0,0.24092824247793918,0
CUST_17293,8.9,0.25,0.543054781910596,312870120.0,2,1,78217530.0,0,1,1,0.5201500151127996,1
CUST_12130,7.9,0.2432432432432432,0.5306434734157592,1929365740.0,3,1,469305180.0,2,1,1,0.6084445802120411,1
CUST_03511,9.99,0.3620689655172414,0.5074221503037355,756102790.0,2,1,273761355.0,2,1,1,0.6369838139789663,1
CUST_07212,15.99,0.217391304347826,0.5146466132699847,1199335460.0,3,1,260725100.0,5,1,1,0.5348338534821281,1
CUST_07217,13.85,0.4990494296577947,0.5808601696667942,329139366.24,2,1,164256813.0,4,1,1,0.6083214241224564,1
CUST_29289,10.83,0.3620689655172414,0.6304056081394335,1512205580.0,2,1,547522710.0,2,1,1,0.7548397959939871,1
CUST_19815,10.36,0.3,0.489879405196884,782175300.0,3,1,234652590.0,0,1,1,0.5917446013150315,1
CUST_00950,13.35,0.400219298245614,0.6477527128435923,1188906456.0,2,1,475823307.5,4,1,1,0.7466507895742727,1
CUST_12751,12.87,0.1875,0.2745206032861493,1668640640.0,2,0,312870120.0,2,1,0,0.49447665611597513,0
CUST_25879,10.99,0.08125,0.1561284203149666,834320320.0,2,1,67788526.0,4,1,0,0.4024151027582032,0
CUST_20320,11.71,0.0289855072463768,0.1377624743763052,3598006380.0,2,1,104290040.0,3,1,0,0.07442812898241916,0
CUST_04335,8.49,0.3166666666666666,0.5166034930599344,391087650.0,2,1,123844422.5,0,1,1,0.5532604791559652,1
CUST_29863,14.59,0.1285714285714285,0.377164092638867,912537850.0,2,0,117326295.0,3,1,0,0.4389941014456799,0
CUST_10976,12.17,0.125,0.3891483815645714,1668640640.0,3,1,208580080.0,3,1,0,0.38360172164680106,0
CUST_31977,15.31,0.1204935415461731,0.2565814467167776,1081904874.96,2,0,130362550.0,5,1,0,0.4185674627783361,0
CUST_13215,15.27,0.3016591251885369,0.4560687979319462,1728607413.0,3,1,521450199.9999999,5,1,1,0.696935652510742,1
CUST_17861,16.77,0.1075103670711104,0.2000440083583032,8487905630.499999,3,0,912537850.0,5,1,0,0.044948739834375404,0
CUST_28393,10.75,0.352410487736115,0.4783932188131736,1109750315.64,2,1,391087650.0,5,1,1,0.685426165985199,1
CUST_11585,12.69,0.15625,0.2417619646355665,1668640640.0,2,1,260725100.0,3,1,0,0.43826871288021746,0
CUST_32174,13.06,0.4106669976828864,0.5986647856916435,630120421.68,2,0,258769661.75,5,1,1,0.6459728822145219,1
CUST_10942,10.36,0.2525252525252525,0.4050117635083005,1032471396.0,2,1,260725100.0,1,1,1,0.5689158425803221,1
CUST_01338,15.95,0.04,0.2986094569384856,651812750.0,2,1,26072510.0,3,1,0,0.3952020914958703,0
CUST_04857,15.7,0.1666666666666666,0.2326046921434333,782175300.0,2,0,130362550.0,1,1,0,0.47975806046010616,0
CUST_08640,14.79,0.1579162486530673,0.4166576354657436,1403378923.26,3,1,221616335.0,4,1,0,0.4505131288097563,0
CUST_20771,16.7,0.1432664756446991,0.3505481274302483,909930599.0,2,0,130362550.0,5,1,0,0.45349307372188563,0
CUST_10820,11.36,0.2777777777777778,0.3522170824771268,938610360.0,2,1,260725100.0,0,1,1,0.5878246351506775,1
CUST_06300,12.86,0.1783060921248142,0.23039653570376,877339961.5,2,1,156435060.0,2,1,0,0.4883543188922816,0
CUST_16968,12.53,0.3636363636363636,0.5626014751289412,1433988050.0,2,1,521450199.9999999,4,1,1,0.7457686160545832,1
CUST_17344,11.99,0.0344827586206896,0.1719402233905043,756102790.0,2,1,26072510.0,5,1,0,0.37480342912196235,0
CUST_27626,14.22,0.1944444444444444,0.2674382503295529,469305180.0,1,1,91253785.0,4,1,1,0.5019792532275976,1
CUST_17474,7.51,0.1959183673469387,0.3156610193715851,1277552990.0,2,1,250296096.0,2,1,1,0.5074286029994604,1
CUST_09276,17.49,0.146788990825688,0.3579478780372644,1420951795.0,3,1,208580080.0,5,1,0,0.4329951995829001,0
CUST_19228,16.7,0.25537109375,0.3225495665667218,1334912512.0,2,0,340898068.25,4,1,1,0.5927072281789458,1
CUST_10349,9.91,0.4629629629629629,0.6264873171646823,563166216.0,2,1,260725100.0,5,1,1,0.6604235043486776,1
CUST_07388,12.68,0.3055555555555556,0.4938183605716815,563166216.0,2,0,172078566.0,2,1,1,0.5697465080640282,1
CUST_27317,18.25,0.2521008403361344,0.5509068036110144,3102628690.0,3,1,782175300.0,3,1,1,0.6959274720659243,1
CUST_00413,7.9,0.4,0.6418701967591116,1564350600.0,2,1,625740240.0,0,1,1,0.8054411804685724,1
CUST_18756,11.36,0.4615384615384615,0.6626081570629146,677885260.0,3,1,312870120.0,3,1,1,0.6892242564050514,1
CUST_26248,18.79,0.0641736968060216,0.2727281948480239,1950145530.47,3,0,125148048.0,5,1,0,0.2556635281723179,0
CUST_25073,16.45,0.3846153846153846,0.4402250529580507,813462312.0,2,0,312870120.0,0,1,1,0.6647373245206966,1
CUST_09102,17.27,0.1130434782608695,0.3676880096753904,1199335460.0,2,0,135577052.0,4,1,0,0.40057459177009497,0
CUST_28832,15.31,0.1020408163265306,0.3451857461993945,1277552990.0,2,1,130362550.0,0,1,0,0.37982131090499244,0
CUST_19973,10.71,0.3312101910828025,0.4127861961527442,818676814.0,2,1,271154104.0,5,1,1,0.6222928364116301,1
CUST_28502,19.41,0.2191780821917808,0.3615983838309029,1903293230.0,3,1,417160160.0,3,1,1,0.5587827797052146,1
CUST_14831,18.64,0.3191489361702128,0.5895085207961956,1225407970.0,2,1,391087650.0,4,1,1,0.6644664481606402,1
CUST_27300,14.11,0.2631578947368421,0.3160258691514147,1486133070.0,2,1,391087650.0,4,1,1,0.614873372208722,1
CUST_30866,9.25,0.3333333333333333,0.4039501837102511,782175300.0,2,1,260725100.0,5,1,1,0.6187463989207396,1
CUST_09116,5.99,0.0949074074074074,0.2695441731335202,1407915540.0,2,1,133621613.75,3,1,0,0.35803919193084754,0
CUST_00261,15.37,0.3775579551461149,0.4290584977150047,1726391249.65,2,0,651812750.0,5,1,1,0.802155600878764,1
CUST_16199,10.91,0.373134328358209,0.423175097143196,1746858170.0,3,1,651812750.0,0,1,1,0.799458178878735,1
CUST_03856,14.83,0.1379310344827586,0.2591839555659422,756102790.0,2,1,104290040.0,2,1,0,0.45697696388652187,0
CUST_27238,10.75,0.1026527173029709,0.3733971086864026,3047850346.49,3,1,312870120.0,3,1,0,0.23837026078718768,0
CUST_24658,17.27,0.1612903225806451,0.3863908391245146,1616495620.0,2,0,260725100.0,4,1,0,0.44890208081882244,0
CUST_29590,13.61,0.2083333333333333,0.4021108481963473,375444144.0,2,1,78217530.0,4,1,1,0.507235333324524,1
CUST_17260,10.0,0.5208333333333334,0.7313218055109181,750888288.0,2,1,391087650.0,5,1,1,0.7456080113783763,1
CUST_00229,13.35,0.3139441430580671,0.5826094361243292,2076206116.32,2,1,651812750.0,2,1,1,0.752277305796354,1
CUST_01255,14.11,0.4102564102564102,0.7036029392841265,1016827890.0,2,0,417160160.0,5,1,1,0.7248494529535069,1
CUST_28718,15.31,0.2740740740740741,0.3754142512254025,1407915540.0,3,0,385873148.0,4,1,1,0.6247736389494266,1
CUST_02267,10.74,0.3385416666666667,0.4698517908792223,1001184384.0,2,1,338942630.0,3,1,1,0.6553014366312802,1
CUST_00250,16.7,0.2777777777777778,0.5051523355607483,375444144.0,1,1,104290040.0,1,1,1,0.5354384545957094,1
CUST_06329,10.99,0.0697674418604651,0.1889469361964385,1121117930.0,3,1,78217530.0,3,1,0,0.35728838188049805,0
CUST_00650,7.66,0.3401360544217687,0.6008915508046244,1533063588.0,2,1,521450199.9999999,3,1,1,0.7299387088989027,1
CUST_21588,10.75,0.2068680182043856,0.341055797691414,756207080.04,2,1,156435060.0,1,1,1,0.5133698557790788,1
CUST_23193,16.45,0.3125,0.5140434640847756,417160160.0,2,0,130362550.0,3,1,1,0.5549208930903082,1
CUST_02442,7.68,0.078125,0.2791792003121888,834320320.0,3,1,65181274.99999999,1,1,0,0.3996995676419824,0
CUST_15587,19.13,0.1838235294117647,0.3108058992904378,3545861360.0,3,1,651812750.0,0,1,0,0.474154404489567,0
CUST_17189,12.21,0.3883495145631068,0.6314114543531234,1342734265.0,2,1,521450199.9999999,3,1,1,0.7597970132102781,1
CUST_00182,13.06,0.3787878787878788,0.6120953324292459,1720785660.0,2,0,651812750.0,2,1,1,0.8028895995032946,1
CUST_00237,13.47,0.1162790697674418,0.1900294523231285,4484471720.0,3,0,521450199.9999999,3,1,0,0.19089222679251577,0
CUST_22141,14.96,0.1203703703703703,0.2245781551628892,1407915540.0,2,0,169471315.0,3,1,0,0.3944981799415327,0
CUST_06120,10.59,0.3157894736842105,0.4667377006244297,495377689.9999999,2,1,156435060.0,2,1,1,0.5668465566308055,1
CUST_08422,13.24,0.0980392156862745,0.3762528505574575,1994547015.0,2,0,195543825.0,1,1,0,0.31000721175535967,0
CUST_20403,14.27,0.0918367346938775,0.2048066144882047,1277552990.0,2,1,117326295.0,1,1,0,0.36659995031071935,0
CUST_22354,10.99,0.2296964725184577,0.4436149927168948,794559742.25,2,1,182507570.0,1,1,1,0.5336621773647583,1
CUST_30516,10.99,0.1388888888888889,0.3437056477362813,1407915540.0,2,1,195543825.0,1,1,0,0.4217985539116462,0
CUST_24891,15.62,0.1666666666666666,0.3938199348164636,1877220720.0,3,0,312870120.0,3,1,0,0.4515453252475687,0
CUST_18931,5.99,0.1041666666666666,0.2169512416817494,500592191.9999999,2,1,52145020.0,0,1,0,0.45326036997701796,0
CUST_09003,15.58,0.1666666666666666,0.3486350680945594,1251480480.0,2,1,208580080.0,3,1,0,0.46764047951495663,0
CUST_20189,16.45,0.119560019129603,0.3656339436468838,872281894.56,2,1,104290040.0,2,1,0,0.4332731358189367,0
CUST_23721,10.59,0.2720588235294117,0.4708239841684618,886465340.0,2,1,241170717.5,0,1,1,0.5776849378549349,1
CUST_19456,15.28,0.0736196319018405,0.2324538055121641,1062454782.5,2,1,78217530.0,3,1,0,0.36849382357539145,0
CUST_07512,6.99,0.0809375,0.1908350955646,2085800800.0,2,1,168819502.25,0,1,0,0.2706441789742443,0
CUST_30748,14.3,0.1171232876712328,0.3372517273350382,1903293230.0,2,1,222919960.5,2,1,0,0.3529748828695367,0
CUST_27566,15.31,0.2447916666666666,0.3003882899585979,500592191.9999999,1,0,122540797.0,0,1,1,0.5293973368838358,1
CUST_02363,16.77,0.0694444444444444,0.2761775094672823,938610360.0,2,1,65181274.99999999,1,1,0,0.37921431909479003,0
CUST_21367,14.84,0.1866666666666666,0.3485522063609068,782175300.0,2,0,146006056.0,3,1,0,0.49670432151660404,0
CUST_03115,13.48,0.1944444444444444,0.3271934444075927,469305180.0,2,0,91253785.0,4,1,1,0.5019792532275975,1
CUST_26356,13.48,0.2272727272727272,0.342608775500065,2294380880.0,3,0,521450199.9999999,3,1,1,0.5903204610988011,1
CUST_18392,14.59,0.35650623885918,0.5794789752864519,1462667811.0,2,0,521450199.9999999,5,1,1,0.7412498002264738,1
CUST_25109,5.99,0.3418803418803419,0.5285596340053093,915145101.0,2,1,312870120.0,2,1,1,0.6457625712550383,1
CUST_30327,13.85,0.1346153846153846,0.2597704985147328,1355770520.0,2,1,182507570.0,3,1,0,0.41852408488806003,0
CUST_06752,14.65,0.2151515151515151,0.3884820343263329,860392830.0,2,0,185114821.0,4,1,1,0.5229250258764249,1
CUST_03030,16.49,0.0592592592592592,0.3032544900146283,1407915540.0,2,0,83432032.0,1,1,0,0.3097040485772134,0
CUST_05342,13.92,0.25,0.5204058338665254,886465340.0,2,1,221616335.0,4,1,1,0.5568754163511288,1
CUST_25763,10.25,0.3424657534246575,0.460184383659492,951646615.0,2,1,325906375.0,2,1,1,0.6517703788518899,1
CUST_10709,15.96,0.303030303030303,0.3967009936305545,860392830.0,2,0,260725100.0,4,1,1,0.60338878374809,1
CUST_20446,10.62,0.3333333333333333,0.4694593068518329,375444144.0,2,1,125148048.0,4,1,1,0.5578474910095147,1
CUST_03612,10.59,0.0697115384615384,0.1632222807479832,1355770520.0,2,1,94512848.75,0,1,0,0.32951621082935584,0
CUST_16824,10.99,0.2321428571428571,0.3291637835944119,438018168.0,3,1,101682789.0,2,1,1,0.5197364065632182,1
CUST_00723,10.99,0.21210407239819,0.263975935516542,553154372.16,3,0,117326295.0,1,1,1,0.5129188969547442,1
CUST_01213,13.23,0.5333333333333333,0.6382031661353793,782175300.0,2,1,417160160.0,2,1,1,0.7617906784042927,1
CUST_00623,10.99,0.3846449726902069,0.6640624041297711,1355666229.96,2,1,521450199.9999999,4,1,1,0.7578415787727483,1
CUST_32009,13.92,0.03125,0.2254262543781506,1251480480.0,3,1,39108765.0,5,1,0,0.2964136140115834,0
CUST_24029,11.83,0.3447800303406427,0.4460288793949059,756207080.04,2,1,260725100.0,2,1,1,0.6237947180443253,1
CUST_01216,15.31,0.25,0.5047926037948383,651812750.0,3,1,162953187.5,5,1,1,0.5419034266998124,1
CUST_18747,15.7,0.25,0.3799920884777659,1668640640.0,2,0,417160160.0,3,1,1,0.6058975307033194,1
CUST_21484,18.07,0.2777777777777778,0.4177869561580095,563166216.0,2,1,156435060.0,1,1,1,0.5530465827875056,1
CUST_22883,14.84,0.32,0.4382559975809286,651812750.0,2,0,208580080.0,0,1,1,0.5904540596498092,1
CUST_23017,13.85,0.2222222222222222,0.3650395815087077,938610360.0,2,0,208580080.0,3,1,1,0.5321761381454354,1
CUST_09106,10.37,0.0962962962962963,0.1581279864804876,1407915540.0,2,1,135577052.0,0,1,0,0.3599903200583644,0
CUST_03464,7.51,0.1565217391304348,0.4085745517154039,1799003190.0,2,1,281583108.0,1,1,0,0.4340215864271229,0
CUST_08024,14.54,0.232258064516129,0.360603170138057,808247810.0,2,1,187722072.0,3,1,1,0.5364733361670914,1
CUST_12219,10.25,0.3870967741935484,0.6115180666690361,808247810.0,2,1,312870120.0,3,1,1,0.6656968112814894,1
CUST_16468,10.99,0.0827140384811157,0.238383165835768,1024441062.92,3,1,84735657.5,5,1,0,0.3824850641919219,0
CUST_32098,15.7,0.2826086956521739,0.3595636539770891,1199335460.0,2,0,338942630.0,5,1,1,0.617442541111201,1
CUST_09284,12.86,0.2,0.4071851907322756,651812750.0,2,0,130362550.0,3,1,1,0.5066738777054163,1
CUST_32217,15.65,0.1666666666666666,0.4042979689971133,1407915540.0,2,0,234652590.0,0,1,0,0.46360904578310574,0
CUST_29249,14.11,0.0675675675675675,0.2349905164842687,3858731480.0,3,1,260725100.0,3,1,0,0.11327616676644806,0
CUST_29398,8.9,0.4444444444444444,0.5668810499290469,938610360.0,2,1,417160160.0,0,1,1,0.737549569280677,1
CUST_01100,13.85,0.3551857113862391,0.5151322169951328,1284592567.7,2,1,456268925.0,3,1,1,0.7144271480573477,1
CUST_29202,5.42,0.4861111111111111,0.7394485622994679,375444144.0,1,1,182507570.0,3,1,1,0.6180164566685381,1
CUST_22856,12.42,0.4,0.6796160170110901,521450199.9999999,2,1,208580080.0,5,1,1,0.6162240939611743,1
CUST_01509,10.0,0.0298423423423423,0.1175538437400911,1157619444.0,2,1,34546075.75,0,1,0,0.30860102972460773,0
CUST_25275,6.62,0.2222222222222222,0.312588510111809,1407915540.0,2,1,312870120.0,2,1,1,0.5481810303215037,1
CUST_23312,14.96,0.135593220338983,0.2051067791066701,1538278090.0,2,0,208580080.0,0,1,0,0.4093678297209952,0
CUST_31921,10.65,0.5064102564102564,0.7660834100977326,1016827890.0,2,1,514932072.4999999,1,1,1,0.8010034326867822,1
CUST_30583,11.11,0.2622950819672131,0.3731136142039068,795211555.0,2,1,208580080.0,1,1,1,0.5615272665993306,1
CUST_27881,17.19,0.2352941176470588,0.4113575410487234,2171840083.0,2,0,511021195.9999999,5,1,1,0.6037984648286286,1
CUST_02719,16.0,0.2727024815925825,0.4703757984376829,1147294730.04,2,1,312870120.0,4,1,1,0.6007655898133052,1
CUST_31927,10.99,0.2897542883634678,0.4453388540872985,224953616.28,1,1,65181274.99999999,3,1,1,0.5241707702901109,1
CUST_27896,8.59,0.5416666666666666,0.8144081805567818,156435060.0,2,1,84735657.5,1,1,1,0.5592593799077697,1
CUST_28811,10.65,0.3102272727272727,0.4472879373112976,1147190440.0,2,1,355889761.5,2,1,1,0.6445739541130576,1
CUST_19394,10.99,0.0955414012738853,0.3039842134102508,818676814.0,2,1,78217530.0,0,1,0,0.4164733389073855,0
CUST_19232,8.9,0.52,0.6638718154473149,651812750.0,2,1,338942630.0,5,1,1,0.7172954592849227,1
CUST_28365,16.77,0.2387096774193548,0.3929819942291945,808247810.0,2,1,192936574.0,2,1,1,0.5420908141714038,1
CUST_22459,12.68,0.1458333333333333,0.3609358394906213,1251480480.0,2,1,182507570.0,1,1,0,0.43962901644757685,0
CUST_05077,13.11,0.4301075268817204,0.5429899936343723,969897372.0,3,1,417160160.0,3,1,1,0.7325151076716403,1
CUST_16415,11.99,0.3333333333333333,0.4341443830028729,782175300.0,2,1,260725100.0,0,1,1,0.6187463989207398,1
CUST_19733,13.99,0.1535087719298245,0.3922625510072374,594453228.0,2,0,91253785.0,0,1,0,0.47614719158888386,0
CUST_00579,10.99,0.6060606060606061,0.7640061323968628,860392830.0,2,1,521450199.9999999,3,1,1,0.8249268391230169,1
CUST_20864,14.46,0.1666666666666666,0.2243099698996993,1407915540.0,2,1,234652590.0,5,1,0,0.46360904578310563,0
CUST_01074,16.35,0.2868654311039484,0.3407084491824794,1617799245.5,2,0,464090678.0,5,1,1,0.6627545896562813,1
CUST_21651,10.99,0.1666666666666666,0.4372655655186127,938610360.0,2,1,156435060.0,4,1,0,0.4757155116553854,0
CUST_08627,10.99,0.2857142857142857,0.4957035893756686,730030280.0,2,1,208580080.0,2,1,1,0.574740061804885,1
CUST_18518,16.82,0.4318181818181818,0.6009621967672123,1147190440.0,2,1,495377689.9999999,5,1,1,0.7685393904933203,1
CUST_16295,13.36,0.2816742718720072,0.3810430906089847,1851252500.04,2,1,521450199.9999999,3,1,1,0.6751157480214272,1
CUST_00924,6.54,0.513013698630137,0.737591416223977,951646615.0,2,1,488207749.7499999,4,1,1,0.7909328300302786,1
CUST_01794,12.69,0.0833333333333333,0.3624133534512981,625740240.0,2,1,52145020.0,1,1,0,0.4277818988229773,0
CUST_03547,14.27,0.2940759637188209,0.3569627015796852,919838152.8,2,0,270502291.25,3,1,1,0.6017789864008886,1
CUST_01214,10.99,0.4848484848484848,0.6054712728194758,860392830.0,2,1,417160160.0,4,1,1,0.7498657747767741,1
CUST_05660,12.42,0.355829302700524,0.5623960490849468,1034974356.96,3,1,368274203.75,2,1,1,0.677364525361992,1
CUST_00966,9.88,0.5,0.5923260583648781,938610360.0,2,1,469305180.0,0,1,1,0.7789173229636643,1
CUST_11388,15.23,0.1851851851851851,0.4066510366973762,1407915540.0,2,1,260725100.0,1,1,0,0.491807455064591,0
CUST_01848,9.99,0.1704545454545454,0.2860792422255679,2294380880.0,2,1,391087650.0,1,1,0,0.45017777113872137,0
CUST_24463,10.37,0.2040982937382643,0.2594223893320451,1277448699.96,2,1,260725100.0,5,1,1,0.5187467546940725,1
CUST_02085,16.29,0.1111111111111111,0.3671465598329597,563166216.0,2,1,62574023.99999999,1,1,0,0.4516547795131707,0
CUST_29544,14.96,0.24,0.3224302534517734,782175300.0,3,0,187722072.0,5,1,1,0.541825723219708,1
CUST_16099,15.23,0.3260727794443719,0.588860013356761,2398775210.04,2,0,782175300.0,5,1,1,0.8036905934549953,1
CUST_13136,14.96,0.1953125,0.4099075471430085,2002368768.0,3,1,391087650.0,3,1,1,0.5103275313417575,1
CUST_00627,15.65,0.3846153846153846,0.6026554346295139,1355770520.0,2,0,521450199.9999999,2,1,1,0.7578257651939404,1
CUST_27451,10.99,0.0234375,0.3063611998058681,3337281280.0,3,1,78217530.0,3,1,0,0.08179473229539551,0
CUST_26775,10.99,0.375,0.4396536027886188,1042900400.0,2,1,391087650.0,0,1,1,0.6972116998764142,1
CUST_16140,10.25,0.3448275862068966,0.506552281109373,1512205580.0,2,1,521450199.9999999,1,1,1,0.7333224177349763,1
CUST_27066,15.37,0.1633986928104575,0.2308194933204262,2393456418.0,3,0,391087650.0,5,1,0,0.4300097446756248,0
CUST_04157,7.88,0.3125,0.6066127502631593,375444144.0,2,1,117326295.0,2,1,1,0.549466700308032,1
CUST_16359,18.79,0.0625,0.3328252925805895,625740240.0,2,0,39108765.0,0,1,0,0.414005533607602,0
CUST_30118,15.21,0.1966568338249754,0.3741760379744407,1060629706.8,3,1,208580080.0,3,1,1,0.5070162674781339,1
CUST_21000,13.43,0.34,0.6025812321760213,651812750.0,2,1,221616335.0,3,1,1,0.604049519357886,1
CUST_28396,13.16,0.3986710963455149,0.5001495388503513,1177173826.5,2,1,469305180.0,4,1,1,0.743122285241815,1
CUST_07726,15.7,0.2023037859708517,0.3236313180791423,1263004529.42,3,1,255510598.0,3,1,1,0.5160811137443748,1
CUST_04709,7.51,0.1463235294117647,0.4020405683945066,886465340.0,2,1,129710737.25,3,1,0,0.45760068047414154,0
CUST_21099,11.99,0.0925925925925925,0.3748202368910605,1407915540.0,2,1,130362550.0,3,1,0,0.3547977627476384,0
CUST_18032,11.71,0.3571428571428571,0.6037218198066342,1825075700.0,2,1,651812750.0,0,1,1,0.7888963891670786,1
CUST_15188,14.54,0.0442477876106194,0.2625493676581596,2946193630.0,3,0,130362550.0,3,1,0,0.13365936925298516,0
CUST_32445,12.61,0.2,0.4490551919519549,651812750.0,2,0,130362550.0,5,1,1,0.5066738777054163,1
CUST_18558,13.48,0.36,0.4860080733002427,1303625500.0,2,0,469305180.0,5,1,1,0.7226776256611667,1
CUST_28977,13.48,0.3164556962025316,0.3746628458330194,988669579.2,2,1,312870120.0,5,1,1,0.6317464794528258,1
CUST_10544,10.99,0.303030303030303,0.4357694380422711,860392830.0,2,1,260725100.0,3,1,1,0.6033887837480897,1
CUST_17103,15.05,0.2179979072200907,0.402422219873489,896998634.04,2,0,195543825.0,3,1,1,0.5266594780782863,1
CUST_19535,15.37,0.2448979591836734,0.5186985627098903,1277552990.0,2,1,312870120.0,3,1,1,0.57469505253362,1
CUST_21076,10.74,0.1020408163265306,0.3340309998502938,1277552990.0,2,1,130362550.0,2,1,0,0.3798213109049922,0
CUST_21577,8.49,0.2068965517241379,0.4567019929646728,756102790.0,2,1,156435060.0,5,1,1,0.5133913821779912,1
CUST_22979,5.79,0.2424242424242424,0.3453940648151458,860392830.0,2,1,208580080.0,1,1,1,0.5482266397544105,1
CUST_09622,10.99,0.28,0.4227079761677194,782175300.0,2,1,219009084.0,2,1,1,0.5752619896573888,1
CUST_31829,14.96,0.1773049645390071,0.4267660882136244,3676223910.0,3,1,651812750.0,3,1,0,0.447399412326099,0
CUST_14318,15.27,0.0271488298854319,0.2402349818199237,2400887083.35,3,0,65181274.99999999,1,1,0,0.15432717317128433,0
CUST_27072,12.61,0.2268518518518518,0.3376712756933613,2815831080.0,3,1,638776495.0,0,1,1,0.6090146554590643,1
CUST_01229,8.88,0.4,0.6607214391761732,1042900400.0,2,1,417160160.0,2,1,1,0.7205323487542037,1
CUST_15734,12.21,0.312,0.4484106070572352,1303625500.0,2,1,406731156.0,3,1,1,0.6651803280505877,1
CUST_26250,15.58,0.1336952016792117,0.3658257787101077,1950145530.47,3,0,260725100.0,5,1,0,0.38206831623909576,0
CUST_30875,6.91,0.3205128205128205,0.60241951116014,813462312.0,2,1,260725100.0,2,1,1,0.6126299223450402,1
CUST_28538,10.99,0.1481481481481481,0.2547331324522696,2111873310.0,3,1,312870120.0,3,1,0,0.40412532617722075,0
CUST_02301,6.76,0.1115772560921181,0.3530241414860541,584180659.06,2,1,65181274.99999999,0,1,0,0.4501549179136447,0
CUST_25058,7.88,0.4273504273504273,0.507708949097475,732116080.8,2,1,312870120.0,3,1,1,0.6795464228849448,1
CUST_01246,19.91,0.4102564102564102,0.6347872084278976,1016827890.0,2,0,417160160.0,3,1,1,0.7248494529535072,1
CUST_15917,15.62,0.1656779661016949,0.4206048712817833,3076556180.0,2,0,509717570.4999999,0,1,0,0.41779388111835086,0
CUST_04271,10.99,0.0833333333333333,0.1460637121904904,1407915540.0,2,1,117326295.0,2,1,0,0.34196715666498795,0
CUST_13795,18.79,0.3033333333333333,0.4873080323742901,1173262950.0,2,1,355889761.5,5,1,1,0.6396235306620182,1
CUST_00535,7.29,0.3575,0.6283317802715256,1564350600.0,2,1,559255339.5,2,1,1,0.7562781914269715,1
CUST_28358,17.58,0.1485148514851485,0.2040273072970991,2633323510.0,2,0,391087650.0,3,1,0,0.3822530232278787,0
CUST_31249,19.03,0.125,0.3848295572920669,625740240.0,2,1,78217530.0,1,1,0,0.45565229968133736,0
CUST_18301,19.41,0.525,0.7337176263066677,1042900400.0,2,0,547522710.0,4,1,1,0.8194087007115907,1
CUST_11379,10.99,0.259515570934256,0.3207942498514462,1506991078.0,3,0,391087650.0,5,1,1,0.6107844242634762,1
CUST_12233,13.85,0.375,0.6639641001305856,834320320.0,2,1,312870120.0,2,1,1,0.6608858084534069,1
CUST_00678,18.64,0.3636363636363636,0.5763103698657817,1433988050.0,2,1,521450199.9999999,4,1,1,0.7457686160545836,1
CUST_04411,13.12,0.0742647058823529,0.2273524149018102,886465340.0,3,1,65833087.74999999,3,1,0,0.3900803448005899,0
CUST_20763,14.26,0.1470588235294117,0.3743292364914548,886465340.0,2,0,130362550.0,4,1,0,0.45830223682859683,0
CUST_12163,7.66,0.34,0.4168899787661337,912537850.0,2,1,310262869.0,3,1,1,0.643666543866603,1
CUST_05777,15.95,0.0781385657232158,0.3317301350145267,1801819021.08,2,0,140791554.0,0,1,0,0.2935404781065523,0
CUST_00944,10.25,0.5367647058823529,0.6839650351234703,886465340.0,2,1,475823307.5,4,1,1,0.790958708078001,1
CUST_21347,13.16,0.0780487804878048,0.3047727875314579,1068972910.0,3,1,83432032.0,5,1,0,0.3725110129102746,0
CUST_01121,10.65,0.425,0.5411647888043996,1042900400.0,2,1,443232670.0,3,1,1,0.7427196518902217,1
CUST_06511,14.09,0.1538461538461538,0.2693369650798728,1016827890.0,2,0,156435060.0,5,1,0,0.45962810002309806,0
CUST_15690,7.4,0.3611111111111111,0.5381769876041538,469305180.0,1,1,169471315.0,1,1,1,0.5859051125012196,1
CUST_28652,14.46,0.1666666666666666,0.2943851701223077,1407915540.0,2,1,234652590.0,2,1,0,0.46360904578310563,0
CUST_10748,15.62,0.2205882352941176,0.3440501190113268,1418344544.0,3,1,312870120.0,5,1,1,0.5460459774765818,1
CUST_27735,17.49,0.2267895109851169,0.3903555202469072,1839415580.5,2,1,417160160.0,5,1,1,0.571751535736809,1
CUST_18263,15.65,0.1739130434782608,0.3834348056031758,3598006380.0,2,0,625740240.0,0,1,0,0.4354603648495603,0
CUST_32302,15.65,0.4117647058823529,0.6839386778890134,2216163350.0,2,1,912537850.0,0,1,1,0.8933707734383384,1
CUST_00588,16.0,0.60790273556231,0.7194285703515805,857785579.0,2,1,521450199.9999999,2,1,1,0.8252377339396708,1
CUST_17372,13.99,0.1682009319240822,0.3726535727859859,1147060077.45,2,0,192936574.0,2,1,0,0.4722352474451244,0
CUST_26359,16.89,0.1268115942028985,0.2370703267836651,2878405104.0,2,1,365015140.0,4,1,0,0.31098081000863365,0
CUST_29772,10.99,0.1759259259259259,0.4534659626169832,563166216.0,2,0,99075538.0,3,1,0,0.49107121044645774,0
CUST_30213,7.9,0.1851851851851851,0.4072866081913801,844749324.0,2,1,156435060.0,1,1,0,0.4950841914731313,0
CUST_09218,17.58,0.2314814814814814,0.4342695839485911,563166216.0,2,0,130362550.0,4,1,1,0.5249640518537256,1
CUST_02704,7.88,0.0735380633015648,0.2970117552339734,886361049.9599999,3,1,65181274.99999999,1,1,0,0.38942863602173067,0
CUST_06540,11.36,0.1474926253687315,0.2019787579937631,1060629706.8,2,1,156435060.0,1,1,0,0.45065361095717626,0
CUST_30963,16.45,0.2413418607457463,0.4562791757298092,1080314451.85,2,1,260725100.0,5,1,1,0.5591960567411501,1
CUST_14645,7.49,0.4285714285714285,0.7109366836381615,912537850.0,2,1,391087650.0,4,1,1,0.719455909046114,1
CUST_14711,9.64,0.09,0.3435678385461273,2607251000.0,3,1,234652590.0,2,1,0,0.2429183593397553,0
CUST_20435,9.32,0.2794117647058823,0.5549530810959877,443232670.0,2,1,123844422.5,5,1,1,0.5425889435925245,1
CUST_14740,17.46,0.2475247524752475,0.4926969569930308,2633323510.0,3,1,651812750.0,4,1,1,0.6571207202843067,1
CUST_12648,12.69,0.1,0.1848327470062049,782175300.0,2,1,78217530.0,3,1,0,0.423820521850384,0
CUST_11537,15.58,0.1694915254237288,0.4584471612297611,1538278090.0,2,1,260725100.0,2,1,0,0.4649370844919701,0
CUST_10524,13.11,0.3125,0.5601675909917041,834320320.0,2,0,260725100.0,4,1,1,0.6085323200797461,1
CUST_28706,5.42,0.4,0.5537454054618802,782175300.0,2,1,312870120.0,3,1,1,0.6704735926814074,1
CUST_27555,7.49,0.2536231884057971,0.5306127178184314,3598006380.0,3,1,912537850.0,0,1,1,0.7278867734076688,1
CUST_08603,12.42,0.32,0.5394446373484815,651812750.0,2,1,208580080.0,1,1,1,0.590454059649809,1
CUST_10416,10.99,0.3787878787878788,0.6787079377383567,688314264.0,2,1,260725100.0,5,1,1,0.6368645974532287,1
CUST_15710,13.22,0.4485294117647059,0.5347228097743951,886465340.0,2,0,397605777.5,4,1,1,0.7293975814334877,1
CUST_10388,11.83,0.4,0.5399694833713444,651812750.0,2,1,260725100.0,4,1,1,0.6438101140638373,1
CUST_25358,10.59,0.0868589743589743,0.3710934620602968,2033655780.0,3,1,176641255.25,0,1,0,0.28610877706177185,0
CUST_00005,14.27,0.6433823529411765,0.9306278205773516,1418344544.0,2,0,912537850.0,5,1,1,0.9418502075927997,1
CUST_15605,6.17,0.171875,0.2292254989673351,500592191.9999999,1,1,86039283.0,2,1,0,0.4898656762157817,0
CUST_26143,14.42,0.3783783783783784,0.6385313295047037,964682870.0,2,1,365015140.0,3,1,1,0.6868926979370119,1
CUST_29765,13.47,0.32,0.4968348662438417,977719125.0,0,0,312870120.0,2,1,1,0.6338488110930453,1
CUST_31936,10.38,0.108695652173913,0.3540418714187646,1199335460.0,2,1,130362550.0,2,1,0,0.3951580774597237,0
CUST_10529,13.79,0.3124609423822022,0.3627625712178379,834424610.04,2,0,260725100.0,5,1,1,0.6085117930488818,1
CUST_08121,7.29,0.2417648836506497,0.3915729754354284,1294109033.85,3,1,312870120.0,0,1,1,0.5713482404222197,1
CUST_10083,8.94,0.3392857142857143,0.6152160177194017,730030280.0,2,1,247688845.0,5,1,1,0.6155707448819697,1
CUST_07706,16.49,0.2333333333333333,0.2935289250493197,782175300.0,2,0,182507570.0,3,1,1,0.5362077754956465,1
CUST_00128,11.83,0.5054180818372959,0.7582559129209026,1289650634.64,2,1,651812750.0,0,1,1,0.8532934129413298,1
CUST_29383,17.93,0.1071428571428571,0.3695137507840295,4380181680.0,2,1,469305180.0,1,1,0,0.17020813229334836,0
CUST_22756,16.77,0.0728155339805825,0.2128821570141279,2685468530.0,2,0,195543825.0,0,1,0,0.20246737439496712,0
CUST_09805,11.86,0.2678571428571428,0.3207168387020703,876036336.0,2,1,234652590.0,0,1,1,0.5728849739827905,1
CUST_15719,14.84,0.1213826588319677,0.1922056990141851,3780409659.96,3,1,458876176.0,3,1,0,0.2434560567658301,0
CUST_10089,10.99,0.2794117647058823,0.3843665682021205,886465340.0,2,1,247688845.0,4,1,1,0.5845643497864959,1
CUST_00601,10.99,0.4444444444444444,0.5715895644114447,1173262950.0,2,1,521450199.9999999,5,1,1,0.7844159949311019,1
CUST_29696,10.36,0.2172968274663189,0.4305296630808535,419949918.57,2,1,91253785.0,2,1,1,0.5121715278322867,1
CUST_26561,16.08,0.255591054313099,0.3374076225678296,2448208689.0,3,0,625740240.0,4,1,1,0.6660531739919681,1
CUST_28737,16.77,0.2543046357615894,0.5155719263629658,1968474505.0,2,0,500592191.9999999,2,1,1,0.6327713103219736,1
CUST_15666,15.58,0.2205882352941176,0.3399781496644852,1772930680.0,2,0,391087650.0,5,1,1,0.5574659646222118,1
CUST_12414,17.51,0.2680965147453083,0.4573894174370551,1945009246.0,3,1,521450199.9999999,3,1,1,0.6579002079100896,1
CUST_11930,8.49,0.3793103448275862,0.5281969934160965,756102790.0,2,1,286797610.0,0,1,1,0.6499503783146621,1
CUST_16096,10.65,0.3888888888888889,0.5847638548957554,469305180.0,2,1,182507570.0,2,1,1,0.5995491655797502,1
CUST_10091,10.99,0.2033898305084746,0.2856516609077131,1538278090.0,0,0,312870120.0,5,1,1,0.5213906500664316,1
CUST_29147,9.91,0.5454545454545454,0.7088058566683297,1433988050.0,2,1,782175300.0,3,1,1,0.9008456392132904,1
CUST_32429,13.55,0.1530612244897959,0.3292710250223561,1277552990.0,3,0,195543825.0,5,1,0,0.4482644866013614,0
CUST_05775,15.21,0.0921234454168585,0.1741351563167421,1528292318.67,2,1,140791554.0,5,1,0,0.3424815445640884,0
CUST_18107,8.94,0.0595238095238095,0.3484390923606953,4380181680.0,3,1,260725100.0,2,1,0,0.07666539025299622,0
CUST_10340,12.73,0.4761904761904761,0.6545587395002204,547522710.0,2,0,260725100.0,3,1,1,0.6633161038661023,1
CUST_18348,11.83,0.3636363636363636,0.4685143102852998,1433988050.0,2,1,521450199.9999999,4,1,1,0.7457686160545832,1
CUST_05494,12.84,0.0925925925925925,0.219364737808732,1407915540.0,2,0,130362550.0,2,1,0,0.3547977627476385,0
CUST_18329,11.86,0.4444444444444444,0.64053270267108,1173262950.0,2,1,521450199.9999999,4,1,1,0.7844159949311019,1
CUST_29848,15.62,0.2352941176470588,0.3837849392625196,886465340.0,3,1,208580080.0,4,1,1,0.5428859434573481,1
CUST_23275,13.11,0.1893939393939394,0.3102315121028095,688314264.0,2,0,130362550.0,0,1,0,0.4991346357192556,0
CUST_00916,14.59,0.2508361204013378,0.3910887629810385,623654439.1999999,3,0,156435060.0,5,1,1,0.540662702317152,1
CUST_26216,13.72,0.2086714583816369,0.3778189838405881,2249014712.6,3,0,469305180.0,2,1,1,0.544054459520356,1
CUST_16615,18.43,0.5208333333333334,0.6729499505483257,1251480480.0,2,1,651812750.0,3,1,1,0.8571975396331628,1
CUST_21988,9.99,0.3472222222222222,0.5746710562663139,469305180.0,2,1,162953187.5,1,1,1,0.579031914130176,1
CUST_30738,16.32,0.2333333333333333,0.4068047615661644,938610360.0,2,0,219009084.0,5,1,1,0.5434159085286575,1
CUST_22789,19.29,0.2318181818181818,0.3925181989720513,860392830.0,2,0,199454701.5,1,1,1,0.5384094645498176,1
CUST_03364,13.11,0.3055555555555556,0.602665260881558,938610360.0,2,0,286797610.0,4,1,1,0.614916978596031,1
CUST_16749,17.04,0.267379679144385,0.5031733079049427,1950223748.0,2,0,521450199.9999999,5,1,1,0.6569298761951193,1
CUST_11582,16.4,0.1587301587301587,0.2818910819420049,1642568130.0,2,0,260725100.0,4,1,0,0.44357893513373203,0
CUST_30639,16.07,0.1435185185185185,0.3776629564414245,1407915540.0,3,1,202061952.5,2,1,0,0.42870605899634234,0
CUST_08223,7.9,0.2205882352941176,0.2727829875407067,886465340.0,2,1,195543825.0,3,1,1,0.5288285002175486,1
CUST_17009,12.73,0.3205128205128205,0.6147185821931644,813462312.0,2,0,260725100.0,3,1,1,0.6126299223450407,1
CUST_02353,16.45,0.078125,0.1838894447985209,834320320.0,2,0,65181274.99999999,5,1,0,0.39969956764198294,0
CUST_08564,10.99,0.404040404040404,0.5123687004021098,516235697.9999999,2,1,208580080.0,5,1,1,0.6172424761944849,1
CUST_00525,14.35,0.3428571428571428,0.58421005020584,1642568130.0,2,0,563166216.0,3,1,1,0.7473849598466697,1
CUST_04924,14.61,0.0273313654750191,0.2040476223057881,953940995.88,3,1,26072510.0,3,1,0,0.33735048898598424,0
CUST_00108,12.73,0.5882352941176471,0.8010273165960903,1108081675.0,2,0,651812750.0,2,1,1,0.8710962146555757,1
CUST_00614,13.22,0.4,0.6372853278845263,1303625500.0,2,1,521450199.9999999,3,1,1,0.7656446678807157,1
CUST_29021,14.84,0.1636904761904762,0.4242534502161951,438018168.0,2,0,71699402.5,1,1,0,0.48724797408580395,0
CUST_13207,14.27,0.0957128614157527,0.3882958550062854,3268840941.25,2,1,312870120.0,5,1,0,0.20681630294411624,0
CUST_19218,12.42,0.33,0.5118538896397379,1042900400.0,2,1,344157132.0,0,1,1,0.6526182026497593,1
CUST_07308,12.53,0.3315217391304347,0.5529262919171937,1199335460.0,3,1,397605777.5,0,1,1,0.6754778102506197,1
CUST_08989,11.86,0.1739130434782608,0.4408579074561726,1199335460.0,2,1,208580080.0,2,1,0,0.47837958915153656,0
CUST_28486,10.99,0.1238938053097345,0.3082427257851044,1473096815.0,2,1,182507570.0,2,1,0,0.39513607107891774,0
CUST_26195,14.42,0.2953586497890295,0.5359620876346723,1235836974.0,2,1,365015140.0,0,1,1,0.6368220085254468,1
CUST_17571,10.99,0.1833333333333333,0.4765801482852931,312870120.0,2,1,57359522.0,0,1,0,0.4975512435811407,0
CUST_10291,12.21,0.1666666666666666,0.3927380954312399,1564350600.0,3,1,260725100.0,0,1,0,0.45958236318237566,0
CUST_10289,14.42,0.1231337540403263,0.3256819946155123,2032717169.64,2,1,250296096.0,3,1,0,0.355666979914197,0
CUST_00844,17.39,0.2352941176470588,0.4781890898432901,2216163350.0,2,1,521450199.9999999,5,1,1,0.605853557624953,1
CUST_00014,18.39,0.323594674556213,0.5593770295011558,2820002681.6,2,1,912537850.0,2,1,1,0.8357219235989864,1
CUST_05914,14.59,0.3888888888888889,0.4802761739526002,375444144.0,2,0,146006056.0,4,1,1,0.5800234328295649,1
CUST_23508,7.51,0.1272727272727272,0.2728234455831621,1720785660.0,2,1,219009084.0,3,1,0,0.3841068523822984,0
CUST_30849,11.86,0.4166666666666667,0.5025474653373357,625740240.0,2,1,260725100.0,3,1,1,0.6487346104439711,1
CUST_22145,16.35,0.1101694915254237,0.1841026656131671,1538278090.0,2,1,169471315.0,1,1,0,0.36908313773966617,0
CUST_06327,13.35,0.2043318348998774,0.4406011985966239,765593183.64,2,0,156435060.0,1,1,1,0.5114322864594645,1
CUST_27613,9.99,0.3981481481481481,0.4560059137701616,985540878.0,2,1,392391275.5,5,1,1,0.7082912814761697,1
CUST_12193,7.66,0.4076779344317989,0.6119360193838733,767444331.8499999,2,1,312870120.0,4,1,1,0.6731570664534435,1
CUST_09406,14.65,0.1212121212121212,0.3560549786367737,1720785660.0,2,0,208580080.0,1,1,0,0.37346692213883004,0
CUST_18312,12.42,0.2258064516129032,0.4074701383567458,2424743430.0,2,1,547522710.0,2,1,1,0.5916111325751638,1
CUST_20827,16.0,0.1190532882518215,0.4017411015343614,1094993274.98,2,1,130362550.0,1,1,0,0.41593801511591116,0
CUST_30858,15.31,0.3846153846153846,0.679396639611337,677885260.0,2,1,260725100.0,0,1,1,0.6388550125396807,1
CUST_07392,13.06,0.22,0.3044539392091562,782175300.0,2,1,172078566.0,1,1,1,0.5249456827953651,1
CUST_28268,6.62,0.4381578947368421,0.4882598484797919,495377689.9999999,2,1,217053645.75,4,1,1,0.6299108753480857,1
CUST_01172,12.67,0.3111111111111111,0.4307459567132191,1407915540.0,2,0,438018168.0,5,1,1,0.6761111393536572,1
CUST_23581,14.17,0.2647058823529412,0.3702000925819039,886465340.0,2,0,234652590.0,4,1,1,0.5707752533923,1
CUST_01003,14.74,0.36,0.647353809156002,1303625500.0,2,1,469305180.0,2,1,1,0.7226776256611668,1
CUST_14402,10.99,0.3756443298969072,0.5047855246555544,1011613388.0,2,1,380006833.25,5,1,1,0.6925056684185551,1
CUST_01212,17.14,0.4115384615384615,0.6870846290683461,1016827890.0,2,0,418463785.5,1,1,1,0.7259753545439255,1
CUST_28332,15.7,0.1855072463768116,0.4731218786377979,1799003190.0,2,1,333728128.0,2,1,0,0.49016012928317676,0
CUST_02033,9.91,0.0846023688663282,0.2969992308227127,677989550.04,2,1,57359522.0,3,1,0,0.4227567401059149,0
CUST_08872,17.49,0.2222222222222222,0.3405009342185948,1407915540.0,3,1,312870120.0,2,1,1,0.5481810303215044,1
CUST_10492,8.38,0.3333333333333333,0.5411534263198874,782175300.0,2,1,260725100.0,0,1,1,0.6187463989207395,1
CUST_16432,13.16,0.2059065772443817,0.4984603755630665,886361049.9599999,2,1,182507570.0,4,1,1,0.514746704060188,1
CUST_14314,12.53,0.5178571428571429,0.7342726910364749,730030280.0,2,1,378051395.0,0,1,1,0.73808381758414,1
CUST_06997,19.82,0.3229166666666667,0.5215035749325343,500592191.9999999,2,1,161649562.0,5,1,1,0.5713344982747091,1
CUST_29902,16.7,0.0857142857142857,0.3158747135883816,1460060560.0,2,0,125148048.0,3,1,0,0.33990687689546306,0
CUST_10479,11.14,0.3333333333333333,0.5634678494671805,782175300.0,2,1,260725100.0,4,1,1,0.6187463989207398,1
CUST_22165,15.7,0.1709401709401709,0.4491174042398212,1220193468.0,3,1,208580080.0,5,1,0,0.4740809875416755,0
CUST_07535,16.0,0.2133333333333333,0.3677790000033395,782175300.0,2,1,166864064.0,3,1,1,0.5193043835054533,1
CUST_00368,14.22,0.5,0.7272574554237369,1290589245.0,2,1,645294622.5,0,1,1,0.8496209544073551,1
CUST_05346,16.49,0.1435897435897435,0.2153320897114075,1016827890.0,3,0,146006056.0,3,1,0,0.44841932018179853,0
CUST_13364,10.99,0.1955128205128205,0.2563153031912414,2033655780.0,3,1,397605777.5,0,1,1,0.510930245317735,1
CUST_25809,11.83,0.3076923076923077,0.4327813470127635,2033655780.0,3,1,625740240.0,1,1,1,0.737478271410741,1
CUST_05443,14.74,0.0980392156862745,0.2347390572953469,1329698010.0,2,0,130362550.0,3,1,0,0.36972648117017637,0
CUST_26593,10.99,0.4605747973470891,0.7065290306293642,849129505.68,2,1,391087650.0,2,1,1,0.7299076470229174,1
CUST_03471,15.37,0.5181284862473553,0.6338874547540846,542203917.9599999,2,0,280931295.25,3,1,1,0.6835456224846109,1
CUST_10406,16.63,0.3846153846153846,0.482398677369347,677885260.0,2,0,260725100.0,2,1,1,0.6388550125396807,1
CUST_30980,14.79,0.1087344028520499,0.2323720270852611,1462667811.0,3,0,159042311.0,5,1,0,0.3731094167067947,0
CUST_15374,16.32,0.0448028673835125,0.3059335047268593,581938423.1999999,1,1,26072510.0,5,1,0,0.4090811832035549,0
CUST_15320,16.7,0.2766251728907331,0.3415132750513656,1413781854.75,2,0,391087650.0,2,1,1,0.6289284815872159,1
CUST_26144,7.88,0.3200877955096255,0.5341510325207166,1140359442.38,2,1,365015140.0,5,1,1,0.6548627063546819,1
CUST_12133,16.77,0.1481643020242707,0.3392221171536384,2032456444.54,2,1,301137490.5,3,1,0,0.4076808955441749,0
CUST_18705,11.48,0.4,0.6737317305874231,1042900400.0,2,1,417160160.0,3,1,1,0.7205323487542039,1
CUST_18468,14.96,0.2040816326530612,0.4729256031063006,2555105980.0,2,1,521450199.9999999,1,1,1,0.5373980340330781,1
CUST_03823,17.93,0.125,0.1964968311180567,834320320.0,2,1,104290040.0,1,1,0,0.4409902275377991,0
CUST_03398,13.79,0.3333333333333333,0.4220904904730846,782175300.0,3,1,260725100.0,5,1,1,0.6187463989207399,1
CUST_24212,10.25,0.15625,0.4104870900405395,1668640640.0,3,1,260725100.0,3,1,0,0.43826871288021724,0
CUST_06678,14.84,0.1224489795918367,0.3402805273213172,1277552990.0,2,0,156435060.0,3,1,0,0.40678835913985517,0
CUST_01198,8.9,0.34375,0.5786320807032423,1251480480.0,2,1,430196415.0,5,1,1,0.6966283490200953,1
CUST_18499,13.92,0.1767699115044247,0.3780846343627004,2946193630.0,2,1,520798387.2499999,3,1,0,0.45609299227564376,0
CUST_16111,15.58,0.3858024691358024,0.6539182425046782,675799459.1999999,2,1,260725100.0,0,1,1,0.6392525265015909,1
CUST_00427,10.99,0.3243243243243243,0.5451054697638813,1929365740.0,2,1,625740240.0,3,1,1,0.753816184482824,1
CUST_23585,6.54,0.3103448275862069,0.5177531677304248,756102790.0,2,1,234652590.0,1,1,1,0.5969382734755613,1
CUST_19766,12.67,0.0833333333333333,0.3803622306543885,1095045420.0,2,1,91253785.0,3,1,0,0.37540763019876955,0
CUST_02972,8.49,0.1777777777777777,0.4703817168614119,469305180.0,2,1,83432032.0,0,1,0,0.49350098825956384,0
CUST_21323,7.51,0.0926829268292682,0.3510915716276654,1068972910.0,3,1,99075538.0,5,1,0,0.388497956422578,0
CUST_31835,14.26,0.4108108108108108,0.4738401311635894,964682870.0,2,0,396302152.0,2,1,1,0.715304961089312,1
CUST_32354,10.62,0.0806451612903225,0.2409807656774824,969897372.0,2,1,78217530.0,5,1,0,0.3864616132421953,0
CUST_20124,10.62,0.1454545454545454,0.2509142442686982,716994025.0,2,1,104290040.0,1,1,0,0.46500580155118304,0
CUST_06777,10.38,0.3111111111111111,0.4219179961588458,586631475.0,2,1,182507570.0,3,1,1,0.5760670525886049,1
CUST_04742,8.88,0.1666666666666666,0.2192979609281172,782175300.0,2,1,130362550.0,1,1,0,0.4797580604601057,0
CUST_12324,10.37,0.3157894736842105,0.6119127014732949,990755380.0,2,1,312870120.0,2,1,1,0.6313454643266625,1
CUST_23520,8.88,0.425,0.6381130207084988,521450199.9999999,2,1,221616335.0,5,1,1,0.6295008743621984,1
CUST_16163,13.23,0.3086419753086419,0.4407919706401805,844749324.0,2,0,260725100.0,4,1,1,0.6064777274590373,1
CUST_09188,16.32,0.2670940170940171,0.3556717897349667,488077387.2,2,0,130362550.0,3,1,1,0.5404066329068611,1
CUST_03046,14.59,0.041025641025641,0.2271353222068933,2033655780.0,2,0,83432032.0,1,1,0,0.21106678124546996,0
CUST_04131,16.4,0.1984667029577209,0.4013833140979905,574742410.4399999,2,0,114067231.25,1,1,1,0.5049296879229543,1
CUST_18306,12.69,0.3058282119243876,0.4423993327990336,1790294971.66,2,1,547522710.0,3,1,1,0.7098856046530595,1
CUST_03234,15.62,0.0620567375886524,0.3202647211300718,1470489564.0,2,1,91253785.0,3,1,0,0.30591458947221695,0
CUST_17291,11.14,0.6583333333333333,0.7218222761067369,782175300.0,2,1,514932072.4999999,4,1,1,0.8301166340891932,1
CUST_30729,11.14,0.2654867256637168,0.325634635699057,1473096815.0,3,1,391087650.0,3,1,1,0.6174207921766625,1
CUST_05462,14.59,0.094553706505295,0.3935704865293802,1378714328.8,2,1,130362550.0,5,1,0,0.36033993811874804,0
CUST_00826,14.96,0.267379679144385,0.5045996553915922,1950223748.0,2,0,521450199.9999999,5,1,1,0.6569298761951191,1
CUST_00606,10.65,0.4166666666666667,0.6953002378598024,1251480480.0,2,1,521450199.9999999,4,1,1,0.7732866490051631,1
CUST_11893,15.13,0.2816901408450704,0.3828307510766531,1851148210.0,3,0,521450199.9999999,3,1,1,0.6751346471969535,1
CUST_07076,20.89,0.1296296296296296,0.228020515109412,1407915540.0,2,1,182507570.0,3,1,0,0.40807746141311557,0
CUST_31729,14.22,0.2459357220368548,0.410721246496415,2570827703.53,3,1,632258367.5,5,1,1,0.6496130265595318,1
CUST_32068,10.99,0.078381246382404,0.1796893354486531,3783746941.24,3,1,296574801.25,0,1,0,0.13701478216080967,0
CUST_24301,14.61,0.06,0.1316364037974099,1825075700.0,2,1,109504542.0,2,1,0,0.2624789131260669,0
CUST_00597,16.69,0.5374610340750295,0.736826475392531,970210242.12,2,1,521450199.9999999,3,1,1,0.8114342458120457,1
CUST_18926,14.72,0.1851851851851851,0.2365515261569668,281583108.0,2,0,52145020.0,4,1,0,0.49836135022526873,0
CUST_26762,6.17,0.394570707070707,0.5307170781114031,991172540.16,2,1,391087650.0,2,1,1,0.7061574596455171,1
CUST_13434,11.78,0.082070707070707,0.3733102270705564,2064942792.0,3,0,169471315.0,4,1,0,0.27462204469192486,0
CUST_10436,16.77,0.027492075813442,0.2379679011210217,1612219728.36,3,1,44323267.0,3,1,0,0.24234279047177515,0
CUST_00042,12.69,0.2083333333333333,0.4949267428651481,312870120.0,1,1,65181274.99999999,4,1,1,0.5060295730405507,1
CUST_06950,7.51,0.074074074074074,0.1850755369139769,2111873310.0,2,1,156435060.0,0,1,0,0.2560508495700838,0
CUST_26256,13.87,0.247787610619469,0.5247278255820422,1473096815.0,2,1,365015140.0,1,1,1,0.5903872620420912,1
CUST_23635,14.59,0.2419354838709677,0.4717222922539431,969897372.0,2,0,234652590.0,1,1,1,0.5538110432686945,1
CUST_03168,11.49,0.1166666666666666,0.208570898070118,782175300.0,2,1,91253785.0,5,1,0,0.43767954976877005,0
CUST_25737,14.59,0.2916666666666667,0.49824417590323,1095045420.0,2,1,319388247.5,5,1,1,0.6177686649050075,1
CUST_10114,14.11,0.3347457627118644,0.4370520550052326,1538278090.0,3,0,514932072.4999999,3,1,1,0.7234702728557791,1
CUST_15745,21.74,0.3524774774774775,0.4974580567163321,1157619444.0,2,1,408034781.5,2,1,1,0.6926957850451065,1
CUST_10700,13.23,0.3086419753086419,0.4044697625851953,844749324.0,2,1,260725100.0,5,1,1,0.6064777274590373,1
CUST_17471,15.58,0.0238095238095238,0.1050681382466939,1095045420.0,2,1,26072510.0,4,1,0,0.3118020126555619,0
CUST_11011,10.99,0.0777777777777777,0.2625869783383093,1407915540.0,2,1,109504542.0,5,1,0,0.3343769188136268,0
CUST_09113,12.18,0.345,0.5450498912714896,391087650.0,2,1,134925239.25,3,1,1,0.5651030154331828,1
CUST_30315,9.91,0.248,0.3759881556090475,651812750.0,2,1,161649562.0,0,1,1,0.5404999161976928,1
CUST_16651,14.79,0.1579162486530673,0.2181409470404545,1403378923.26,3,1,221616335.0,1,1,0,0.45051312880975625,0
CUST_31320,17.27,0.208,0.4799420527916384,1955438250.0,3,1,406731156.0,3,1,1,0.5369128237285793,1
CUST_10081,15.33,0.3518518518518518,0.5733044105599868,703957770.0,2,0,247688845.0,3,1,1,0.6206556200198224,1
CUST_18354,14.72,0.3448275862068966,0.4051384382991557,1512205580.0,2,1,521450199.9999999,0,1,1,0.7333224177349765,1
CUST_18849,15.7,0.051510989010989,0.1611120202012015,759231491.1999999,2,0,39108765.0,4,1,0,0.3875256182255529,0
CUST_05032,14.11,0.125012501250125,0.3223760562922427,1042796109.96,2,0,130362550.0,4,1,0,0.4264514327474748,0
CUST_05319,12.21,0.3148148148148148,0.5177682986861425,703957770.0,2,1,221616335.0,2,1,1,0.5937002495773168,1
CUST_00663,7.88,0.3333333333333333,0.5251051959391364,1564350600.0,2,1,521450199.9999999,2,1,1,0.7248127241956718,1
CUST_06942,12.99,0.1351351351351351,0.2340982562892357,1157619444.0,3,1,156435060.0,4,1,0,0.43090351569144597,0
CUST_20299,17.27,0.3,0.3626110915094531,886465340.0,3,0,265939602.0,5,1,1,0.6036443116079401,1
CUST_15943,7.29,0.4166666666666667,0.624081548793522,219009084.0,2,1,91253785.0,2,1,1,0.5534743558084697,1
CUST_17832,11.89,0.3157894736842105,0.4222221831475413,990755380.0,2,1,312870120.0,0,1,1,0.6313454643266626,1
CUST_00953,14.26,0.3967391304347826,0.6842533469528608,1199335460.0,2,1,475823307.5,3,1,1,0.7450173581651354,1
CUST_28536,7.88,0.4333333333333333,0.523554719411459,782175300.0,2,1,338942630.0,3,1,1,0.6949525802634188,1
CUST_17953,15.99,0.4469298245614035,0.6755819438858993,1486133070.0,2,0,664197192.25,1,1,1,0.8391649167749246,1
CUST_19779,10.65,0.0714285714285714,0.2906774983047662,1277552990.0,2,1,91253785.0,1,1,0,0.34076666636022357,0
CUST_30293,13.3,0.2136363636363636,0.2638505101945292,1147190440.0,3,1,245081594.0,3,1,1,0.5286725135350325,1
CUST_32395,15.96,0.1472972972972973,0.3581304929860511,964682870.0,2,1,142095179.5,3,1,0,0.4548897533711872,0
CUST_32341,19.03,0.0258620689655172,0.0854502886902707,1512205580.0,2,0,39108765.0,5,1,0,0.2535338163824897,0
CUST_10223,7.51,0.1959183673469387,0.4278392761826997,1277552990.0,2,1,250296096.0,2,1,1,0.5074286029994604,1
CUST_26756,13.06,0.3989361702127659,0.5556943787456374,980326376.0,2,0,391087650.0,5,1,1,0.7080135006694631,1
CUST_22846,12.84,0.6153846153846154,0.8432584074254507,338942630.0,2,1,208580080.0,4,1,1,0.6512060291781103,1
CUST_09189,8.49,0.2612330198537095,0.5408498850756341,499027841.4,2,1,130362550.0,4,1,1,0.5381587065955229,1
CUST_00782,12.53,0.273972602739726,0.4087751520959886,1903293230.0,2,1,521450199.9999999,0,1,1,0.6656148434296106,1
CUST_18067,15.95,0.3472222222222222,0.6240650783975408,1877220720.0,2,0,651812750.0,3,1,1,0.7816319918316187,1
CUST_01741,7.29,0.0716981132075471,0.2183494802505305,690921515.0,2,1,49537769.0,3,1,0,0.41191217203852637,0
CUST_18307,10.99,0.2947368421052631,0.4662237436906056,1857666337.5,2,0,547522710.0,0,1,1,0.6982892093980168,1
CUST_18277,6.54,0.4604890292284025,0.6891989675833813,1288086284.04,2,1,593149602.5,5,1,1,0.818705573635757,1
CUST_22853,10.25,0.4444444444444444,0.5137043471872816,469305180.0,2,1,208580080.0,0,1,1,0.6263607058845533,1
CUST_25331,15.33,0.12,0.3341155516413867,651812750.0,2,1,78217530.0,4,1,0,0.45031451555487106,0
CUST_20768,10.25,0.1468860164512338,0.2209260757303565,887508240.4,2,1,130362550.0,5,1,0,0.4580883244576539,0
CUST_02202,10.99,0.3828571428571428,0.4632622008725405,912537850.0,2,1,349371634.0,5,1,1,0.6815462069305739,1
CUST_20996,14.11,0.3864338970721949,0.6431706102255549,573490929.9599999,2,0,221616335.0,3,1,1,0.6194180011077253,1
CUST_14649,10.25,0.500400320256205,0.7435450028833438,781549559.76,2,1,391087650.0,0,1,1,0.7407730712008354,1
CUST_04614,10.99,0.1089324618736383,0.3894119675841208,2393456418.0,2,1,260725100.0,5,1,0,0.30005118157132044,0
CUST_21863,12.53,0.2727272727272727,0.444816546368556,1147190440.0,3,0,312870120.0,2,1,1,0.6007862565429194,1
CUST_03056,10.99,0.1805555555555555,0.2855727705007383,469305180.0,2,0,84735657.5,0,1,0,0.49491390454949574,0
CUST_29251,5.42,0.177430801987225,0.288083348507163,440833999.08,3,1,78217530.0,5,1,0,0.4937294420407313,0
CUST_23841,12.73,0.14,0.4257462778781901,1564350600.0,3,1,219009084.0,1,1,0,0.41510477917760513,0
CUST_19909,9.33,0.3278688524590163,0.5683284331208045,795211555.0,3,1,260725100.0,1,1,1,0.6162023188141813,1
CUST_00664,10.99,0.3333333333333333,0.4479524685669904,1564350600.0,2,1,521450199.9999999,2,1,1,0.7248127241956719,1
CUST_23231,18.72,0.4444444444444444,0.5027500035008926,1407915540.0,3,1,625740240.0,1,1,1,0.8249002422208815,1
CUST_21295,5.99,0.3646005966191581,0.4561846186566221,393303813.35,2,1,143398805.0,4,1,1,0.5736621631011849,1
CUST_10505,19.42,0.3225806451612903,0.4868049666994071,808247810.0,2,0,260725100.0,4,1,1,0.613651862421458,1
CUST_13492,18.62,0.332800851970181,0.5864911193329704,979283475.6,2,1,325906375.0,3,1,1,0.6465699701612772,1
CUST_05676,10.99,0.062379140415445,0.1204626585155829,2089842039.05,2,1,130362550.0,5,1,0,0.23840530355515277,0
CUST_20486,16.89,0.1785714285714285,0.4221973399499674,894287093.0,3,1,159694123.75,5,1,0,0.48838652189874865,0
CUST_29982,10.99,0.1470588235294117,0.2441608139257881,886465340.0,2,1,130362550.0,2,1,0,0.45830223682859667,0
CUST_02476,10.99,0.2272727272727272,0.496901684604046,344157132.0,2,1,78217530.0,3,1,1,0.5136949601020414,1
CUST_24973,9.99,0.3816666666666666,0.5409838003039817,782175300.0,2,1,298530239.5,5,1,1,0.6565937009057189,1
CUST_01349,12.84,0.6538461538461539,0.8665624253317494,677885260.0,3,0,443232670.0,4,1,1,0.796042004366028,1
CUST_27169,18.67,0.1168141592920354,0.16986854456769,2946193630.0,3,1,344157132.0,0,1,0,0.2804994541384325,0
CUST_13348,15.31,0.25,0.3921789523081175,2033655780.0,3,1,508413944.9999999,3,1,1,0.6281256716870061,1
CUST_28293,20.11,0.2042682926829268,0.2853333888268652,2137945820.0,2,1,436714542.5,4,1,1,0.5317406270051653,1
CUST_29126,11.99,0.4375,0.5546059711732125,2085800800.0,2,1,912537850.0,1,1,1,0.9032049102423949,1
CUST_03688,11.12,0.2546473134708429,0.3131798101932226,409546987.08,2,1,104290040.0,1,1,1,0.5284231230948121,1
CUST_25868,16.0,0.193596425912137,0.4326337492182382,1750769046.5,3,0,338942630.0,5,1,1,0.5057741242515089,1
CUST_03649,10.59,0.03125,0.1842537109404051,834320320.0,3,1,26072510.0,2,1,0,0.35978673521446236,0
CUST_19077,7.88,0.458295142071494,0.7103511081677402,796463035.4799999,2,1,365015140.0,0,1,1,0.7159825275274526,1
CUST_25641,8.94,0.0657894736842105,0.1716691730779314,1981510760.0,3,1,130362550.0,1,1,0,0.2550350754423229,0
CUST_00679,12.18,0.3278688524590163,0.3962853731801799,1590423110.0,2,1,521450199.9999999,1,1,1,0.7204952659363549,1
CUST_15126,18.64,0.088235294117647,0.2074106321403505,443232670.0,2,1,39108765.0,3,1,0,0.45099823714076914,0
CUST_31373,5.42,0.0897435897435897,0.183246354626236,2033655780.0,3,1,182507570.0,3,1,0,0.29133221500289375,0
CUST_22470,15.58,0.4030612244897959,0.497431264215007,1277552990.0,3,0,514932072.4999999,1,1,1,0.7644366708562805,1
CUST_27996,12.84,0.1904761904761904,0.3417083641539017,821284065.0,2,1,156435060.0,3,1,0,0.49993094401439037,0
CUST_01107,13.16,0.2208835341365461,0.4372730969456239,649205499.0,3,1,143398805.0,5,1,1,0.521330933493116,1
CUST_00040,10.99,0.4195804195804196,0.5729974884544222,1864184465.0,2,1,782175300.0,3,1,1,0.8642698062582234,1
CUST_13352,11.48,0.0384615384615384,0.1918191636719093,2033655780.0,3,1,78217530.0,3,1,0,0.20732646038548916,0
CUST_23247,10.99,0.2083333333333333,0.3198323191061561,625740240.0,2,0,130362550.0,5,1,1,0.5120573926588372,1
CUST_00051,10.99,0.3846153846153846,0.5398211415255669,2033655780.0,2,0,782175300.0,3,1,1,0.8469910975712803,1
CUST_28852,12.18,0.0619318181818181,0.1865985977254648,1147190440.0,2,1,71047589.75,5,1,0,0.3452955808100211,0
CUST_21969,7.51,0.24,0.3505372032650048,1173262950.0,3,1,281583108.0,1,1,1,0.5625560439580567,1
CUST_20314,17.93,0.0416666666666666,0.25189086244708,2502960960.0,2,0,104290040.0,3,1,0,0.1657819941946785,0
CUST_14084,14.83,0.2840909090909091,0.403385607874724,2294380880.0,3,1,651812750.0,0,1,1,0.7171834189727251,1
CUST_08904,9.91,0.1951219512195122,0.3630021272642368,1068972910.0,2,1,208580080.0,3,1,1,0.5052931841991362,1
CUST_03899,10.99,0.1176470588235294,0.2632033275709621,886465340.0,2,1,104290040.0,1,1,0,0.4303979060862536,0
CUST_11749,18.43,0.1351351351351351,0.3113942113794108,1929365740.0,2,0,260725100.0,4,1,0,0.3861298668629073,0
CUST_32488,10.99,0.1025641025641025,0.2665293050636667,2033655780.0,3,1,208580080.0,3,1,0,0.3152098035303135,0
CUST_03483,10.99,0.1981481481481481,0.2594277170192841,1407915540.0,2,0,278975857.0,1,1,1,0.5115881427714817,1
CUST_04790,11.49,0.1666666666666666,0.4541471037060599,938610360.0,3,1,156435060.0,1,1,0,0.4757155116553854,0
CUST_03685,10.08,0.2666666666666666,0.5661805319275826,391087650.0,2,1,104290040.0,2,1,1,0.5322219845472107,1
CUST_02198,10.65,0.385,0.5755078166082308,912537850.0,2,1,351327072.25,3,1,1,0.6833835803003971,1
CUST_32117,14.12,0.125,0.1999669411036559,625740240.0,2,1,78217530.0,4,1,0,0.4556522996813371,0
CUST_29399,11.49,0.4444444444444444,0.604174925511381,938610360.0,2,1,417160160.0,0,1,1,0.7375495692806772,1
CUST_17042,9.63,0.3125,0.3637146232239532,1251480480.0,2,1,391087650.0,4,1,1,0.6596467917848261,1
CUST_00163,11.11,0.4166666666666667,0.6955493011069608,1564350600.0,2,1,651812750.0,0,1,1,0.8225476362067904,1
CUST_24331,11.71,0.1818181818181818,0.4014005454844249,1720785660.0,3,1,312870120.0,1,1,0,0.4837112842501976,0
CUST_16376,15.23,0.0937453127343632,0.2539686230324068,2085905090.04,3,1,195543825.0,0,1,0,0.2940970093268892,0
CUST_12187,14.27,0.4285714285714285,0.4836322627466731,730030280.0,2,0,312870120.0,2,1,1,0.6799215878689443,1
CUST_31604,10.99,0.5,0.686793478845841,782175300.0,2,1,391087650.0,0,1,1,0.7406737794613513,1
CUST_02954,18.62,0.3448275862068966,0.5775692338387887,756102790.0,1,0,260725100.0,5,1,1,0.6238149391296565,1
CUST_27087,11.48,0.1388888888888889,0.3705472473029306,281583108.0,2,1,39108765.0,0,1,0,0.4842355022823671,0
CUST_10731,11.71,0.225,0.5038952355332982,1668640640.0,3,1,375444144.0,3,1,1,0.561985060534066,1
CUST_08123,14.96,0.0986301369863013,0.343426781072823,1903293230.0,2,1,187722072.0,0,1,0,0.3189494822385639,0
CUST_15895,9.25,0.1050420168067226,0.2284923038676329,6205257380.0,3,1,651812750.0,2,1,0,0.09106161853484085,0
CUST_09055,15.58,0.1538461538461538,0.2960683349257261,1355770520.0,2,1,208580080.0,4,1,0,0.44626171944898685,0
CUST_01200,12.8,0.2946428571428571,0.4766789972238035,1460060560.0,2,0,430196415.0,1,1,1,0.6590264624655001,1
CUST_01701,12.18,0.1,0.3006443653701774,469305180.0,2,1,46930518.0,5,1,0,0.4540635321431319,0
CUST_24879,8.59,0.3142857142857143,0.4390565523772373,912537850.0,2,1,286797610.0,5,1,1,0.6200051630578569,1
CUST_19128,8.49,0.1052631578947368,0.2153623993747283,594453228.0,2,1,62574023.99999999,1,1,0,0.4452609967861435,0
CUST_18519,14.83,0.3689320388349514,0.4961719732498342,1342734265.0,2,0,495377689.9999999,2,1,1,0.7385640319806336,1
CUST_18164,7.74,0.4102564102564102,0.5762512778444232,406731156.0,1,1,166864064.0,2,1,1,0.595670671958359,1
CUST_10652,15.65,0.3256056264652253,0.4691126640116138,800738927.12,2,0,260725100.0,3,1,1,0.6151216967397248,1
CUST_25790,17.56,0.3016591251885369,0.4047760342211363,1728607413.0,3,1,521450199.9999999,5,1,1,0.6969356525107421,1
CUST_29314,11.11,0.3091190108191654,0.4389708833449341,1686891397.0,2,1,521450199.9999999,3,1,1,0.7041658374200708,1
CUST_27361,13.85,0.1219512195121951,0.3412387512384413,3206918730.0,3,0,391087650.0,3,1,0,0.2780978892384666,0
CUST_08837,16.89,0.1851851851851851,0.4263988498647092,1407915540.0,3,0,260725100.0,3,1,0,0.4918074550645911,0
CUST_25913,18.3,0.3602941176470588,0.5377798827722626,1772930680.0,3,0,638776495.0,5,1,1,0.7866493114866094,1
CUST_19605,11.11,0.0428571428571428,0.1926255251810316,1825075700.0,2,1,78217530.0,3,1,0,0.2370751790030168,0
CUST_11413,14.22,0.0583507169844349,0.2950416163003407,1787296633.01,3,0,104290040.0,2,1,0,0.26414798509178994,0
CUST_18723,13.24,0.3636363636363636,0.6322138010863831,1147190440.0,2,0,417160160.0,2,1,1,0.7028562702345655,1
CUST_03102,12.21,0.0296296296296296,0.0955221343105199,2991820522.5,2,1,88646534.0,5,1,0,0.11031186461288475,0
CUST_10399,10.99,0.0408496732026143,0.3404043245268838,1595637612.0,3,1,65181274.99999999,2,1,0,0.26197310964746195,0
CUST_05019,12.23,0.1282051282051282,0.3089549692614411,1016827890.0,2,0,130362550.0,5,1,0,0.4317073778814555,0
CUST_00436,7.49,0.1944444444444444,0.3151434398018231,469305180.0,1,1,91253785.0,1,1,1,0.5019792532275972,1
CUST_05667,9.63,0.2318528173250451,0.4033982974885902,1040188858.96,3,1,241170717.5,5,1,1,0.5464324274523295,1
CUST_20404,12.61,0.0911632429804302,0.348818366368697,1286991238.62,2,1,117326295.0,1,1,0,0.3647910783005671,0
CUST_01639,10.83,0.3214285714285714,0.5287701202796872,730030280.0,0,1,234652590.0,2,1,1,0.6021103005353856,1
CUST_17456,8.49,0.1794258373205741,0.3029681193237759,2179661836.0,2,1,391087650.0,0,1,0,0.47373210218400896,0
CUST_01571,9.91,0.0464338781575037,0.2724470327766815,842246363.04,2,1,39108765.0,5,1,0,0.3713769208190417,0
CUST_16208,15.05,0.4166666666666667,0.5060965537661921,938610360.0,2,0,391087650.0,3,1,1,0.7150874432000104,1
CUST_09167,10.75,0.3205128205128205,0.4838258126429872,406731156.0,2,1,130362550.0,5,1,1,0.5570480652251565,1
CUST_31187,7.49,0.375,0.6482450430389208,834320320.0,2,1,312870120.0,4,1,1,0.6608858084534066,1
CUST_19901,7.75,0.45,0.6594395679257817,625740240.0,2,1,281583108.0,3,1,1,0.6690564280236591,1
CUST_30765,17.74,0.3741496598639456,0.5711277336945368,1533063588.0,3,1,573595220.0,3,1,1,0.7721354712611337,1
CUST_17867,10.59,0.419753086419753,0.5880634130589436,2111873310.0,2,1,886465340.0,3,1,1,0.8907828717684989,1
CUST_16184,14.91,0.238095238095238,0.306107825212325,1095045420.0,2,1,260725100.0,4,1,1,0.5561937975016706,1
CUST_31180,11.11,0.4,0.5765846090800101,782175300.0,2,1,312870120.0,3,1,1,0.6704735926814077,1
CUST_26673,10.59,0.0808673469387755,0.140327722392255,2555105980.0,3,1,206624641.75,1,1,0,0.22878416674081273,0
CUST_26562,10.99,0.0894340104765555,0.1517273544903034,2448834429.24,3,1,219009084.0,3,1,0,0.25470261358991036,0
CUST_29978,8.49,0.1470588235294117,0.3768015322950717,886465340.0,2,1,130362550.0,0,1,0,0.45830223682859644,0
CUST_14803,13.48,0.3333333333333333,0.3953934151872043,1173262950.0,2,1,391087650.0,5,1,1,0.6740029336091703,1
CUST_31030,13.49,0.1403508771929824,0.3529855726379524,1783359684.0,3,1,250296096.0,4,1,0,0.40415193323845244,0
CUST_20388,13.49,0.1153846153846153,0.3532882027506915,1016827890.0,2,1,117326295.0,2,1,0,0.4178969193804386,0
CUST_30820,10.99,0.254220052877771,0.4426295084560913,1538382380.04,3,0,391087650.0,0,1,1,0.6046012365294843,1
CUST_20772,8.9,0.1428571428571428,0.4149851534538565,912537850.0,2,1,130362550.0,1,1,0,0.45295924101932483,0
CUST_01445,14.91,0.0769230769230769,0.3210072916132737,406731156.0,2,1,31287012.0,4,1,0,0.45006842608628755,0
CUST_19206,10.99,0.4143258426966292,0.5299530449886436,835363220.4,2,1,346112570.25,2,1,1,0.692220174265188,1
CUST_16412,19.16,0.2758620689655172,0.3363572912422412,907323348.0,2,0,250296096.0,4,1,1,0.5831238765563862,1
CUST_32335,17.49,0.0333333333333333,0.1359900243824484,782175300.0,2,0,26072510.0,3,1,0,0.3697693942909252,0
CUST_28724,16.29,0.0923076923076923,0.2779178741349662,1016827890.0,2,1,93861036.0,5,1,0,0.39337285410436784,0
CUST_26389,10.37,0.4058908045977011,0.5982516369896475,907323348.0,2,1,368274203.75,1,1,1,0.699970046300083,1
CUST_23937,17.58,0.3333333333333333,0.4849906638038427,782175300.0,2,1,260725100.0,5,1,1,0.6187463989207401,1
CUST_25053,13.22,0.4573693638754431,0.5704261047349456,684064444.87,2,1,312870120.0,4,1,1,0.6881296515959131,1
CUST_04979,10.99,0.2702702702702703,0.5554471540437775,964682870.0,3,1,260725100.0,1,1,1,0.5825956437100799,1
CUST_00483,11.99,0.3538461538461538,0.5935210040016176,1694713150.0,2,1,599667730.0,1,1,1,0.7685066311820216,1
CUST_18731,10.99,0.1970055161544523,0.3684232302127183,661720303.8,3,1,130362550.0,3,1,1,0.5046276684414074,1
CUST_03128,5.42,0.1954050213169114,0.3145201637315273,770546960.54,3,1,150568745.25,3,1,1,0.5040519728405014,1
CUST_22655,10.01,0.2205882352941176,0.50360539090329,886465340.0,2,1,195543825.0,2,1,1,0.5288285002175487,1
CUST_20350,15.05,0.375,0.5346069322124074,312870120.0,2,1,117326295.0,2,1,1,0.5622298039158862,1
CUST_25978,15.33,0.35650623885918,0.5752342284252184,1828334763.75,3,0,651812750.0,5,1,1,0.7884475963683975,1
CUST_01903,12.53,0.0625,0.1972400215843358,834320320.0,2,1,52145020.0,2,1,0,0.38621716966178316,0
CUST_18225,14.59,0.189453125,0.4147248284673214,3337281280.0,2,1,632258367.5,3,1,0,0.4960184814708787,0
CUST_29264,14.09,0.3296703296703296,0.4287535323826049,1898078728.0,2,1,625740240.0,1,1,1,0.7585818604901333,1
CUST_29521,16.89,0.0606060606060606,0.1485734188064275,860392830.0,2,1,52145020.0,4,1,0,0.38112328756514874,0
CUST_28910,14.72,0.1440922190201729,0.3577872566464734,434263726.56,3,0,62574023.99999999,2,1,0,0.4781429040917262,0
CUST_20084,12.84,0.2222222222222222,0.4294807697958503,469305180.0,2,1,104290040.0,2,1,1,0.5161047596904741,1
CUST_13191,9.91,0.1794871794871795,0.42584749962755,2033655780.0,3,1,365015140.0,2,1,0,0.4756236550289944,0
CUST_18081,12.87,0.3125,0.4430371179241042,2085800800.0,2,1,651812750.0,5,1,1,0.7507970347921097,1
CUST_18537,12.99,0.3083333333333333,0.5231836163537533,1564350600.0,2,1,482341435.0,5,1,1,0.6897366947814583,1
CUST_24204,13.16,0.2564102564102564,0.5167591116214566,1016827890.0,2,1,260725100.0,5,1,1,0.5720828650795111,1
CUST_17584,12.23,0.3333333333333333,0.4783650961204973,281583108.0,2,0,93861036.0,5,1,1,0.5434707362585609,1
CUST_12515,15.65,0.2857142857142857,0.5131692289462833,1095045420.0,2,0,312870120.0,5,1,1,0.6110732717453482,1
CUST_29550,18.79,0.075,0.3560621968252677,834320320.0,2,1,62574023.99999999,5,1,0,0.3969901836775726,0
CUST_30348,7.66,0.4826388888888889,0.5456815138683697,375444144.0,2,1,181203944.5,0,1,1,0.6166811889591447,1
CUST_09061,10.99,0.1851851851851851,0.4082200853926371,1407915540.0,3,1,260725100.0,5,1,0,0.4918074550645908,0
CUST_00949,14.61,0.4932965726024435,0.6976952640220951,964578579.96,2,0,475823307.5,0,1,1,0.7800872080173832,1
CUST_22303,7.14,0.1666666666666666,0.2494104008945445,1251480480.0,3,1,208580080.0,5,1,0,0.4676404795149561,0
CUST_10750,5.42,0.2265625,0.4858229575825543,1668640640.0,3,1,378051395.0,0,1,1,0.5647658611798768,1
CUST_00737,13.16,0.2857142857142857,0.3827312580651756,1825075700.0,2,1,521450199.9999999,3,1,1,0.6798414303903453,1
CUST_03916,12.99,0.1111111111111111,0.2039882698299163,938610360.0,2,1,104290040.0,1,1,0,0.41986891159241174,0
CUST_14890,19.69,0.2242990654205607,0.3326935750542705,2789758570.0,3,0,625740240.0,1,1,1,0.6006537488898368,1
CUST_25904,10.0,0.1736111111111111,0.3506720310741591,375444144.0,2,1,65181274.99999999,0,1,0,0.4931052065806875,0
CUST_09705,14.27,0.4722222222222222,0.5783294960156578,469305180.0,2,1,221616335.0,3,1,1,0.6394919647685133,1
CUST_10446,11.99,0.3333333333333333,0.4994631082177038,782175300.0,2,1,260725100.0,4,1,1,0.6187463989207398,1
CUST_29488,10.65,0.1666666666666666,0.4565929391830874,312870120.0,2,1,52145020.0,4,1,0,0.4918995052699712,0
CUST_15001,16.0,0.3260869565217391,0.5481110481854596,1199335460.0,2,1,391087650.0,5,1,1,0.6692520752199947,1
CUST_20527,16.45,0.0857142857142857,0.3614769432297586,1460060560.0,2,1,125148048.0,3,1,0,0.33990687689546306,0
CUST_11499,14.65,0.0652173913043478,0.2906184164680878,1799003190.0,3,0,117326295.0,2,1,0,0.27335483967635876,0
CUST_03057,13.22,0.1805555555555555,0.4406273656662627,469305180.0,2,1,84735657.5,4,1,0,0.49491390454949596,0
CUST_16621,16.32,0.1333333333333333,0.2143297101288194,782175300.0,3,1,104290040.0,5,1,0,0.45163653681046856,0
CUST_06340,14.79,0.2,0.3378078306441425,782175300.0,2,1,156435060.0,2,1,1,0.5080084439754033,1
CUST_00227,14.72,0.4340277777777778,0.5319607088518361,375444144.0,1,1,162953187.5,4,1,1,0.5978106687061812,1
CUST_31082,11.14,0.2046035805626598,0.4891759458117195,1529152711.5,3,1,312870120.0,5,1,1,0.523271797740537,1
CUST_08729,10.99,0.2666666666666666,0.5296573885971447,782175300.0,2,1,208580080.0,1,1,1,0.5641774385777751,1
CUST_05713,17.19,0.1733333333333333,0.4314704931231612,782175300.0,2,1,135577052.0,3,1,0,0.48540356725862327,0
CUST_04235,17.27,0.125,0.3422899251222913,938610360.0,2,1,117326295.0,4,1,0,0.43369598503778173,0
CUST_16953,11.71,0.3157894736842105,0.5793830077003915,990755380.0,2,1,312870120.0,0,1,1,0.6313454643266626,1
CUST_31058,15.99,0.1666666666666666,0.3756599336990075,1564350600.0,2,0,260725100.0,4,1,0,0.4595823631823759,0
CUST_07739,12.42,0.2469135802469135,0.505755518045865,1267123986.0,3,1,312870120.0,2,1,1,0.5767997917198119,1
CUST_00414,10.99,0.4,0.651182027361837,1564350600.0,2,1,625740240.0,0,1,1,0.8054411804685725,1
CUST_18529,7.9,0.4482142857142857,0.5196394474085341,1095045420.0,2,1,490815000.7499999,0,1,1,0.7726582180969234,1
CUST_18361,10.51,0.3333333333333333,0.5078349710714833,1564350600.0,2,1,521450199.9999999,4,1,1,0.7248127241956719,1
CUST_31906,15.65,0.0483247422680412,0.1735120447637683,8092907103.999999,3,0,391087650.0,3,1,0,0.006753924877721025,0
CUST_24178,12.23,0.259949569783462,0.4531581913517624,1002983387.19,2,0,260725100.0,1,1,1,0.5748807702117554,1
CUST_27895,9.91,0.3055555555555556,0.5101395336702413,187722072.0,2,1,57359522.0,4,1,1,0.5233843436600266,1
CUST_24763,15.07,0.1278772378516624,0.2862900006457278,1529152711.5,3,0,195543825.0,5,1,0,0.39757873565014556,0
CUST_01805,11.71,0.3762999452654625,0.4763525245872819,762151612.3199999,3,1,286797610.0,0,1,1,0.648812475947396,1
CUST_26437,7.29,0.32,0.5224666080573894,1173262950.0,2,1,375444144.0,0,1,1,0.6589271632349981,1
CUST_18202,14.72,0.1440922190201729,0.2257121108854221,434263726.56,3,1,62574023.99999999,5,1,0,0.4781429040917262,0
CUST_15519,12.23,0.0919092304440134,0.1472721087316399,2836767305.53,3,1,260725100.0,5,1,0,0.22911240719668835,0
CUST_02009,6.92,0.3783783783783784,0.5633391190945786,964682870.0,2,1,365015140.0,0,1,1,0.6868926979370115,1
CUST_17763,13.43,0.4354838709677419,0.5242162159399535,808247810.0,2,0,351978885.0,4,1,1,0.7023176515449738,1
CUST_16733,10.99,0.2688172043010752,0.4896230400458418,969897372.0,2,1,260725100.0,5,1,1,0.581547572895113,1
CUST_12826,11.49,0.0833333333333333,0.3253585100467696,938610360.0,2,1,78217530.0,5,1,0,0.39260862635444954,0
CUST_00352,7.9,0.375,0.5738163814938665,417160160.0,1,1,156435060.0,5,1,1,0.5826404240789496,1
CUST_29043,13.99,0.324,0.5364190676942991,1303625500.0,2,0,422374662.0,1,1,1,0.6801138828618918,1
CUST_08432,16.89,0.0943396226415094,0.3557925691801687,2072764545.0,2,1,195543825.0,4,1,0,0.2963560100341639,0
CUST_18729,16.32,0.3137254901960784,0.4820474762588319,1329698010.0,2,0,417160160.0,2,1,1,0.6704329056881788,1
CUST_01668,15.21,0.0581597222222222,0.2668313499997219,750888288.0,2,0,43671454.25,0,1,0,0.3938760405495605,0
CUST_15921,15.37,0.4338227177392648,0.6397039034506496,1180954340.45,2,0,512324821.4999999,3,1,1,0.7765488979304326,1
CUST_22602,10.37,0.3409710856519367,0.4206645220946794,573490929.9599999,2,1,195543825.0,5,1,1,0.5924324376138492,1
CUST_30942,16.0,0.25,0.4675952006848075,1042900400.0,2,1,260725100.0,0,1,1,0.5668013416144718,1
CUST_27920,11.71,0.0694444444444444,0.1360198188931329,563166216.0,2,1,39108765.0,3,1,0,0.42660149805075703,0
CUST_31982,13.85,0.1346153846153846,0.1870681704195194,1355770520.0,2,0,182507570.0,2,1,0,0.41852408488806003,0
CUST_00531,11.99,0.15625,0.2755306148344261,500592191.9999999,1,1,78217530.0,2,1,0,0.4813942416637797,0
CUST_08585,7.49,0.2716981132075471,0.3890004216834812,1381843030.0,3,1,375444144.0,0,1,1,0.6192066775096309,1
CUST_17921,10.75,0.1666666666666666,0.4516020868201501,312870120.0,1,1,52145020.0,5,1,0,0.4918995052699712,0
CUST_03639,18.25,0.1117647058823529,0.2457248372321533,886465340.0,2,0,99075538.0,5,1,0,0.4248639545986387,0
CUST_18799,11.71,0.06,0.1976411318288106,521450199.9999999,2,1,31287012.0,3,1,0,0.42673661700535837,0
CUST_24990,10.36,0.3833333333333333,0.6383701713606393,782175300.0,2,1,299833865.0,4,1,1,0.6578670708070475,1
CUST_21264,9.91,0.3499348958333333,0.6052919458465317,400473753.6,2,1,140139741.25,0,1,1,0.568750124500466,1
CUST_15938,15.23,0.3333333333333333,0.5119839162457791,234652590.0,2,1,78217530.0,1,1,1,0.5362535710939208,1
CUST_29449,13.72,0.0483933410762679,0.1052218395755964,808143519.9599999,2,0,39108765.0,5,1,0,0.37797843377810103,0
CUST_17440,9.88,0.3783783783783784,0.5231774470269384,964682870.0,2,1,365015140.0,0,1,1,0.6868926979370116,1
CUST_15697,14.59,0.1695804195804195,0.3609171933767513,3728368930.0,3,0,632258367.5,3,1,0,0.4160393370347856,0
CUST_00668,15.65,0.3703703703703703,0.6362725275432084,1407915540.0,2,0,521450199.9999999,0,1,1,0.74983123283906,1
CUST_18819,10.99,0.0868055555555555,0.3245784501672142,375444144.0,2,1,32590637.5,2,1,0,0.45787717694921704,0
CUST_01242,12.09,0.48,0.6232221888405213,651812750.0,3,1,312870120.0,4,1,1,0.6938194813404486,1
CUST_21445,14.11,0.0934730056406124,0.2719243839325151,1617799245.5,2,0,151220558.0,5,1,0,0.3360406639284805,0
CUST_25732,13.85,0.3888888888888889,0.5380632019642394,821284065.0,2,1,319388247.5,5,1,1,0.669578040597711,1
CUST_12747,13.49,0.0821917808219178,0.3639934451223329,1903293230.0,3,0,156435060.0,1,1,0,0.2902310799457965,0
CUST_13916,13.48,0.2093023255813953,0.4197718249022503,2242235860.0,3,1,469305180.0,2,1,1,0.5454434617253875,1
CUST_30789,12.84,0.2090719025543132,0.4808528956550954,1147294730.04,2,1,239867092.0,0,1,1,0.5230137632047901,1
CUST_00524,21.21,0.3857142857142857,0.6818089201468965,1460060560.0,2,0,563166216.0,5,1,1,0.7747808747398406,1
CUST_20616,12.68,0.3916706030546371,0.6011808691333115,662346044.04,2,0,259421474.5,2,1,1,0.6405114168838875,1
CUST_00220,10.62,0.3205128205128205,0.4609485242215542,2033655780.0,2,1,651812750.0,4,1,1,0.758770632652515,1
CUST_32253,10.83,0.4044444444444444,0.6890866974426502,1173262950.0,2,1,474519682.0,5,1,1,0.7480240427375915,1
CUST_01840,16.0,0.1785714285714285,0.3649822517897977,2190090840.0,2,0,391087650.0,3,1,0,0.4715843645249229,0
CUST_32109,14.09,0.3296703296703296,0.5795816110121526,1898078728.0,2,1,625740240.0,1,1,1,0.7585818604901333,1
CUST_05591,16.08,0.6410256410256411,0.7711576631938709,1016827890.0,1,1,651812750.0,2,1,1,0.8793280735734275,1
CUST_18768,14.74,0.1538224888478695,0.382432425953605,677989550.04,3,0,104290040.0,3,1,0,0.4730313363329496,0
CUST_27212,6.54,0.131578947368421,0.4314076771592791,2972266140.0,3,1,391087650.0,1,1,0,0.31863759481875054,0
CUST_11934,14.27,0.1388888888888889,0.3899394152009026,1877220720.0,3,1,260725100.0,3,1,0,0.3963908927016493,0
CUST_18693,13.99,0.324,0.6206274323227701,1303625500.0,2,0,422374662.0,5,1,1,0.6801138828618919,1
CUST_01838,8.49,0.1794258373205741,0.2979232327182955,2179661836.0,2,1,391087650.0,3,1,0,0.47373210218400896,0
CUST_24902,13.23,0.3218390804597701,0.615923539964276,907323348.0,2,0,292012112.0,3,1,1,0.6263262276371362,1
CUST_12213,9.32,0.4,0.5173935411730528,782175300.0,2,1,312870120.0,5,1,1,0.6704735926814076,1
CUST_16050,14.42,0.0277777777777777,0.1251860521984661,1407915540.0,3,0,39108765.0,0,1,0,0.2701846784777956,0
CUST_03477,10.99,0.3199404761904761,0.4646120743025982,876036336.0,2,0,280279482.5,3,1,1,0.620451855265247,1
CUST_17196,12.61,0.4734848484848485,0.5724887307146553,825977116.8,2,0,391087650.0,4,1,1,0.7336621866531916,1
CUST_15029,16.29,0.0615384615384615,0.3348175726516165,677885260.0,2,0,41716016.0,0,1,0,0.4063174968030775,0
CUST_26822,10.99,0.3488372093023256,0.6202887872394439,1121117930.0,2,1,391087650.0,4,1,1,0.6833975207754863,1
CUST_13743,12.69,0.1442841287458379,0.3585966402258355,2349133151.0,2,1,338942630.0,5,1,0,0.3843115805081343,0
CUST_23961,8.94,0.3333333333333333,0.4897913973163386,782175300.0,2,1,260725100.0,1,1,1,0.6187463989207396,1
CUST_27664,12.41,0.4078947368421052,0.6748172159298772,990755380.0,2,1,404123905.0,0,1,1,0.717817866131068,1
CUST_05056,13.99,0.119047619047619,0.3303555935394597,1095045420.0,2,1,130362550.0,0,1,0,0.4159275486876918,0
CUST_04310,13.48,0.1705882352941176,0.4440226349421483,886465340.0,3,0,151220558.0,1,1,0,0.48082428468162,0
CUST_05369,11.49,0.1931818181818181,0.31074234725144,1147190440.0,2,1,221616335.0,3,1,1,0.503268034522164,1
CUST_11024,15.58,0.0688569742278182,0.2310435110794632,1590318819.96,2,1,109504542.0,0,1,0,0.301711447519521,0
CUST_20434,14.59,0.3298611111111111,0.5908262181452284,375444144.0,2,0,123844422.5,1,1,1,0.5564528467136336,1
CUST_05918,8.9,0.2916666666666667,0.5446897487444508,500592191.9999999,2,1,146006056.0,3,1,1,0.5546480302873862,1
CUST_02643,14.61,0.0769230769230769,0.2073077678327443,1016827890.0,2,0,78217530.0,5,1,0,0.3773090828391518,0
CUST_02959,10.99,0.2058823529411764,0.4652734812797733,398909403.0,2,1,82128406.5,1,1,1,0.5066278599039918,1
CUST_25540,15.95,0.1907790143084261,0.3507997446940684,1639960879.0,2,1,312870120.0,5,1,1,0.5004004336021235,1
CUST_18200,14.11,0.1005085733813094,0.2727802335568242,6485145774.849999,2,0,651812750.0,3,1,0,0.07364560523875602,0
CUST_02977,15.28,0.1684565171615077,0.2773643562003318,495273399.96,2,0,83432032.0,2,1,0,0.4881389330998485,0
CUST_19029,16.89,0.04,0.304794232426155,1303625500.0,2,1,52145020.0,5,1,0,0.2992243393795785,0
CUST_24982,8.49,0.5182981791959618,0.6258952062986199,578496851.88,2,1,299833865.0,2,1,1,0.6946794473328497,1
CUST_28935,5.99,0.1041666666666666,0.3184288381918975,500592191.9999999,2,1,52145020.0,3,1,0,0.45326036997701796,0
CUST_13623,10.99,0.3678571428571429,0.5464453326264503,912537850.0,2,1,335683566.25,5,1,1,0.6685282735590382,1
CUST_29842,17.39,0.0526315789473684,0.3192513150481684,1981510760.0,2,1,104290040.0,3,1,0,0.23415713564708235,0
CUST_32399,13.99,0.3571428571428571,0.4491100430142865,1095045420.0,3,0,391087650.0,3,1,1,0.6880399052956022,1
CUST_18157,14.61,0.2314814814814814,0.3116158209371328,2815831080.0,2,0,651812750.0,2,1,1,0.6223880121031911,1
CUST_29635,14.59,0.2448979591836734,0.4303634795864055,1277552990.0,2,1,312870120.0,3,1,1,0.5746950525336199,1
CUST_07514,10.99,0.2196791662409318,0.4242147167745377,765514966.1099999,2,1,168167689.5,1,1,1,0.5241495925500503,1
CUST_17266,13.43,0.0818181818181818,0.3223409324009522,1147190440.0,2,0,93861036.0,1,1,0,0.3679862500140357,0
CUST_17381,5.99,0.2884615384615384,0.4092501213485752,406731156.0,2,1,117326295.0,4,1,1,0.5430595704663101,1
CUST_15246,10.0,0.0526315789473684,0.3441580841011505,2972266140.0,3,1,156435060.0,1,1,0,0.144614965339679,0
CUST_10521,11.89,0.075897007760469,0.2121448544937891,1374099494.53,3,1,104290040.0,5,1,0,0.33556426549631235,0
CUST_18612,14.46,0.1071428571428571,0.3628642858681219,4380181680.0,2,0,469305180.0,3,1,0,0.17020813229334825,0
CUST_12709,17.58,0.2033898305084746,0.4580158493007611,1538278090.0,2,1,312870120.0,3,1,1,0.5213906500664319,1
CUST_09708,10.28,0.4722222222222222,0.5579895170785232,469305180.0,2,1,221616335.0,4,1,1,0.6394919647685131,1
CUST_13372,11.78,0.1153846153846153,0.242051920904657,2033655780.0,3,0,234652590.0,4,1,0,0.3401051886322269,0
CUST_19226,13.24,0.4149312129243973,0.672926553407194,826289986.92,2,0,342853506.5,4,1,1,0.690804882170774,1
CUST_26182,19.04,0.3181818181818182,0.5744480383683322,1147190440.0,2,1,365015140.0,3,1,1,0.653585960186544,1
CUST_05192,17.27,0.0947268708556994,0.1999905368708715,990859670.04,3,1,93861036.0,3,1,0,0.3985043748276705,0
CUST_06577,12.41,0.1428571428571428,0.2728274326233743,1095045420.0,2,1,156435060.0,0,1,0,0.44362438672068666,0
CUST_02496,10.37,0.1712328767123287,0.4357490421898344,456790375.2,2,1,78217530.0,3,1,0,0.49043438110337206,0
CUST_24693,17.19,0.0511508951406649,0.1912942079531032,1529152711.5,3,1,78217530.0,5,1,0,0.28408611685204566,0
CUST_07909,15.7,0.1686746987951807,0.291494732495406,1082009165.0,2,0,182507570.0,4,1,0,0.47436102331267294,0
CUST_09178,11.14,0.074074074074074,0.3422577561826593,1407915540.0,3,1,104290040.0,2,1,0,0.32936368489477,0
CUST_15918,9.91,0.4355555555555555,0.5598100313144949,1173262950.0,2,1,511021195.9999999,2,1,1,0.7766707571463695,1
CUST_20744,10.99,0.15625,0.2604226257559318,834320320.0,2,1,130362550.0,1,1,0,0.46901583004928155,0
CUST_06691,10.99,0.5113636363636364,0.6802731542544015,1147190440.0,3,1,586631475.0,2,1,1,0.8314238367045873,1
CUST_22912,20.52,0.2666666666666666,0.3292059789699769,782175300.0,2,1,208580080.0,3,1,1,0.5641774385777758,1
CUST_10489,12.53,0.3333333333333333,0.4108752524935604,782175300.0,2,1,260725100.0,5,1,1,0.6187463989207398,1
CUST_28315,13.22,0.4573693638754431,0.5390739620347739,684064444.87,2,1,312870120.0,5,1,1,0.6881296515959131,1
CUST_03702,19.03,0.2083333333333333,0.3893756773194152,500592191.9999999,2,0,104290040.0,2,1,1,0.5096465873801239,1
CUST_03004,10.37,0.1032258064516129,0.320837806367567,808247810.0,2,1,83432032.0,3,1,0,0.42408131674105576,0
CUST_10578,17.93,0.3448275862068966,0.4637685686808136,756102790.0,2,0,260725100.0,2,1,1,0.6238149391296565,1
CUST_31388,16.35,0.2564102564102564,0.5489888798453648,2033655780.0,3,1,521450199.9999999,3,1,1,0.6412304310919557,1
CUST_17407,16.32,0.1489203276247207,0.3609704317380039,1750769046.5,3,1,260725100.0,5,1,0,0.4216391496298829,0
CUST_09446,7.29,0.1081081081081081,0.2070663037430333,1929365740.0,2,1,208580080.0,1,1,0,0.3340983128632126,0
CUST_26527,18.62,0.3036053130929791,0.5865329244577814,2061031915.5,3,0,625740240.0,5,1,1,0.7330756961296543,1
CUST_29151,7.29,0.4,0.6916366467921333,312870120.0,1,1,125148048.0,3,1,1,0.5705587329711349,1
CUST_16081,13.99,0.1159420289855072,0.2106570051733381,1799003190.0,2,1,208580080.0,0,1,0,0.3584730729963715,0
CUST_29454,14.74,0.0468691413573303,0.1490049899677367,834424610.04,2,1,39108765.0,1,1,0,0.37288689195696195,0
CUST_06816,16.0,0.1016949152542373,0.3276773774026709,1538278090.0,2,1,156435060.0,3,1,0,0.35602098836238727,0
CUST_00557,16.32,0.3384531081277096,0.4719585851069531,1617721027.97,2,0,547522710.0,5,1,1,0.7383507031562595,1
CUST_32329,14.65,0.0543242068665797,0.1310214296099798,479942764.08,2,0,26072510.0,0,1,0,0.429597534100657,0
CUST_00431,10.99,0.32,0.6011377727728685,1955438250.0,2,1,625740240.0,1,1,1,0.7497966877229095,1
CUST_05568,15.21,0.0901095732410611,0.2020250246751402,1446711434.88,2,1,130362550.0,5,1,0,0.34749464149408843,0
CUST_20572,13.24,0.130718954248366,0.3606062630799554,1994547015.0,2,0,260725100.0,5,1,0,0.37344537790001225,0
CUST_05252,9.32,0.3697478991596639,0.6588142041853675,620525738.0,2,1,229438088.0,4,1,1,0.618251137708567,1
CUST_32283,10.99,0.3385416666666667,0.571579473994246,1001184384.0,2,1,338942630.0,5,1,1,0.6553014366312802,1
CUST_04172,10.38,0.25,0.4414986080400039,469305180.0,2,1,117326295.0,0,1,1,0.5302045791991521,1
CUST_17325,12.29,0.3389830508474576,0.4113314561998659,1538278090.0,2,1,521450199.9999999,2,1,1,0.7290885677632681,1
CUST_12293,5.79,0.3333333333333333,0.4133858800158402,938610360.0,2,1,312870120.0,2,1,1,0.6413151552356509,1
CUST_15173,19.29,0.3643935450286309,0.6633025049647707,2504264585.5,3,1,912537850.0,5,1,1,0.8684824263469064,1
CUST_03283,14.96,0.15,0.3670403144437645,625740240.0,2,1,93861036.0,5,1,0,0.4725204553421485,0
CUST_02227,14.91,0.2444444444444444,0.2988737576232479,1407915540.0,2,0,344157132.0,0,1,1,0.5815117222804932,1
CUST_14366,11.49,0.2929292929292929,0.4812722837985163,1290589245.0,2,1,378051395.0,2,1,1,0.6394282810968525,1
CUST_19111,6.99,0.0535714285714285,0.3121053244247946,1095045420.0,2,1,58663147.5,5,1,0,0.34289997436041686,0
CUST_29280,10.75,0.3892152006227443,0.575629214032169,1473722555.24,2,1,573595220.0,1,1,1,0.7806465159983802,1
CUST_09764,10.99,0.3765690376569037,0.6393798239731581,623132989.0,2,1,234652590.0,0,1,1,0.6230671658172365,1
CUST_27864,17.88,0.0924898261191269,0.2620520838267722,7047399453.0,3,1,651812750.0,5,1,0,0.04758234362484645,0
CUST_25475,14.74,0.0857142857142857,0.2174394350922298,912537850.0,2,0,78217530.0,4,1,0,0.39775735506686527,0
CUST_00412,17.56,0.4897959183673469,0.7871425946774058,1277552990.0,2,1,625740240.0,5,1,1,0.839917684355953,1
CUST_29010,11.48,0.0833333333333333,0.3043392420337949,469305180.0,2,1,39108765.0,3,1,0,0.44567033628752223,0
CUST_32216,7.49,0.3541666666666667,0.4724570307675356,625740240.0,2,1,221616335.0,3,1,1,0.6091900367995097,1
CUST_02698,10.59,0.0294204177699323,0.1092388227687899,886204614.9,3,1,26072510.0,3,1,0,0.3499729463051348,0
CUST_19684,14.61,0.0450704225352112,0.0995895751594333,1851148210.0,2,0,83432032.0,1,1,0,0.23726838195875097,0
CUST_29453,10.99,0.2232142857142857,0.4394045849833466,730030280.0,3,0,162953187.5,1,1,1,0.5258225815563443,1
CUST_01831,16.77,0.2126151665485471,0.4508914706216454,1839415580.5,2,0,391087650.0,5,1,1,0.5438749678198102,1
CUST_21921,7.14,0.058637798827244,0.2373964021101719,1156055093.4,3,1,67788526.0,0,1,0,0.3404614884983466,0
CUST_10380,10.99,0.4,0.4943647882425599,651812750.0,2,1,260725100.0,0,1,1,0.6438101140638373,1
CUST_04026,13.47,0.074074074074074,0.3297102102532031,1407915540.0,2,1,104290040.0,5,1,0,0.3293636848947702,0
CUST_14186,15.7,0.4114285714285714,0.6405329999521469,912537850.0,2,1,375444144.0,0,1,1,0.7055638739219146,1
CUST_14207,7.88,0.3348837209302325,0.4036871443172291,1121117930.0,2,1,375444144.0,3,1,1,0.668542550865659,1
CUST_29030,15.99,0.0915032679738562,0.2649219787191493,2393456418.0,3,1,219009084.0,5,1,0,0.2634852579933572,0
CUST_12244,13.11,0.3581661891117478,0.4959578059412996,873533375.04,2,0,312870120.0,4,1,1,0.6535872976747357,1
CUST_19981,16.82,0.0964630225080385,0.3422690905169002,810855061.0,3,0,78217530.0,3,1,0,0.41804473136954245,0
CUST_01283,15.65,0.2962962962962963,0.3572460371514478,1407915540.0,2,1,417160160.0,1,1,1,0.655999788562728,1
CUST_00424,6.99,0.3628501882285351,0.4441744555659613,1724514028.93,2,1,625740240.0,2,1,1,0.7838634087044988,1
CUST_31548,15.2,0.1492227979274611,0.2894995300260012,2515997215.0,2,1,375444144.0,3,1,0,0.3891498686303354,0
CUST_23919,11.03,0.2883506343713956,0.4997830335405758,1356291970.2,3,1,391087650.0,5,1,1,0.6399443138296473,1
CUST_00706,14.84,0.3205128205128205,0.5638508090433371,1626924624.0,2,1,521450199.9999999,3,1,1,0.7143816895091356,1
CUST_03614,14.22,0.2114769090077732,0.281900922683304,456164634.96,2,1,96468287.0,2,1,1,0.5103444849456652,1
CUST_18241,7.9,0.2777777777777778,0.4226835051465398,469305180.0,1,1,130362550.0,2,1,1,0.5442563485192278,1
CUST_09007,16.45,0.1851851851851851,0.2363219288693811,1407915540.0,3,1,260725100.0,3,1,0,0.4918074550645911,0
CUST_09186,12.92,0.2703871944624703,0.4047686039557275,482132854.92,2,0,130362550.0,2,1,1,0.5416262534694908,1
CUST_26109,14.42,0.2356048053024026,0.3296759720824521,1510536939.36,2,1,355889761.5,5,1,1,0.5732357892354448,1
CUST_15219,15.68,0.3018108651911468,0.4581303611238595,1295803747.0,2,1,391087650.0,5,1,1,0.651377459238502,1
CUST_17880,6.39,0.205026455026455,0.3027094623931411,295662263.4,1,1,60618585.75,3,1,1,0.5046382595302085,1
CUST_09244,11.03,0.1388888888888889,0.265913804868479,1407915540.0,3,0,195543825.0,5,1,0,0.42179855391164633,0
CUST_12712,10.99,0.2033898305084746,0.4379154119224727,1538278090.0,2,1,312870120.0,1,1,1,0.5213906500664316,1
CUST_01126,9.99,0.3617021276595745,0.6533910351296321,1225407970.0,2,1,443232670.0,3,1,1,0.7128690850275129,1
CUST_03053,16.29,0.2256944444444444,0.3352845736996536,375444144.0,2,1,84735657.5,0,1,1,0.5142974740774058,1
CUST_28888,17.19,0.2032520325203252,0.4261514500226281,3206918730.0,2,1,651812750.0,1,1,1,0.5440279560049688,1
CUST_28432,16.63,0.3666666666666666,0.4466952582078151,1564350600.0,3,1,573595220.0,5,1,1,0.7675553645843493,1
CUST_26081,15.27,0.1809523809523809,0.3284921201174045,2190090840.0,3,0,396302152.0,3,1,0,0.477221917711483,0
CUST_24127,12.53,0.2941176470588235,0.5063251216933439,886465340.0,2,1,260725100.0,3,1,1,0.5982222859692886,1
CUST_06119,10.99,0.3158559696778269,0.5067777422173012,495273399.96,2,1,156435060.0,3,1,1,0.5668677132999815,1
CUST_20873,14.46,0.1607028069423612,0.3579245504003133,1460164850.04,2,0,234652590.0,2,1,0,0.45289226088651746,0
CUST_00041,17.99,0.48348106365834,0.7118144811693002,1617799245.5,2,1,782175300.0,5,1,1,0.886430345932001,1
CUST_14255,12.84,0.2133333333333333,0.3928297991412507,2346525900.0,3,0,500592191.9999999,4,1,1,0.5576839687870266,1
CUST_03687,16.32,0.2564102564102564,0.3854672594046262,406731156.0,2,1,104290040.0,5,1,1,0.5290028342788274,1
CUST_17578,6.54,0.3125,0.4603097224306709,500592191.9999999,1,1,156435060.0,1,1,1,0.5657884139705813,1
CUST_02709,12.23,0.2727272727272727,0.4650908286486642,1147190440.0,2,1,312870120.0,3,1,1,0.6007862565429193,1
CUST_18320,14.61,0.3796296296296296,0.4652240473239449,1407915540.0,2,0,534486454.9999999,0,1,1,0.7602839119406283,1
CUST_04587,16.4,0.1020408163265306,0.1771941956506796,2555105980.0,2,1,260725100.0,2,1,0,0.272770073941995,0
CUST_28760,11.89,0.4,0.6922603606411398,521450199.9999999,2,1,208580080.0,4,1,1,0.6162240939611742,1
CUST_01607,10.99,0.1607142857142857,0.3115511108589253,730030280.0,3,1,117326295.0,0,1,0,0.4764043747652103,0
CUST_09673,13.04,0.1140350877192982,0.2583137141406693,1486133070.0,3,0,169471315.0,5,1,0,0.37917096932245004,0
CUST_17212,14.11,0.125012501250125,0.2377871966825678,1042796109.96,2,1,130362550.0,2,1,0,0.4264514327474748,0
CUST_03195,11.86,0.0897435897435897,0.286510369123688,1016827890.0,2,1,91253785.0,2,1,0,0.3906784457052466,0
CUST_18722,13.48,0.3636363636363636,0.558286371446367,1147190440.0,2,1,417160160.0,0,1,1,0.7028562702345655,1
CUST_00367,9.63,0.2651515151515151,0.377436189299335,430196415.0,1,1,114067231.25,4,1,1,0.5347307990808885,1
CUST_29165,14.27,0.3058823529411765,0.6011570430889369,2216163350.0,2,0,677885260.0,0,1,1,0.7517947062999677,1
CUST_13494,11.66,0.1243781094527363,0.2949571190012051,2096229804.0,3,1,260725100.0,0,1,0,0.35400577681588796,0
CUST_31458,13.79,0.4166666666666667,0.6856296230281463,860392830.0,2,0,358497012.5,5,1,1,0.6992096906524762,1
CUST_12114,7.9,0.1748807631160572,0.2361998314014414,1639960879.0,3,1,286797610.0,5,1,0,0.472167097880855,0
CUST_27882,9.01,0.0413907284768211,0.2645095781311407,15747796040.0,3,1,651812750.0,0,1,0,3.772879016731245e-05,0
CUST_06772,16.82,0.3645833333333333,0.5479578358978292,500592191.9999999,2,0,182507570.0,4,1,1,0.5933271289065536,1
CUST_00645,16.89,0.3508771929824561,0.5267582138182512,1486133070.0,2,1,521450199.9999999,2,1,1,0.7375139219049232,1
CUST_17839,15.62,0.4375,0.6194909524865634,2085800800.0,2,1,912537850.0,2,1,1,0.9032049102423949,1
CUST_12198,5.79,0.4,0.5254706666904408,782175300.0,2,1,312870120.0,4,1,1,0.6704735926814074,1
CUST_03465,16.29,0.1841432225063938,0.2550335242217668,1529152711.5,2,1,281583108.0,5,1,0,0.48937565827830515,0
CUST_16912,11.97,0.1241379310344827,0.4177008413353676,1512205580.0,3,1,187722072.0,5,1,0,0.3928193879542462,0
CUST_00460,16.0,0.1739130434782608,0.2893470168838573,3598006380.0,2,0,625740240.0,3,1,0,0.4354603648495603,0
CUST_01021,16.0,0.3050847457627119,0.4735416311784111,1538278090.0,2,1,469305180.0,4,1,1,0.6822012030932578,1
CUST_08286,15.62,0.1923076923076923,0.3414087381871887,1016827890.0,2,0,195543825.0,5,1,1,0.5019332166083098,1
CUST_00339,6.39,0.2115384615384615,0.4056815301624928,406731156.0,1,1,86039283.0,1,1,1,0.5092508760522406,1
CUST_12245,9.91,0.3571428571428571,0.566661194597153,876036336.0,2,1,312870120.0,0,1,1,0.6531189277778242,1
CUST_04246,13.49,0.1097560975609756,0.3374510505916625,1068972910.0,2,1,117326295.0,3,1,0,0.40745498088199233,0
CUST_12543,14.35,0.2460592079969242,0.4179215560261081,1695364962.75,3,1,417160160.0,5,1,1,0.6006129112264521,1
CUST_28926,9.99,0.1319444444444444,0.4173955416760121,1407915540.0,3,1,185766633.75,1,1,0,0.41149520725084415,0
CUST_06907,15.68,0.2499772747932006,0.4008645105260056,1147294730.04,3,1,286797610.0,3,1,1,0.5733683927461968,1
CUST_08900,9.88,0.2,0.281869356717762,1042900400.0,2,1,208580080.0,2,1,1,0.5106772151260754,1
CUST_20075,13.67,0.2666666666666666,0.4244864610288241,391087650.0,2,0,104290040.0,1,1,1,0.5322219845472109,1
CUST_27635,16.49,0.0578671328671328,0.2356127020837945,3728368930.0,3,0,215750020.25,1,1,0,0.10479896542726394,0
CUST_30456,10.74,0.1428571428571428,0.2751406937131694,1277552990.0,2,1,182507570.0,1,1,0,0.43432916979384384,0
CUST_07687,15.62,0.2536231884057971,0.3539534730127556,719601276.0,2,0,182507570.0,0,1,1,0.5490382161767273,1
CUST_18065,10.99,0.3205128205128205,0.3828827730155604,2033655780.0,2,0,651812750.0,1,1,1,0.758770632652515,1
CUST_02499,7.9,0.1666666666666666,0.3058947128368329,469305180.0,2,1,78217530.0,3,1,0,0.4878505866462901,0
CUST_09325,7.51,0.1818181818181818,0.4501330242146515,1433988050.0,3,1,260725100.0,3,1,0,0.4864246024426581,0
CUST_04330,12.73,0.344053310155005,0.4258574545281315,359957073.06,2,0,123844422.5,0,1,1,0.5596087058169612,1
CUST_27960,14.61,0.1536614645858343,0.295550580484701,1628880062.25,3,0,250296096.0,5,1,0,0.43522617272939823,0
CUST_03435,12.23,0.3272727272727272,0.583012753202423,860392830.0,2,1,281583108.0,2,1,1,0.6248168083603041,1
CUST_24071,10.99,0.1875,0.44638800865452,1668640640.0,3,1,312870120.0,4,1,0,0.494476656115975,0
CUST_00199,15.21,0.3571632664723698,0.4307682564036344,1824971409.96,2,1,651812750.0,2,1,1,0.7889107390160993,1
CUST_25797,12.69,0.0476190476190476,0.2554634592200667,1533063588.0,2,1,73003028.0,1,1,0,0.2788599961738778,0
CUST_20836,14.96,0.119047619047619,0.2963970515537608,1095045420.0,2,1,130362550.0,1,1,0,0.4159275486876918,0
CUST_09769,8.9,0.3515625,0.5853475771047133,667456256.0,2,1,234652590.0,4,1,1,0.6144285680486478,1
CUST_29133,10.99,0.0866873065015479,0.3583062306616609,10526775912.5,3,1,912537850.0,5,1,0,0.008655963644131365,0
CUST_20899,14.26,0.3684210526315789,0.4909084907772214,990755380.0,3,0,365015140.0,5,1,1,0.6822411258222293,1
CUST_07557,15.95,0.2206896551724138,0.5193557321467656,756102790.0,2,0,166864064.0,3,1,1,0.5246793692929457,1
CUST_09587,13.61,0.1178571428571428,0.3401602485595071,1825075700.0,2,0,215098207.5,2,1,0,0.36002000935636197,0
CUST_27581,13.16,0.1869658119658119,0.2694528315366101,488077387.2,1,0,91253785.0,3,1,0,0.49810174393530215,0
CUST_04850,14.54,0.1666666666666666,0.2900438096061922,782175300.0,2,1,130362550.0,3,1,0,0.47975806046010616,0
CUST_14204,15.65,0.2808988764044944,0.5791150163662858,2320453390.0,3,0,651812750.0,4,1,1,0.7127936932748462,1
CUST_16562,16.89,0.0416666666666666,0.2632189821535354,1877220720.0,2,0,78217530.0,3,1,0,0.2293710774097122,0
CUST_02069,17.27,0.1806140878988561,0.4786242489522858,346451512.88,2,1,62574023.99999999,4,1,0,0.49626725281473894,0
CUST_09455,13.48,0.1052631578947368,0.3038907621017608,1981510760.0,2,0,208580080.0,1,1,0,0.32458269316313015,0
CUST_14232,9.99,0.1666666666666666,0.2478693703154429,2346525900.0,3,1,391087650.0,0,1,0,0.43953828613943063,0
CUST_18963,16.7,0.1785714285714285,0.2595217386347434,2190090840.0,2,1,391087650.0,4,1,0,0.47158436452492314,0
CUST_23009,15.99,0.2222222222222222,0.4591645207963568,938610360.0,2,1,208580080.0,3,1,1,0.5321761381454356,1
CUST_14158,18.84,0.2840909090909091,0.5581954718854297,2294380880.0,3,1,651812750.0,2,1,1,0.7171834189727253,1
CUST_24903,9.99,0.3209169054441261,0.4594306342601668,909930599.0,2,1,292012112.0,5,1,1,0.6258219220625901,1
CUST_31215,10.0,0.1526159324674499,0.4167896719227743,1640039096.53,3,1,250296096.0,5,1,0,0.4329612494493279,0
CUST_15903,13.16,0.375,0.6298066356086858,312870120.0,1,0,117326295.0,2,1,1,0.562229803915886,1
CUST_29479,14.91,0.0409090909090909,0.1412361851852059,1147190440.0,2,1,46930518.0,5,1,0,0.3220530035912167,0
CUST_05826,7.9,0.1707317073170731,0.3914346958604052,1068972910.0,3,1,182507570.0,3,1,0,0.47704738715767353,0
CUST_10483,10.99,0.3333333333333333,0.4120775876243082,782175300.0,2,0,260725100.0,0,1,1,0.6187463989207397,1
CUST_19058,13.43,0.3333333333333333,0.5688000052433171,782175300.0,3,1,260725100.0,1,1,1,0.6187463989207398,1
CUST_21815,12.84,0.4861111111111111,0.6624663316041599,375444144.0,2,1,182507570.0,0,1,1,0.6180164566685385,1
CUST_13236,13.16,0.5104166666666666,0.7536612065233267,625740240.0,2,0,319388247.5,2,1,1,0.704296239692913,1
CUST_01904,10.0,0.0612745098039215,0.1951351499384159,851006726.4,2,1,52145020.0,2,1,0,0.3829541386838053,0
CUST_02540,19.29,0.1,0.312852171608013,782175300.0,2,0,78217530.0,3,1,0,0.4238205218503845,0
CUST_25250,15.57,0.3,0.4783740252580166,1042900400.0,2,1,312870120.0,3,1,1,0.6212623151056823,1
CUST_09137,16.89,0.1485294117647058,0.391572943698055,886465340.0,2,1,131666175.5,5,1,0,0.4597058429076427,0
CUST_27766,10.99,0.1481481481481481,0.3184582406842168,2815831080.0,2,1,417160160.0,2,1,0,0.37338074819634287,0
CUST_25112,7.49,0.3333333333333333,0.4084370638560771,938610360.0,2,1,312870120.0,5,1,1,0.641315155235651,1
CUST_02963,5.42,0.4137931034482758,0.6301660059966924,756102790.0,3,1,312870120.0,0,1,1,0.6752154201264073,1
CUST_05060,10.99,0.119047619047619,0.2484934815165974,1095045420.0,2,1,130362550.0,0,1,0,0.41592754868769155,0
CUST_04143,15.99,0.4411764705882353,0.5712488086642659,886465340.0,3,0,391087650.0,4,1,1,0.7237832671386148,1
CUST_03400,9.32,0.0333333333333333,0.1604302516249595,782175300.0,3,1,26072510.0,1,1,0,0.36976939429092465,0
CUST_06553,10.99,0.1227272727272727,0.1867274374999733,1147190440.0,3,1,140791554.0,5,1,0,0.41644648761377956,0
CUST_20858,15.58,0.1687890324637572,0.4015678216336236,1390212305.71,2,0,234652590.0,5,1,0,0.46724827261648194,0
CUST_01618,14.84,0.1866071428571428,0.4234516576395451,730030280.0,3,1,136228864.75,1,1,0,0.4968769259210545,0
CUST_00269,10.99,0.2983333333333333,0.3510454035486176,391087650.0,1,1,116674482.25,5,1,1,0.5455644558270265,1
CUST_29029,19.42,0.3080100574712643,0.521513089937049,725858678.4,2,0,223571773.25,2,1,1,0.5913784824691063,1
CUST_03859,15.33,0.1379310344827586,0.2117200836985972,756102790.0,2,0,104290040.0,2,1,0,0.456976963886522,0
CUST_19459,10.0,0.0726797005596337,0.216716703000836,1076194995.27,2,1,78217530.0,2,1,0,0.36585598383182383,0
CUST_06101,8.88,0.5,0.6897926121540483,312870120.0,2,1,156435060.0,3,1,1,0.6034328518168537,1
CUST_01505,13.49,0.0203125,0.2552280221969361,1668640640.0,2,1,33894263.0,1,1,0,0.22588161621324618,0
CUST_00800,6.62,0.2670454545454545,0.4864896778341508,573595220.0,3,1,153175996.25,2,1,1,0.5474170935500471,1
CUST_19241,9.91,0.3513513513513513,0.4293387921490808,964682870.0,2,1,338942630.0,2,1,1,0.6620814265236411,1
CUST_07448,14.11,0.1858529819694868,0.4507925981802896,939913985.5,2,0,174685817.0,0,1,0,0.49521075943340465,0
CUST_11926,7.66,0.3333333333333333,0.4444150416427694,860392830.0,2,1,286797610.0,3,1,1,0.6301018539992079,1
CUST_01517,15.62,0.0955631399317406,0.3757815579611944,381962271.5,2,0,36501514.0,3,1,0,0.460750969934747,0
CUST_19362,7.37,0.1707164399931713,0.3360347956038644,458172218.23,2,1,78217530.0,5,1,0,0.4901490595190189,0
CUST_14799,10.99,0.3333333333333333,0.4411683311771898,1173262950.0,2,1,391087650.0,5,1,1,0.6740029336091701,1
CUST_27267,14.11,0.2777777777777778,0.5467260442140041,1407915540.0,2,0,391087650.0,1,1,1,0.630058932648644,1
CUST_30991,16.07,0.142602495543672,0.3836232968359636,1462667811.0,3,1,208580080.0,5,1,0,0.424553544470646,0
CUST_19450,16.7,0.0769230769230769,0.1406378029088602,1016827890.0,2,0,78217530.0,0,1,0,0.37730908283915193,0
CUST_14663,11.66,0.5,0.5872427219227824,782175300.0,2,0,391087650.0,3,1,1,0.7406737794613513,1
CUST_16178,9.32,0.2,0.3150729315519269,417160160.0,2,1,83432032.0,0,1,1,0.504271431504471,1
CUST_00928,10.91,0.5138888888888888,0.8125615985737727,938610360.0,2,1,482341435.0,2,1,1,0.7884975051235984,1
CUST_02300,16.29,0.1126126126126126,0.1915499164742877,578809722.0,2,1,65181274.99999999,0,1,0,0.45125353777696064,0
CUST_15993,15.31,0.3333333333333333,0.4027029780463728,782175300.0,2,0,260725100.0,3,1,1,0.6187463989207399,1
CUST_00079,7.14,0.3958333333333333,0.6416655759298832,312870120.0,1,1,123844422.5,3,1,1,0.5691732179945195,1
CUST_12237,10.99,0.375,0.6582661965976483,834320320.0,2,1,312870120.0,0,1,1,0.6608858084534068,1
CUST_14412,10.99,0.5357142857142857,0.6736151448488703,730030280.0,2,1,391087650.0,2,1,1,0.7488629398789072,1
CUST_16363,11.12,0.3205128205128205,0.4777378914142542,1626924624.0,2,1,521450199.9999999,4,1,1,0.7143816895091354,1
CUST_30856,14.84,0.3949447077409163,0.6368992822256236,660155953.1999999,2,0,260725100.0,1,1,1,0.6422277700687906,1
CUST_04984,12.92,0.1385041551246537,0.199479243779879,941217611.0,2,0,130362550.0,3,1,0,0.4470944858066422,0
CUST_16758,15.21,0.1020408163265306,0.2511728497419239,1277552990.0,3,0,130362550.0,3,1,0,0.37982131090499255,0
CUST_06551,11.28,0.1441337561256846,0.2320598621119164,1085346446.28,2,0,156435060.0,3,1,0,0.4456031911761461,0
CUST_14101,16.45,0.1871657754010695,0.3139211625855158,1950223748.0,2,1,365015140.0,5,1,0,0.49283826561969607,0
CUST_21104,11.36,0.5641025641025641,0.7481447565834253,1016827890.0,3,1,573595220.0,2,1,1,0.8384766335699125,1
CUST_15323,14.91,0.2991026919242273,0.41182716897287,2615072753.0,3,0,782175300.0,5,1,1,0.773960547942406,1
CUST_24962,10.99,0.453,0.5032367672476582,651812750.0,2,1,295271175.75,2,1,1,0.6773738651572595,1
CUST_01750,10.25,0.2,0.4444488194891215,260725100.0,2,1,52145020.0,3,1,1,0.5026696842668319,1
CUST_18741,16.07,0.2666666666666666,0.5385569796631188,1564350600.0,2,0,417160160.0,5,1,1,0.6262745078598696,1
CUST_04145,11.99,0.1023255813953488,0.3476546228735859,1121117930.0,2,1,114719044.0,5,1,0,0.3943926363066002,0
CUST_18224,15.31,0.2300759013282732,0.4604861817773615,2748042554.0,2,1,632258367.5,5,1,1,0.6156012165167593,1
CUST_09224,11.89,0.1481481481481481,0.2278669234054243,1407915540.0,3,1,208580080.0,3,1,0,0.43564145455068976,0
CUST_21655,9.99,0.1621621621621621,0.4233229187438928,964682870.0,2,1,156435060.0,0,1,0,0.47034577578823983,0
CUST_30041,7.49,0.3541666666666667,0.5684662900008695,625740240.0,2,1,221616335.0,5,1,1,0.6091900367995097,1
CUST_14021,14.96,0.25069388485988,0.546429491022963,1456019320.95,2,1,365015140.0,5,1,1,0.5937950575905996,1
CUST_17054,7.51,0.3336298932384341,0.4597015075473528,703332029.76,2,1,234652590.0,2,1,1,0.607382921372635,1
CUST_02792,13.47,0.2317497103128621,0.4255705924338941,1350034567.8,2,1,312870120.0,5,1,1,0.5599962516187448,1
CUST_21647,13.49,0.1685393258426966,0.3827146802103842,928181356.0,2,1,156435060.0,4,1,0,0.477865049192331,0
CUST_21143,10.39,0.0786163522012578,0.3552431715526439,1658211636.0,2,1,130362550.0,0,1,0,0.3089959739984012,0
CUST_00135,11.11,0.4807692307692308,0.7306660548602412,1355770520.0,2,1,651812750.0,2,1,1,0.8463217933381919,1
CUST_16654,10.99,0.2083333333333333,0.2669962471132019,500592191.9999999,2,1,104290040.0,1,1,1,0.5096465873801234,1
CUST_00583,14.59,0.5263157894736842,0.702296950338913,990755380.0,2,1,521450199.9999999,5,1,1,0.8088231883175608,1
CUST_09553,15.62,0.0435492651061513,0.1151045187078102,4789520087.0,2,0,208580080.0,0,1,0,0.045094801269770966,0
CUST_30859,19.03,0.3787878787878788,0.4911208148920888,688314264.0,2,0,260725100.0,5,1,1,0.6368645974532291,1
CUST_15931,10.0,0.2473958333333333,0.4800385366512567,250296096.0,2,1,61922211.24999999,5,1,1,0.5154173050460102,1
CUST_07342,12.69,0.2043010752688172,0.2677235712883519,1212371715.0,3,1,247688845.0,3,1,1,0.5180587188749732,1
CUST_17531,10.99,0.3389830508474576,0.483702841770103,1538278090.0,2,1,521450199.9999999,2,1,1,0.729088567763268,1
CUST_11467,10.65,0.208695652173913,0.4468657908606532,1799003190.0,3,1,375444144.0,0,1,1,0.5353193568371382,1
CUST_29168,12.18,0.5319148936170213,0.7951703908229049,1225407970.0,2,1,651812750.0,5,1,1,0.8598142369714937,1
CUST_12658,6.76,0.0256410256410256,0.1916837138596681,1728607413.0,3,1,44323267.0,5,1,0,0.22512593672221798,0
CUST_31303,13.49,0.0993640699523052,0.2156594991742145,1639960879.0,3,1,162953187.5,5,1,0,0.3433439987282344,0
CUST_20810,14.09,0.1282051282051282,0.363306846299854,1016827890.0,2,1,130362550.0,5,1,0,0.4317073778814557,0
CUST_04130,9.99,0.2604166666666667,0.5583595153555881,438018168.0,2,1,114067231.25,3,1,1,0.5331226020484401,1
CUST_32579,10.99,0.4605263157894737,0.7381429612003273,1981510760.0,2,1,912537850.0,1,1,1,0.910480865475007,1
CUST_26384,12.68,0.4428316142583942,0.5819802440496199,831634851.4699999,2,1,368274203.75,5,1,1,0.7129369582929281,1
CUST_03267,9.62,0.3,0.5381910290940962,312870120.0,2,1,93861036.0,3,1,1,0.5370501801546639,1
CUST_14319,7.66,0.4833333333333333,0.6080096807872473,782175300.0,2,1,378051395.0,4,1,1,0.7296700510817766,1
CUST_11176,15.58,0.2272727272727272,0.4588413014837743,1147190440.0,2,1,260725100.0,4,1,1,0.5455347742676974,1
CUST_12328,11.89,0.3157894736842105,0.410798020024084,990755380.0,2,1,312870120.0,4,1,1,0.6313454643266626,1
CUST_13909,10.36,0.0581395348837209,0.3350484599045205,2242235860.0,3,1,130362550.0,1,1,0,0.21630095733013474,0
CUST_29715,11.49,0.3480392156862745,0.4168912114170676,265939602.0,2,1,92557410.5,1,1,1,0.5452745818967636,1
CUST_27637,17.93,0.1748251748251748,0.3626599401313671,3728368930.0,3,1,651812750.0,3,1,0,0.4367734284082369,0
CUST_01711,12.69,0.072,0.2220300389276328,651812750.0,2,1,46930518.0,5,1,0,0.41701038013560665,0
CUST_15264,15.05,0.1043478260869565,0.3793542477299561,2998338650.0,3,1,312870120.0,3,1,0,0.2458763794774912,0
CUST_13708,12.84,0.180722891566265,0.3422654484177111,2164018330.0,3,0,391087650.0,0,1,0,0.47695550731530634,0
CUST_00907,16.7,0.4,0.4683674639830507,1238444225.0,2,0,495377689.9999999,0,1,1,0.7548568346227099,1
CUST_28049,16.0,0.1227272727272727,0.2983530296111987,1147190440.0,2,0,140791554.0,4,1,0,0.41644648761377984,0
CUST_30993,10.99,0.267379679144385,0.5206972421501022,1462667811.0,3,1,391087650.0,5,1,1,0.619454100567827,1
CUST_18052,13.75,0.3623188405797101,0.4551248423033146,1799003190.0,2,0,651812750.0,4,1,1,0.7924616151890949,1
CUST_28447,16.49,0.2222222222222222,0.4370761549805064,1407915540.0,3,1,312870120.0,3,1,1,0.5481810303215043,1
CUST_14713,7.88,0.375,0.5005956846976005,1042900400.0,2,1,391087650.0,5,1,1,0.6972116998764141,1
CUST_12645,20.25,0.1034482758620689,0.2115329647973377,756102790.0,2,0,78217530.0,1,1,0,0.4290894072176449,0
CUST_18709,10.99,0.3636363636363636,0.5766129188783327,1147190440.0,2,1,417160160.0,3,1,1,0.7028562702345654,1
CUST_26792,16.77,0.4166666666666667,0.6891454719298029,938610360.0,2,1,391087650.0,1,1,1,0.7150874432000105,1
CUST_16647,15.28,0.1346938775510204,0.4230842189760824,2555105980.0,3,0,344157132.0,3,1,0,0.35004120096894775,0
CUST_02809,10.75,0.0865501125151462,0.3828469655114325,903725341.62,3,1,78217530.0,1,1,0,0.39950281728796455,0
CUST_10123,16.49,0.1619778346121057,0.4123527351468024,1529152711.5,2,1,247688845.0,5,1,0,0.45277446924469605,0
CUST_15783,16.45,0.0893521965748324,0.2653913530798291,3501538093.0,3,1,312870120.0,5,1,0,0.17704688156316414,0
CUST_02623,11.11,0.081081081081081,0.1389647122304158,964682870.0,2,1,78217530.0,3,1,0,0.38748366394502276,0
CUST_30607,14.84,0.2051282051282051,0.3194917100320515,1016827890.0,2,0,208580080.0,0,1,1,0.5160587699917467,1
CUST_30258,12.23,0.1136363636363636,0.2106768935539005,1147190440.0,3,0,130362550.0,4,1,0,0.4055005393874145,0
CUST_17929,10.99,0.2708333333333333,0.3914267010555856,312870120.0,1,1,84735657.5,1,1,1,0.5271995906441593,1
CUST_00369,9.33,0.4125,0.5091684055265748,1564350600.0,2,1,645294622.5,3,1,1,0.8183847377350272,1
CUST_10335,7.49,0.5,0.6927754970190012,521450199.9999999,2,1,260725100.0,2,1,1,0.668109942928467,1
CUST_20018,13.92,0.252111433253498,0.4528118147229507,827332887.3199999,3,1,208580080.0,3,1,1,0.5549825494774144,1
CUST_29273,10.99,0.6119791666666666,0.9001458855214831,1001184384.0,2,0,612703985.0,2,1,1,0.8616943841195279,1
CUST_08197,13.24,0.3233316088980859,0.6140507140940435,604777941.9599999,2,1,195543825.0,2,1,1,0.5861761470407588,1
CUST_02155,13.49,0.0444444444444444,0.3349778056004698,1407915540.0,2,0,62574023.99999999,5,1,0,0.2907092083547349,0
CUST_31208,11.48,0.1385135135135135,0.2969806330127635,1929365740.0,3,1,267243227.5,2,1,0,0.3928501228352681,0
CUST_28105,14.96,0.2459016393442623,0.3605967389710254,1590423110.0,2,1,391087650.0,4,1,1,0.5942774770957031,1
CUST_07041,16.82,0.3246753246753247,0.5748748670668195,501895817.4999999,2,0,162953187.5,1,1,1,0.5724546826714499,1
CUST_05287,16.29,0.1126126126126126,0.2508418681645377,1157619444.0,2,0,130362550.0,4,1,0,0.4034250083256548,0
CUST_29741,14.96,0.3272727272727272,0.4550887890322808,860392830.0,2,0,281583108.0,1,1,1,0.6248168083603042,1
CUST_10195,16.45,0.3523489932885906,0.5831486918806218,1553921596.0,3,1,547522710.0,4,1,1,0.7484055836262096,1
CUST_26671,16.49,0.0530612244897959,0.3160794432755179,2555105980.0,3,1,135577052.0,3,1,0,0.17898395021799998,0
CUST_31985,11.36,0.3571428571428571,0.4647825350340423,876036336.0,2,1,312870120.0,2,1,1,0.6531189277778242,1
CUST_01876,18.64,0.1266666666666666,0.3731420930753495,782175300.0,3,1,99075538.0,5,1,0,0.4460433482451782,0
CUST_13014,7.49,0.1066666666666666,0.3426659498968665,1955438250.0,3,1,208580080.0,0,1,0,0.32932301067833203,0
CUST_28656,15.57,0.0705882352941176,0.3225340988067005,886465340.0,2,1,62574023.99999999,3,1,0,0.38672358367622967,0
CUST_12206,14.46,0.4,0.5966112882057077,782175300.0,2,1,312870120.0,4,1,1,0.670473592681408,1
CUST_22694,15.05,0.166433659543306,0.3426652090570912,1174905518.13,2,1,195543825.0,5,1,0,0.4693197947850498,0
CUST_21877,14.35,0.0909090909090909,0.29379465796384,1720785660.0,2,1,156435060.0,3,1,0,0.32224598399322546,0
CUST_17559,12.84,0.0862068965517241,0.3182752843509769,756102790.0,2,0,65181274.99999999,5,1,0,0.4153014951384511,0
CUST_07022,10.74,0.1111111111111111,0.2326309477624748,1173262950.0,3,1,130362550.0,5,1,0,0.4003182045242679,0
CUST_16524,15.62,0.26796875,0.3692610462355505,834320320.0,2,1,223571773.25,5,1,1,0.569559188692977,1
CUST_10460,7.51,0.3333333333333333,0.4304202577057237,782175300.0,2,1,260725100.0,5,1,1,0.6187463989207395,1
CUST_21320,15.21,0.1833333333333333,0.4109936946993941,782175300.0,2,0,143398805.0,1,1,0,0.4938783659066361,0
CUST_24535,11.71,0.1851851851851851,0.2723762359576336,1407915540.0,2,1,260725100.0,0,1,0,0.4918074550645908,0
CUST_13230,10.99,0.2111613876319758,0.4215552652956075,1728607413.0,3,1,365015140.0,5,1,1,0.5385375718979584,1
CUST_03833,11.71,0.1212378383293425,0.206814403316436,860210322.43,2,1,104290040.0,5,1,0,0.43572380450771614,0
CUST_23659,15.21,0.2045454545454545,0.2673993507287048,1147190440.0,2,0,234652590.0,5,1,1,0.51739213036292,1
CUST_22940,13.11,0.2758620689655172,0.508599758065283,756102790.0,2,0,208580080.0,5,1,1,0.569466653044174,1
CUST_16866,15.62,0.1296296296296296,0.3418140353087418,1407915540.0,2,1,182507570.0,3,1,0,0.40807746141311524,0
CUST_29532,17.58,0.4117647058823529,0.6247292253180257,886465340.0,2,1,365015140.0,1,1,1,0.7006211813555421,1
CUST_30813,16.35,0.1637931034482758,0.3914630068673367,1512205580.0,2,0,247688845.0,5,1,0,0.4562460265299667,0
CUST_07494,6.54,0.1416666666666666,0.2739813139014852,1251480480.0,2,1,177293068.0,0,1,0,0.43406682267093966,0
CUST_05863,15.05,0.1486325802615933,0.4388896962026221,964787160.04,2,1,143398805.0,4,1,0,0.4562703345540763,0
CUST_13010,15.99,0.1066666666666666,0.3414799089590948,1955438250.0,3,1,208580080.0,0,1,0,0.32932301067833253,0
CUST_30094,14.09,0.0454545454545454,0.2468729913028284,1032471396.0,3,0,46930518.0,2,1,0,0.3430866838765604,0
CUST_09263,10.99,0.2000320051208193,0.2987335757965838,651708459.9599999,2,1,130362550.0,3,1,1,0.5066954156814631,1
CUST_25638,10.99,0.2631578947368421,0.3652407663306032,1981510760.0,3,0,521450199.9999999,1,1,1,0.6510805374879584,1
CUST_30513,15.68,0.196078431372549,0.3844257999173752,1329698010.0,3,1,260725100.0,5,1,1,0.5079624183940714,1
CUST_26573,13.48,0.5191029900332226,0.7779368481279226,753391248.9599999,2,0,391087650.0,0,1,1,0.7452155578489287,1
CUST_09194,9.62,0.2604166666666667,0.3647891432222623,500592191.9999999,2,1,130362550.0,1,1,1,0.5378374454058459,1
CUST_18281,10.99,0.5743589743589743,0.8014236704981262,1016827890.0,2,0,584024224.0,1,1,1,0.8445075262888293,1
CUST_09902,15.23,0.2277789026118647,0.2951541482714083,1030177015.12,2,1,234652590.0,4,1,1,0.5414735687232399,1
CUST_02464,10.99,0.092063492063492,0.3382557990483066,821284065.0,2,1,75610279.0,3,1,0,0.4132062013744378,0
CUST_03363,10.37,0.3055555555555556,0.5482488088386659,938610360.0,2,1,286797610.0,1,1,1,0.6149169785960307,1
CUST_14770,10.99,0.3496503496503496,0.554757610871593,1118510679.0,2,1,391087650.0,4,1,1,0.683863427008296,1
CUST_00318,16.49,0.0372300819061801,0.3211204020933302,3501538093.0,2,1,130362550.0,5,1,0,0.08884461294490613,0
CUST_15630,14.74,0.3789473684210526,0.4731809236188717,495377689.9999999,1,0,187722072.0,5,1,1,0.5998055264983185,1
CUST_00985,7.9,0.36,0.5650642134991112,1303625500.0,2,1,469305180.0,4,1,1,0.7226776256611663,1
CUST_12092,15.31,0.3333333333333333,0.5859822707102207,899501595.0,2,1,299833865.0,1,1,1,0.6357269280539243,1
CUST_00572,9.64,0.7692307692307693,0.874318844315661,508413944.9999999,3,1,391087650.0,2,1,1,0.7817105597231233,1
CUST_23706,11.49,0.4868421052631579,0.7406150263434094,495377689.9999999,2,1,241170717.5,3,1,1,0.6539402181112126,1
CUST_19359,5.42,0.1785714285714285,0.355763899919306,438018168.0,2,1,78217530.0,1,1,0,0.49431098809654167,0
CUST_16763,16.49,0.0592592592592592,0.1194000552723789,1407915540.0,2,1,83432032.0,1,1,0,0.3097040485772134,0
CUST_10019,13.11,0.3410766961651917,0.5712668647217556,707086471.1999999,2,0,241170717.5,3,1,1,0.6133663450291138,1
CUST_16172,16.77,0.2222222222222222,0.3362174058647015,1407915540.0,2,1,312870120.0,1,1,1,0.5481810303215043,1
CUST_11204,15.96,0.2222222222222222,0.3675657009876322,1173262950.0,2,1,260725100.0,1,1,1,0.5401889458209966,1
CUST_15963,16.0,0.5,0.7426978632489614,125148048.0,2,0,62574023.99999999,4,1,1,0.5418805809223233,1
CUST_21816,6.76,0.4827586206896552,0.7751002684184131,378051395.0,2,1,182507570.0,3,1,1,0.6175077850923575,1
CUST_20348,16.89,0.3390151515151515,0.4187448483977302,344157132.0,2,1,116674482.25,4,1,1,0.5551596208892967,1
CUST_18265,16.29,0.318,0.3705538917723786,1955438250.0,2,1,621829363.5,4,1,1,0.7466020184465891,1
CUST_10101,10.99,0.2542372881355932,0.3961348277608604,1538278090.0,0,0,391087650.0,3,1,1,0.6046218353776359,1
CUST_03117,7.88,0.1842105263157894,0.4232487256104745,495377689.9999999,2,1,91253785.0,5,1,0,0.49659385965876046,0
CUST_25828,16.95,0.1538461538461538,0.3612611221523331,2033655780.0,3,0,312870120.0,3,1,0,0.4197792044348801,0
CUST_06716,15.62,0.1111111111111111,0.3428217340227251,1407915540.0,2,0,156435060.0,3,1,0,0.3810798535296473,0
CUST_31091,13.24,0.1913043478260869,0.3107792797203703,1799003190.0,3,0,344157132.0,3,1,1,0.5014637096289435,1
CUST_02216,10.99,0.33125,0.5799949168662643,1042900400.0,2,1,345460757.5,0,1,1,0.6538985435005632,1
CUST_09247,10.99,0.2083333333333333,0.4498474076070924,625740240.0,2,0,130362550.0,1,1,1,0.5120573926588371,1
CUST_02000,6.99,0.4666666666666667,0.6964171499650615,782175300.0,2,1,365015140.0,4,1,1,0.7183769437112854,1
CUST_03679,10.74,0.2777777777777778,0.5342294024697745,375444144.0,2,1,104290040.0,4,1,1,0.5354384545957089,1
CUST_20661,9.91,0.1666666666666666,0.3617665104580794,782175300.0,2,1,130362550.0,1,1,0,0.4797580604601057,0
CUST_29172,10.99,0.1414027149321267,0.2590842322874537,4609619768.0,2,1,651812750.0,5,1,0,0.2724195719319024,0
CUST_11883,10.25,0.0450704225352112,0.2383204416910952,1851148210.0,3,1,83432032.0,3,1,0,0.23726838195875075,0
CUST_12196,10.99,0.4,0.5088594784601289,782175300.0,2,1,312870120.0,2,1,1,0.6704735926814077,1
CUST_10530,13.61,0.3088707684704719,0.5754675883628597,844123583.76,2,0,260725100.0,2,1,1,0.6066011100882163,1
CUST_16367,11.89,0.0847924704286259,0.216932784584777,614972293.37,2,1,52145020.0,1,1,0,0.42996107744581663,0
CUST_17963,10.59,0.5208333333333334,0.7684418288529253,1251480480.0,2,1,651812750.0,0,1,1,0.8571975396331625,1
CUST_00136,7.9,0.375,0.4397297819097973,344157132.0,1,1,129058924.5,3,1,1,0.5683784256677862,1
CUST_14879,12.04,0.3191489361702128,0.5224828755125229,1225407970.0,2,0,391087650.0,0,1,1,0.6644664481606398,1
CUST_31357,15.27,0.1923076923076923,0.4425079903061981,2033655780.0,3,1,391087650.0,1,1,1,0.5038663754169899,1
CUST_00026,12.68,0.4871136303250376,0.6387929718252549,1766308262.46,2,1,860392830.0,1,1,1,0.9064660936088034,1
CUST_19985,6.62,0.3171296296296296,0.5939165937504498,844749324.0,2,1,267895040.25,4,1,1,0.6138722778527427,1
CUST_27800,16.77,0.1643192488262911,0.4536745660665522,5553444630.0,3,0,912537850.0,3,1,0,0.34712296323694464,0
CUST_16612,13.48,0.4166666666666667,0.694928924696679,625740240.0,2,1,260725100.0,5,1,1,0.6487346104439711,1
CUST_21200,7.49,0.3787878787878788,0.5943019578291857,1032471396.0,3,1,391087650.0,2,1,1,0.699027659581285,1
CUST_23188,7.4,0.3333333333333333,0.4811443389700416,391087650.0,2,1,130362550.0,0,1,1,0.5602348805268235,1
CUST_16480,11.34,0.3488372093023256,0.5957083474594419,560558965.0,2,0,195543825.0,5,1,1,0.595009766296243,1
CUST_31623,13.49,0.3333333333333333,0.5059835951536856,1173262950.0,2,1,391087650.0,3,1,1,0.6740029336091703,1
CUST_18724,13.49,0.3100775193798449,0.4210806415459881,1345341516.0,2,1,417160160.0,3,1,1,0.6675708068761933,1
CUST_18059,15.65,0.0674157303370786,0.2822324893385365,4640906780.0,3,0,312870120.0,3,1,0,0.07742474745437875,0
CUST_02124,10.83,0.0705882352941176,0.2888634034473799,886465340.0,2,1,62574023.99999999,1,1,0,0.3867235836762292,0
CUST_05559,15.99,0.0782472613458529,0.180666177141286,1666033389.0,2,1,130362550.0,3,1,0,0.30761781312919656,0
CUST_31506,16.02,0.1917808219178082,0.3406299815697039,1903293230.0,2,1,365015140.0,3,1,1,0.5025315760319694,1
CUST_11815,14.11,0.136986301369863,0.2853445008464206,1903293230.0,2,1,260725100.0,2,1,0,0.3912483609486294,0
CUST_03460,16.77,0.1894736842105263,0.3645428497130697,1486133070.0,2,1,281583108.0,1,1,0,0.498260069268858,0
CUST_23059,12.84,0.1951219512195122,0.3645292563015373,1068972910.0,2,0,208580080.0,3,1,1,0.5052931841991364,1
CUST_20046,7.29,0.2878787878787879,0.3415461643822289,344157132.0,2,1,99075538.0,0,1,1,0.5362444120231581,1
CUST_17346,10.99,0.119047619047619,0.3504418414639454,1095045420.0,2,1,130362550.0,4,1,0,0.4159275486876916,0
CUST_13659,11.11,0.2912650602409639,0.4948955387427418,2164018330.0,3,1,630302929.25,2,1,1,0.7201039184068581,1
CUST_22664,10.99,0.1942803854522847,0.4040177255080165,1006503176.04,2,1,195543825.0,4,1,1,0.5040657774384977,1
CUST_29933,16.29,0.1366438356164383,0.2789599442462515,1903293230.0,2,0,260073287.25,4,1,0,0.3905754401785606,0
CUST_00479,10.99,0.4067628749292586,0.6552554352713335,1474244005.44,2,1,599667730.0,2,1,1,0.7993209432522254,1
CUST_27342,10.99,0.2892960462873674,0.5495883470095659,1351859643.5,2,1,391087650.0,5,1,1,0.6407876880098825,1
CUST_14956,15.99,0.0544662309368191,0.2187667560584029,2393456418.0,3,1,130362550.0,5,1,0,0.19587202663702957,0
CUST_14719,12.87,0.375,0.5401373596112404,1042900400.0,2,0,391087650.0,2,1,1,0.6972116998764144,1
CUST_27803,13.72,0.5340679109512031,0.7564053929843106,927555615.76,2,1,495377689.9999999,2,1,1,0.7992398951363036,1
CUST_00873,10.99,0.4347826086956521,0.6556888185074365,599667730.0,3,0,260725100.0,0,1,1,0.6536276524985133,1
CUST_00962,10.99,0.3309090909090909,0.4161824480391789,1433988050.0,2,1,474519682.0,2,1,1,0.7053037052545034,1
CUST_17239,13.22,0.3819444444444444,0.6560090987670261,938610360.0,3,0,358497012.5,5,1,1,0.6854455408877562,1
CUST_15435,15.33,0.1434720229555236,0.4384131559089593,2725880920.5,3,1,391087650.0,5,1,0,0.36436470029253465,0
CUST_09229,16.32,0.2272727272727272,0.5000260356619671,573595220.0,2,1,130362550.0,0,1,1,0.5228147901680684,1
CUST_18037,10.75,0.3472222222222222,0.6238149451043006,1877220720.0,2,1,651812750.0,2,1,1,0.7816319918316186,1
CUST_03106,11.99,0.138,0.3933702519328871,651812750.0,2,1,89950159.5,1,1,0,0.4629360731952495,0
CUST_26509,7.88,0.4677419354838709,0.5837475993733714,808247810.0,2,1,378051395.0,5,1,1,0.7253999285457301,1
CUST_29780,9.99,0.3236245954692556,0.60261626296878,322256223.6,2,1,104290040.0,2,1,1,0.5463508452585856,1
CUST_13886,17.19,0.2804262478968031,0.3556596210862685,2231389695.84,3,0,625740240.0,3,1,1,0.7046477997367064,1
CUST_03699,10.91,0.2222222222222222,0.3647641256508402,469305180.0,2,0,104290040.0,2,1,1,0.516104759690474,1
CUST_31989,16.32,0.1851851851851851,0.2480845637607169,2815831080.0,2,1,521450199.9999999,4,1,0,0.48361930787276297,0
CUST_19121,10.99,0.1958863858961802,0.4764348545713451,319440392.52,2,0,62574023.99999999,0,1,1,0.501846508107277,1
CUST_28392,18.64,0.3203883495145631,0.3930991863752701,2685468530.0,3,0,860392830.0,2,1,1,0.8193269361068809,1
CUST_18620,12.69,0.4663562035297542,0.7424320205250134,985358370.43,2,1,459527988.75,4,1,1,0.76465108440178,1
CUST_29238,14.59,0.1968503937007874,0.3679888989451345,3311208770.0,2,1,651812750.0,3,1,1,0.5225850780006839,1
CUST_00348,15.62,0.1568627450980392,0.3403127737820416,3989094030.0,3,0,625740240.0,3,1,0,0.35830369531187384,0
CUST_24993,14.22,0.359375,0.534218703725609,834320320.0,2,1,299833865.0,5,1,1,0.6481050022956076,1
CUST_16819,10.25,0.4166666666666667,0.628384482874195,1564350600.0,2,1,651812750.0,3,1,1,0.8225476362067904,1
CUST_01733,15.62,0.1267361111111111,0.3442806447669831,375444144.0,2,1,47582330.75,4,1,0,0.47405116080798454,0
CUST_09172,12.53,0.3063725490196078,0.3724704547716824,425503363.2,2,1,130362550.0,3,1,1,0.5532177014570744,1
CUST_08592,10.99,0.3456022118541558,0.4817604598073609,603526461.48,2,1,208580080.0,3,1,1,0.6000655432814631,1
CUST_10651,12.8,0.3289473684210526,0.562792535307826,792604304.0,2,1,260725100.0,4,1,1,0.616711648898306,1
CUST_03917,10.99,0.1111111111111111,0.2720360585059952,938610360.0,2,1,104290040.0,5,1,0,0.41986891159241163,0
CUST_00698,14.84,0.3389600705036946,0.4607951812581385,1538382380.04,2,0,521450199.9999999,0,1,1,0.7290715477965534,1
CUST_17449,10.99,0.0833333333333333,0.3488267283980936,1407915540.0,2,1,117326295.0,5,1,0,0.34196715666498795,0
CUST_27067,15.21,0.0310077519379844,0.0947262328843762,1345341516.0,2,0,41716016.0,5,1,0,0.2827866640555765,0
CUST_11758,9.64,0.036231884057971,0.0955315879312662,1799003190.0,3,1,65181274.99999999,0,1,0,0.23080618454836876,0
CUST_24924,13.98,0.2393162393162393,0.5030714387189534,1220193468.0,2,0,292012112.0,2,1,1,0.5641412151471282,1
CUST_00291,15.65,0.2840909090909091,0.4427526372078191,2294380880.0,2,1,651812750.0,4,1,1,0.7171834189727251,1
CUST_29373,17.27,0.2861685214626391,0.48977337255041,1639960879.0,2,0,469305180.0,5,1,1,0.6637148251126158,1
CUST_32534,11.49,0.0697674418604651,0.2792689736366375,3363353790.0,3,1,234652590.0,2,1,0,0.14660774910267135,0
CUST_09725,10.99,0.2844827586206896,0.5114751311673293,1512205580.0,3,0,430196415.0,0,1,1,0.6492798388557588,1
CUST_04643,14.96,0.065359477124183,0.3577881658492786,3989094030.0,2,0,260725100.0,3,1,0,0.10289960951871352,0
CUST_11166,15.95,0.0873440285204991,0.1502879639965183,1462667811.0,3,0,127755299.0,5,1,0,0.3419630128460862,0
CUST_23956,13.48,0.3333333333333333,0.6162514822843154,782175300.0,2,1,260725100.0,0,1,1,0.6187463989207398,1
CUST_02133,9.63,0.1583333333333333,0.2356006494278451,782175300.0,3,1,123844422.5,0,1,0,0.4727086081022682,0
CUST_30037,15.65,0.1136363636363636,0.3852200807929287,1147190440.0,2,1,130362550.0,0,1,0,0.40550053938741476,0
CUST_01155,16.77,0.2564102564102564,0.536114757416837,1728607413.0,2,0,443232670.0,5,1,1,0.620954669828124,1
CUST_01259,17.58,0.32,0.589294381404492,1303625500.0,2,1,417160160.0,4,1,1,0.6751750349644821,1
CUST_18562,10.99,0.3333333333333333,0.4698730059121799,1407915540.0,2,1,469305180.0,2,1,1,0.705081696528073,1
CUST_16972,11.14,0.3480745978822409,0.5629877657089023,1423194030.86,2,1,495377689.9999999,2,1,1,0.7255259935937557,1
CUST_00011,10.37,0.4117647058823529,0.6304001079749478,2216163350.0,2,1,912537850.0,4,1,1,0.8933707734383382,1
CUST_04737,10.99,0.2986111111111111,0.3959103557394293,938610360.0,3,1,280279482.5,1,1,1,0.6082033136815127,1
CUST_13878,14.83,0.3181818181818182,0.5281058626606423,1147190440.0,2,1,365015140.0,3,1,1,0.6535859601865438,1
CUST_01265,16.35,0.3636363636363636,0.6613611316316242,1147190440.0,2,1,417160160.0,2,1,1,0.7028562702345656,1
CUST_17028,16.0,0.2005347593582887,0.4443780324104254,1950223748.0,3,1,391087650.0,5,1,1,0.5210873974263727,1
CUST_21300,15.23,0.2864583333333333,0.3730098745433008,500592191.9999999,2,0,143398805.0,0,1,1,0.5518538809727344,1
CUST_30044,8.49,0.3148148148148148,0.3943746335881505,703957770.0,2,1,221616335.0,1,1,1,0.5937002495773165,1
CUST_01128,13.79,0.34,0.6356425714146401,1303625500.0,2,1,443232670.0,0,1,1,0.6994613242014188,1
CUST_11433,13.36,0.1851851851851851,0.392005182416047,1407915540.0,2,0,260725100.0,5,1,0,0.4918074550645909,0
CUST_31390,15.65,0.111,0.3129639360843963,651812750.0,2,0,72351215.25,4,1,0,0.444026612514313,0
CUST_28257,20.16,0.4166666666666667,0.6557338290384863,1564350600.0,3,0,651812750.0,3,1,1,0.8225476362067908,1
CUST_23638,15.31,0.2338755781924016,0.4248678954045286,1003322329.82,2,0,234652590.0,5,1,1,0.5469771339855587,1
CUST_02786,17.99,0.2352941176470588,0.4273933734598228,1329698010.0,2,0,312870120.0,3,1,1,0.5641321591824872,1
CUST_07541,10.95,0.3765690376569037,0.4908443510813584,1246265978.0,3,1,469305180.0,5,1,1,0.7320747535690649,1
CUST_03447,13.99,0.2571428571428571,0.4330939749742369,1095045420.0,2,1,281583108.0,0,1,1,0.5783899949695659,1
CUST_14172,11.66,0.0727272727272727,0.2461188623947379,2294380880.0,3,0,166864064.0,1,1,0,0.236462971538333,0
CUST_23187,15.31,0.2740740740740741,0.4102011023449601,1407915540.0,3,0,385873148.0,5,1,1,0.6247736389494266,1
CUST_24751,10.99,0.1231884057971014,0.283896118267345,1799003190.0,3,1,221616335.0,1,1,0,0.37157327801377654,0
CUST_12052,12.69,0.3145833333333333,0.6078132621997561,938610360.0,2,1,295271175.75,5,1,1,0.6235794293942603,1
CUST_17840,12.68,0.4375,0.6425597790264289,2085800800.0,2,0,912537850.0,3,1,1,0.9032049102423949,1
CUST_02172,11.99,0.2083333333333333,0.4133429664509918,312870120.0,2,1,65181274.99999999,5,1,1,0.5060295730405507,1
CUST_05178,9.63,0.1304347826086956,0.3563446434185168,1799003190.0,2,1,234652590.0,2,1,0,0.38486501716307553,0
CUST_14615,12.69,0.0476190476190476,0.2599042400731736,1095045420.0,2,1,52145020.0,0,1,0,0.3365605302682808,0
CUST_27623,12.98,0.0599982857632639,0.2141116465502129,3650255690.04,3,0,219009084.0,0,1,0,0.11241229394818615,0
CUST_02215,11.71,0.33125,0.4124096604789528,1042900400.0,2,1,345460757.5,0,1,1,0.6538985435005632,1
CUST_09222,13.06,0.2314814814814814,0.4765212077239771,563166216.0,2,0,130362550.0,0,1,1,0.5249640518537252,1
CUST_17611,16.49,0.2206433961431534,0.356107589392633,1772487447.33,3,1,391087650.0,5,1,1,0.5575563061298375,1
CUST_05209,12.18,0.065206051121544,0.2975708464480717,999620033.4,3,1,65181274.99999999,0,1,0,0.36742205487773105,0
CUST_31720,18.62,0.2884615384615384,0.3389546353290565,1355770520.0,2,0,391087650.0,2,1,1,0.64004357929543,1
CUST_11241,14.26,0.2150537634408602,0.3268510908512047,1212371715.0,2,0,260725100.0,0,1,1,0.5321532147407612,1
CUST_05790,13.11,0.3620326487625065,0.6051429224592574,396093571.92,2,0,143398805.0,0,1,1,0.573098330822057,1
CUST_14835,11.48,0.3191489361702128,0.5885741894756031,1225407970.0,2,1,391087650.0,4,1,1,0.6644664481606398,1
CUST_10970,6.62,0.1448275862068965,0.3198051192093066,756102790.0,2,1,109504542.0,1,1,0,0.46259276476452993,0
CUST_22874,7.29,0.3333333333333333,0.5463233019202983,625740240.0,2,1,208580080.0,3,1,1,0.5956529311021103,1
CUST_20440,14.84,0.1532258064516129,0.2107087957180848,808247810.0,2,1,123844422.5,5,1,0,0.46734255853177825,0
CUST_11276,9.63,0.1796407185628742,0.4316010915733663,1741643668.0,3,1,312870120.0,3,1,0,0.4794088056282749,0
CUST_31552,15.57,0.3452380952380952,0.4068658074244615,1095045420.0,2,1,378051395.0,2,1,1,0.675780438837779,1
CUST_12090,6.62,0.3372434017595307,0.5366779951241519,889072591.0,2,1,299833865.0,3,1,1,0.6377200317036095,1
CUST_13333,14.17,0.0636363636363636,0.3425507250996364,1147190440.0,2,1,73003028.0,0,1,0,0.3472148238867305,0
CUST_01262,13.99,0.32,0.5801693598346436,1303625500.0,2,0,417160160.0,1,1,1,0.6751750349644818,1
CUST_28641,7.91,0.3111111111111111,0.5785712422041993,1173262950.0,2,1,365015140.0,0,1,1,0.6486926457185147,1
CUST_32311,12.68,0.2,0.2578278754654702,391087650.0,3,1,78217530.0,3,1,1,0.5040044788321261,1
CUST_30630,13.23,0.0925925925925925,0.3357907485018298,1407915540.0,3,1,130362550.0,4,1,0,0.3547977627476385,0
CUST_18038,17.19,0.4325259515570934,0.5160818740980607,1506991078.0,2,1,651812750.0,5,1,1,0.8293597128001476,1
CUST_22489,10.99,0.24,0.4733540542491296,782175300.0,2,1,187722072.0,1,1,1,0.5418257232197077,1
CUST_10363,10.38,0.4166666666666667,0.6829179627727926,625740240.0,2,1,260725100.0,3,1,1,0.6487346104439708,1
CUST_03110,9.96,0.2592592592592592,0.4087308474564774,351978885.0,2,1,91253785.0,4,1,1,0.5261898270364572,1
CUST_09547,15.99,0.060882800608828,0.3339400317304147,3425927814.0,2,1,208580080.0,3,1,0,0.12717093836465992,0
CUST_00470,12.18,0.5555555555555556,0.6189448027466942,469305180.0,3,1,260725100.0,3,1,1,0.6775931195369712,1
CUST_02480,15.27,0.0309099901088031,0.2349147926622407,843497843.52,3,0,26072510.0,1,1,0,0.35804199236872253,0
CUST_09520,16.29,0.0980392156862745,0.1723004305209914,2127516816.0,2,0,208580080.0,5,1,0,0.298714958339176,0
CUST_21515,13.49,0.2212389380530973,0.3429242463965367,707086471.1999999,2,1,156435060.0,3,1,1,0.5235019128752968,1
CUST_08499,14.59,0.2672413793103448,0.5441980394337707,756102790.0,2,0,202061952.5,5,1,1,0.5625243332131415,1
CUST_10796,10.99,0.09375,0.3608707829377006,1668640640.0,3,1,156435060.0,3,1,0,0.33172674494396087,0
CUST_26148,7.91,0.3111111111111111,0.468466170628658,1173262950.0,2,1,365015140.0,5,1,1,0.6486926457185147,1
CUST_18647,13.49,0.4594594594594595,0.6455614703798441,964682870.0,2,0,443232670.0,5,1,1,0.7548738724517994,1
CUST_27029,15.05,0.0666666666666666,0.2678433525324537,625740240.0,2,1,41716016.0,5,1,0,0.4167507870144721,0
CUST_18700,10.0,0.5333333333333333,0.6485088412873197,782175300.0,2,1,417160160.0,5,1,1,0.7617906784042927,1
CUST_13895,14.74,0.0407014606009861,0.1091881532089086,2242027279.92,3,0,91253785.0,3,1,0,0.18896417106140972,0
CUST_22947,12.69,0.2666666666666666,0.3635064419435831,782175300.0,2,1,208580080.0,1,1,1,0.5641774385777752,1
CUST_02412,16.49,0.0459558823529411,0.3174672987776354,1418344544.0,2,0,65181274.99999999,5,1,0,0.2912638042374639,0
CUST_28328,7.37,0.1355840282014778,0.2869369119520797,1538382380.04,3,1,208580080.0,3,1,0,0.4093469958519617,0
CUST_06778,10.62,0.3086419753086419,0.6025328590290241,591324526.8,2,1,182507570.0,3,1,1,0.575119828345104,1
CUST_25078,10.99,0.375,0.4830242286562801,834320320.0,2,1,312870120.0,0,1,1,0.6608858084534068,1
CUST_20830,8.49,0.119047619047619,0.3723949044354764,1095045420.0,2,1,130362550.0,2,1,0,0.4159275486876914,0
CUST_10067,6.62,0.378,0.6323114813159392,651812750.0,2,1,246385219.5,5,1,1,0.6294278686297029,1
CUST_15752,11.26,0.1316655694535879,0.2506741393812282,3960414269.0,3,1,521450199.9999999,1,1,0,0.26673873652267527,0
CUST_24562,14.26,0.1169590643274853,0.2951453782563432,1783359684.0,3,1,208580080.0,3,1,0,0.3614508646196386,0
CUST_07530,15.99,0.2133333333333333,0.4076214730484988,782175300.0,2,1,166864064.0,1,1,1,0.5193043835054533,1
CUST_19190,14.84,0.2314814814814814,0.3569453539188214,281583108.0,2,1,65181274.99999999,2,1,1,0.5124898144846606,1
CUST_11074,14.91,0.238095238095238,0.5175542623027979,1095045420.0,2,0,260725100.0,3,1,1,0.5561937975016705,1
CUST_12275,11.71,0.3428571428571428,0.6178124854611021,912537850.0,2,1,312870120.0,3,1,1,0.6462551927107958,1
CUST_23260,9.91,0.2,0.3936441671649971,651812750.0,2,1,130362550.0,1,1,1,0.506673877705416,1
CUST_05795,19.03,0.1715686274509804,0.3121777060472571,1063758408.0,1,1,182507570.0,1,1,0,0.4781223133686762,0
CUST_00639,19.79,0.4081632653061224,0.500587626108109,1277552990.0,2,1,521450199.9999999,1,1,1,0.7694878394298231,1
CUST_09772,12.73,0.3461538461538461,0.4771642898231005,677885260.0,2,1,234652590.0,3,1,1,0.6123852098848082,1
CUST_25359,7.88,0.1041666666666666,0.1938293655210412,750888288.0,2,1,78217530.0,2,1,0,0.4301451556390495,0
CUST_05267,14.91,0.1136363636363636,0.1961778707633709,1147190440.0,2,0,130362550.0,5,1,0,0.40550053938741476,0
CUST_12722,16.77,0.192,0.3220436094266376,1629531875.0,2,1,312870120.0,4,1,1,0.5025545940985093,1
CUST_31075,15.99,0.1515151515151515,0.3932902203130157,1720785660.0,2,0,260725100.0,0,1,0,0.42769174741817856,0
CUST_20152,15.99,0.1243781094527363,0.1749457232403719,838491921.5999999,2,1,104290040.0,5,1,0,0.440140730011607,0
CUST_32320,7.9,0.4,0.5182254934408165,1303625500.0,2,1,521450199.9999999,3,1,1,0.7656446678807154,1
CUST_14198,16.82,0.4195804195804196,0.5585443787672923,894808543.1999999,2,0,375444144.0,5,1,1,0.7085978024425317,1
CUST_16132,16.07,0.2147766323024054,0.4326690493635866,758710041.0,2,1,162953187.5,4,1,1,0.5199110393151001,1
CUST_31150,12.17,0.3363095238095238,0.4738190018561693,876036336.0,2,1,294619363.0,4,1,1,0.6349804418832925,1
CUST_07221,12.99,0.6326086956521739,0.9270261127498186,1199335460.0,3,0,758710041.0,0,1,1,0.908776680475701,1
CUST_26883,13.23,0.0619834710743801,0.3593191725230907,757145690.4,2,0,46930518.0,3,1,0,0.3960173984839305,0
CUST_30146,9.99,0.1866666666666666,0.4818577083766748,782175300.0,2,1,146006056.0,2,1,0,0.49670432151660376,0
CUST_10131,7.49,0.4444444444444444,0.6263840684307799,563166216.0,2,1,250296096.0,2,1,1,0.6502100519905624,1
CUST_10536,11.48,0.3063068582105553,0.4631478692578015,851189233.9699999,2,1,260725100.0,4,1,1,0.6052071277757844,1
CUST_01201,9.32,0.2869365609348915,0.5473953604777951,1499273615.04,2,1,430196415.0,1,1,1,0.6517090237242927,1
CUST_09456,11.49,0.0357142857142857,0.0926039789022881,1460060560.0,3,1,52145020.0,1,1,0,0.2728431381808622,0
CUST_20914,9.63,0.1232809161141855,0.3670702321511122,1903397520.04,2,1,234652590.0,2,1,0,0.36465822605307757,0
CUST_01258,16.0,0.3809523809523809,0.4563939604403791,1095045420.0,2,1,417160160.0,4,1,1,0.7117749356274887,1
CUST_20408,10.99,0.0833333333333333,0.2352158836162494,1407915540.0,2,0,117326295.0,2,1,0,0.34196715666498795,0
CUST_07091,14.96,0.1296296296296296,0.3420632727207578,1407915540.0,2,0,182507570.0,5,1,0,0.40807746141311524,0
CUST_09460,14.35,0.1785714285714285,0.3448980410559435,1460060560.0,3,1,260725100.0,4,1,0,0.48104489708917675,0
CUST_18246,10.99,0.3163722646981281,0.36902108987308,1977860608.6,2,1,625740240.0,5,1,1,0.7463051275814969,1
CUST_00469,11.89,0.4291221179722161,0.6053002480694489,1433883759.96,2,1,615311236.0,0,1,1,0.8150601873577837,1
CUST_30117,17.56,0.3819444444444444,0.4398527093069445,375444144.0,2,1,143398805.0,2,1,1,0.5772671483847551,1
CUST_01218,10.99,0.4507042253521127,0.5367603511693498,925574105.0,2,1,417160160.0,0,1,1,0.7396291561359527,1
CUST_26628,14.62,0.15625,0.3800927872102802,2502960960.0,3,0,391087650.0,3,1,0,0.4079885018099485,0
CUST_02493,13.92,0.1838235294117647,0.3899708286243333,425503363.2,2,0,78217530.0,1,1,0,0.4968958016297897,0
CUST_12344,8.9,0.3125,0.4172316654793247,1001184384.0,2,1,312870120.0,2,1,1,0.6293376744128528,1
CUST_19663,9.99,0.0941176470588235,0.1756346496992471,886465340.0,2,1,83432032.0,1,1,0,0.4083799251009175,0
CUST_30388,14.11,0.1042553191489361,0.3919168061850087,1225407970.0,3,1,127755299.0,5,1,0,0.3873350955941685,0
CUST_05734,15.28,0.1766666666666666,0.3430169802428441,782175300.0,2,0,138184303.0,5,1,0,0.4882278084257042,0
CUST_20874,17.99,0.2631578947368421,0.4418465036753747,990755380.0,3,1,260725100.0,2,1,1,0.5773480123437421,1
CUST_15516,13.43,0.2557544757033248,0.3407417356718207,1529152711.5,2,0,391087650.0,5,1,1,0.6064227892000053,1
CUST_24002,14.54,0.2941176470588235,0.5293849868604186,886465340.0,2,0,260725100.0,1,1,1,0.5982222859692887,1
CUST_03607,12.53,0.3144654088050314,0.4357500999210875,829105818.0,0,1,260725100.0,1,1,1,0.6095581807491395,1
CUST_14759,20.16,0.2450980392156862,0.4659058812160284,2659396020.0,3,0,651812750.0,1,1,1,0.6522507702098221,1
CUST_17218,14.84,0.3389600705036946,0.4962180781886097,1538382380.04,2,1,521450199.9999999,1,1,1,0.7290715477965534,1
CUST_00074,7.9,0.4307692307692308,0.5862046089808534,1694713150.0,2,1,730030280.0,2,1,1,0.8538523306161487,1
CUST_00093,13.49,0.3253012048192771,0.4642043493725227,2164018330.0,2,0,703957770.0,0,1,1,0.7797721883733794,1
CUST_18959,14.42,0.1851851851851851,0.2533327381763308,2111873310.0,2,1,391087650.0,0,1,0,0.4877125571500077,0
CUST_00833,14.59,0.2105263157894736,0.430860889335139,2476888450.0,2,0,521450199.9999999,3,1,1,0.5534197197678162,1
CUST_04666,7.29,0.35,0.4121140174449724,730030280.0,2,1,255510598.0,4,1,1,0.6235643058591274,1
CUST_16915,7.9,0.373134328358209,0.6324443242923102,1746858170.0,2,1,651812750.0,2,1,1,0.7994581788787349,1
CUST_16413,15.27,0.5,0.7232481901830615,782175300.0,2,1,391087650.0,3,1,1,0.7406737794613515,1
CUST_05473,17.27,0.0925925925925925,0.2130223424060894,1407915540.0,2,0,130362550.0,3,1,0,0.3547977627476388,0
CUST_25322,10.99,0.125,0.4066134699765439,625740240.0,2,1,78217530.0,0,1,0,0.4556522996813368,0
CUST_10181,17.27,0.2666666666666666,0.3653190663536078,938610360.0,2,0,250296096.0,2,1,1,0.5768267621948326,1
CUST_18674,12.53,0.5075757575757576,0.67928712598316,860392830.0,2,1,436714542.5,0,1,1,0.7654298645666088,1
CUST_28214,14.54,0.1261696982441383,0.349225672810637,2975707711.32,3,1,375444144.0,3,1,0,0.30349441741955996,0
CUST_29580,18.78,0.0423728813559322,0.0936962693430008,1538278090.0,2,1,65181274.99999999,0,1,0,0.27123882244447,0
CUST_32323,14.09,0.392156862745098,0.5817100354312155,1329698010.0,2,1,521450199.9999999,5,1,1,0.7617572600233277,1
CUST_03544,16.29,0.1762711864406779,0.3680989074710701,1538278090.0,2,1,271154104.0,5,1,0,0.4762022882342275,0
CUST_03940,7.51,0.0975609756097561,0.3832752628886862,1068972910.0,2,1,104290040.0,0,1,0,0.3938826296427615,0
CUST_01591,15.99,0.0483933410762679,0.2514397626005495,808143519.9599999,2,0,39108765.0,1,1,0,0.37797843377810114,0
CUST_20285,16.77,0.2941176470588235,0.4882405075282079,886465340.0,3,0,260725100.0,2,1,1,0.5982222859692888,1
CUST_06359,16.32,0.2,0.3102414975204436,782175300.0,2,0,156435060.0,3,1,1,0.5080084439754033,1
CUST_27926,18.79,0.1282051282051282,0.2100222353315907,1016827890.0,3,0,130362550.0,1,1,0,0.431707377881456,0
CUST_30625,10.99,0.181801654395055,0.4239458873553281,1147294730.04,2,1,208580080.0,5,1,0,0.48911718936667764,0
CUST_10633,10.99,0.3144654088050314,0.5373856652632457,1658211636.0,3,1,521450199.9999999,3,1,1,0.7090781076034576,1
CUST_29247,15.65,0.3188020929193069,0.5148754141617897,1983231545.66,2,0,632258367.5,3,1,1,0.7507893882015877,1
CUST_23979,13.99,0.3205128205128205,0.6114977303436265,813462312.0,2,1,260725100.0,2,1,1,0.6126299223450407,1
CUST_23718,15.65,0.2890625,0.3463685536937982,834320320.0,2,1,241170717.5,1,1,1,0.5881591665113599,1
CUST_19861,16.07,0.282051282051282,0.4383781798014162,1016827890.0,2,0,286797610.0,5,1,1,0.5995049523715518,1
CUST_02025,10.99,0.3414634146341463,0.573716338480112,1068972910.0,2,1,365015140.0,4,1,1,0.6680691085750139,1
CUST_29428,12.21,0.2272727272727272,0.2825382844240686,688314264.0,3,1,156435060.0,3,1,1,0.5273693874780637,1
CUST_00997,6.54,0.375,0.4985669585787451,1251480480.0,2,1,469305180.0,0,1,1,0.7312288606963405,1
CUST_00979,15.23,0.3846153846153846,0.572257793919818,1220193468.0,2,0,469305180.0,5,1,1,0.7362788155910752,1
CUST_03095,11.66,0.4098360655737705,0.5358887764372544,763403092.8,3,0,312870120.0,2,1,1,0.6738912730845841,1
CUST_18031,15.95,0.3571632664723698,0.4845177293775127,1824971409.96,2,0,651812750.0,4,1,1,0.7889107390160993,1
CUST_28599,13.85,0.2225783475783475,0.4726084375351597,1757078593.92,3,0,391087650.0,3,1,1,0.5606945939010685,1
CUST_12100,11.49,0.3382352941176471,0.5193131761613656,886465340.0,2,1,299833865.0,3,1,1,0.6382175715971904,1
CUST_31065,16.82,0.1602564102564102,0.4555602662232571,1626924624.0,2,1,260725100.0,1,1,0,0.4467713477790124,0
CUST_31776,13.11,0.15625,0.2991811404793187,3337281280.0,3,0,521450199.9999999,1,1,0,0.3783911109366152,0
CUST_20394,16.07,0.1041666666666666,0.1995058981054057,1126332432.0,2,0,117326295.0,3,1,0,0.39606495633299943,0
CUST_00169,16.82,0.4629629629629629,0.5955753576722111,1407915540.0,2,1,651812750.0,1,1,1,0.8406342988110331,1
CUST_17429,14.11,0.2045268611944368,0.4141320281007975,1147294730.04,3,1,234652590.0,2,1,1,0.5173706145687164,1
CUST_30476,15.68,0.1630191139911154,0.3016917431560001,1279482355.74,3,0,208580080.0,3,1,0,0.46188529107871096,0
CUST_30716,10.46,0.074074074074074,0.355033527672199,2815831080.0,2,1,208580080.0,2,1,0,0.19432806547339623,0
CUST_26724,9.88,0.4411764705882353,0.5284564793685204,886465340.0,2,1,391087650.0,4,1,1,0.7237832671386144,1
CUST_22425,14.91,0.175,0.2620461696782068,1042900400.0,2,0,182507570.0,3,1,0,0.48242394551599904,0
CUST_02326,16.77,0.0886524822695035,0.3433270271169426,735244782.0,2,0,65181274.99999999,3,1,0,0.4194922436824384,0
CUST_13293,12.87,0.390625,0.6819706122447112,834320320.0,2,0,325906375.0,5,1,1,0.6734363141461533,1
CUST_11240,12.61,0.217391304347826,0.2922196643712945,1199335460.0,2,1,260725100.0,3,1,1,0.5348338534821278,1
CUST_31176,13.3,0.4444444444444444,0.5994825831914292,703957770.0,2,1,312870120.0,0,1,1,0.6845914171560357,1
CUST_23833,10.25,0.1548387096774193,0.3416743224812876,1616495620.0,2,1,250296096.0,0,1,0,0.4377429793479456,0
CUST_29096,10.99,0.5198275862068965,0.6739973166197815,756102790.0,2,1,393043088.25,1,1,1,0.7463982050965017,1
CUST_29107,16.49,0.1777777777777777,0.2524630262197601,1173262950.0,3,1,208580080.0,2,1,0,0.48375727285313874,0
CUST_02064,9.91,0.1631944444444444,0.2790932260338211,375444144.0,2,1,61270398.49999999,5,1,0,0.48886728906230054,0
CUST_29082,10.99,0.4734848484848485,0.7382137682254886,550651411.1999999,2,1,260725100.0,4,1,1,0.6627385535868962,1
CUST_17379,14.65,0.1122994652406417,0.3494933117769855,1950223748.0,3,1,219009084.0,5,1,0,0.3403531673397498,0
CUST_05525,14.26,0.4102564102564102,0.6386499336675903,1016827890.0,3,1,417160160.0,4,1,1,0.7248494529535069,1
CUST_04943,16.89,0.144927536231884,0.3237561843193144,899501595.0,2,1,130362550.0,5,1,0,0.4556294621975051,0
CUST_05932,14.46,0.1866666666666666,0.2724981805690953,782175300.0,2,1,146006056.0,0,1,0,0.49670432151660404,0
CUST_03985,15.99,0.0888888888888888,0.3402309688045959,1173262950.0,2,1,104290040.0,3,1,0,0.3735100121224146,0
CUST_00499,14.65,0.3793103448275862,0.5301192773197474,1512205580.0,2,1,573595220.0,5,1,1,0.7751533378037511,1
CUST_08243,16.89,0.238095238095238,0.3179005866196283,1314054504.0,3,1,312870120.0,3,1,1,0.5673075967050757,1
CUST_10693,16.77,0.3105590062111801,0.4646310095621853,839534822.0,2,0,260725100.0,4,1,1,0.6075054995845305,1
CUST_15816,14.84,0.1750700280112044,0.2582712391035787,3723154428.0,3,0,651812750.0,5,1,0,0.43783358375943154,0
CUST_25070,10.39,0.4,0.6188370877943797,782175300.0,2,1,312870120.0,3,1,1,0.6704735926814076,1
CUST_06835,15.21,0.0946372239747634,0.2181344825081165,1652997134.0,2,0,156435060.0,0,1,0,0.3345982387061835,0
CUST_01004,10.99,0.3103448275862069,0.565269299275318,1512205580.0,2,1,469305180.0,4,1,1,0.6868530913787515,1
CUST_19643,15.62,0.0561497326203208,0.1662382753259821,1462667811.0,2,1,82128406.5,5,1,0,0.29893100235122555,0
CUST_12371,14.38,0.3378378378378378,0.4773779414018594,1929365740.0,3,0,651812750.0,4,1,1,0.7741891685783676,1
CUST_01001,11.11,0.0572916666666666,0.1666418675562399,625740240.0,3,1,35849701.25,5,1,0,0.41058148417912255,0
CUST_11462,10.99,0.1025641025641025,0.2828730891884859,1016827890.0,2,0,104290040.0,3,1,0,0.4042140185726781,0
CUST_26025,19.74,0.2551381998582565,0.3769067333592316,1839415580.5,3,0,469305180.0,5,1,1,0.6260008186379789,1
CUST_10013,10.75,0.37,0.4544074743072107,651812750.0,2,1,241170717.5,4,1,1,0.6241389374494855,1
CUST_19809,15.99,0.1705191360363774,0.3205036009899749,550442831.12,2,0,93861036.0,0,1,0,0.48804821353401884,0
CUST_14757,11.99,0.3546099290780142,0.4994889682796509,1102867173.0,2,1,391087650.0,0,1,1,0.6866510947140992,1
CUST_08490,16.7,0.2980769230769231,0.5484627857477736,677885260.0,2,0,202061952.5,5,1,1,0.5783585717416756,1
CUST_10438,11.71,0.3400666530640005,0.5071491829165554,766688229.06,2,1,260725100.0,1,1,1,0.6217603090369562,1
CUST_18013,10.38,0.3846153846153846,0.4475803821661053,1694713150.0,2,1,651812750.0,3,1,1,0.8062765334810092,1
CUST_18360,12.21,0.3333333333333333,0.3840022306271182,1564350600.0,2,1,521450199.9999999,4,1,1,0.724812724195672,1
CUST_04570,14.84,0.1136415291604163,0.2491656747294814,2294276589.96,2,0,260725100.0,3,1,0,0.3175380669075708,0
CUST_20562,10.65,0.1136363636363636,0.3951268201710908,2294380880.0,2,1,260725100.0,0,1,0,0.3175193940874689,0
CUST_26537,15.95,0.1612903225806451,0.4179996209802238,2061031915.5,3,1,332424502.5,5,1,0,0.4349919759517346,0
CUST_14735,10.99,0.0693069306930693,0.1924332803333889,2633323510.0,3,1,182507570.0,2,1,0,0.20030573572416374,0
CUST_23599,7.9,0.0508474576271186,0.1389342411690083,1538278090.0,3,1,78217530.0,0,1,0,0.2825551954722698,0
CUST_03277,8.9,0.1925133689839572,0.3115981335413068,487555936.9999999,2,1,93861036.0,2,1,1,0.5010356562469283,1
CUST_32330,14.59,0.36,0.5212421603550659,1303625500.0,2,0,469305180.0,5,1,1,0.7226776256611668,1
CUST_15972,5.79,0.4,0.6834991332588913,782175300.0,2,1,312870120.0,2,1,1,0.6704735926814074,1
CUST_25759,15.65,0.3571428571428571,0.4209040835047414,912537850.0,2,0,325906375.0,5,1,1,0.6590678415495335,1
CUST_29730,16.02,0.180327868852459,0.392857591548248,1590423110.0,2,0,286797610.0,3,1,0,0.482377965227892,0
CUST_29003,14.22,0.4285714285714285,0.6871564200479856,730030280.0,2,1,312870120.0,3,1,1,0.6799215878689443,1
CUST_19943,14.79,0.3125,0.5277737501504979,886465340.0,2,0,277020418.75,0,1,1,0.6150804591661264,1
CUST_14705,11.71,0.375,0.5747602542961371,1042900400.0,2,1,391087650.0,4,1,1,0.6972116998764143,1
CUST_32326,16.77,0.261437908496732,0.404802541789523,1994547015.0,2,0,521450199.9999999,2,1,1,0.6486296943213892,1
CUST_29914,16.4,0.1199040767386091,0.4117649864269079,2174447334.0,2,0,260725100.0,2,1,0,0.33937003559772133,0
CUST_07344,13.99,0.1444059361947925,0.2778190525990021,1173575820.12,2,1,169471315.0,5,1,0,0.441562013222597,0
CUST_24030,12.99,0.342020658047746,0.6188239404341465,762308047.38,2,1,260725100.0,1,1,1,0.622611035794953,1
CUST_16067,12.18,0.1020408163265306,0.3457891691025758,1277552990.0,3,1,130362550.0,1,1,0,0.37982131090499227,0
CUST_17200,11.71,0.0925925925925925,0.375460595282261,563166216.0,2,1,52145020.0,5,1,0,0.44048194314647626,0
CUST_19648,9.63,0.175438596491228,0.4599778535896496,475562582.4,2,1,83432032.0,1,1,0,0.49220874334167725,0
CUST_21163,12.17,0.0717948717948717,0.2230515197666537,1016827890.0,3,0,73003028.0,1,1,0,0.37201192064505995,0
CUST_02749,15.7,0.1764705882352941,0.4646947932994286,886465340.0,3,0,156435060.0,5,1,0,0.48647060594443087,0
CUST_17744,13.24,0.2106481481481481,0.4489903821168582,1126332432.0,2,1,237259841.0,2,1,1,0.5245140587067815,1
CUST_24525,13.49,0.1851851851851851,0.3030355327976868,1407915540.0,2,0,260725100.0,1,1,0,0.4918074550645909,0
CUST_07794,10.99,0.21875,0.2981050980763871,834320320.0,2,0,182507570.0,0,1,1,0.5254782670845487,1
CUST_17909,9.62,0.25,0.4573499202067806,312870120.0,1,1,78217530.0,2,1,1,0.5201500151127997,1
CUST_02207,16.0,0.3335423197492163,0.4938908502244517,1039641336.25,2,0,346764383.0,0,1,1,0.655784746027772,1
CUST_13387,10.99,0.0153421294875728,0.2248925156155262,2039287442.16,3,1,31287012.0,0,1,0,0.17519357287501802,0
CUST_21444,11.49,0.1428571428571428,0.2004356579254636,1095045420.0,3,1,156435060.0,0,1,0,0.44362438672068666,0
CUST_16603,7.4,0.2105263157894736,0.386884231878948,495377689.9999999,1,1,104290040.0,4,1,1,0.5107232313659431,1
CUST_25715,15.33,0.0170502983802216,0.0947615135371125,18349832538.0,2,0,312870120.0,5,1,0,1.0110149691699723e-06,0
CUST_00547,6.54,0.525,0.6950744413855434,1042900400.0,2,1,547522710.0,5,1,1,0.8194087007115902,1
CUST_15263,17.39,0.2046035805626598,0.3957598121712068,2548587852.5,1,0,521450199.9999999,5,1,1,0.5387365931849614,1
CUST_05324,13.55,0.2961672473867596,0.3862687707367094,748281037.0,2,0,221616335.0,5,1,1,0.584837074378185,1
CUST_00161,17.04,0.5567528735632183,0.611887084455859,362929339.2,1,1,202061952.5,0,1,1,0.6402073117071994,1
CUST_20254,6.03,0.0833333333333333,0.3606597608062054,1251480480.0,2,1,104290040.0,2,1,0,0.35851542293735345,0
CUST_19242,6.92,0.3513513513513513,0.6189284639334556,964682870.0,2,1,338942630.0,0,1,1,0.662081426523641,1
CUST_11403,15.95,0.1461988304093567,0.4268629264815687,1783359684.0,3,1,260725100.0,3,1,0,0.4150868952400485,0
CUST_20095,11.59,0.234375,0.4196657286018916,834320320.0,3,0,195543825.0,5,1,1,0.5395486343675089,1
CUST_25608,13.79,0.1866666666666666,0.3606700222963074,1955438250.0,3,1,365015140.0,1,1,0,0.49176143016981766,0
CUST_15205,10.38,0.0884955752212389,0.2047861462010873,2946193630.0,3,1,260725100.0,3,1,0,0.21353610786427785,0
CUST_03054,12.42,0.203125,0.4232057589704462,417160160.0,2,1,84735657.5,4,1,1,0.5056843973891223,1
CUST_04830,13.22,0.3819444444444444,0.669008792639537,938610360.0,3,1,358497012.5,3,1,1,0.6854455408877562,1
CUST_10527,13.22,0.3125,0.5991101988022037,834320320.0,2,1,260725100.0,4,1,1,0.6085323200797461,1
CUST_02212,10.99,0.3978978978978979,0.4880042922591905,868214583.0,2,1,345460757.5,3,1,1,0.6857987439400602,1
CUST_22834,9.63,0.1904761904761904,0.2427872430657418,1368806775.0,3,1,260725100.0,2,1,0,0.49988490669195074,0
CUST_32266,19.03,0.4653760238272524,0.7577122094610202,1680738284.64,3,1,782175300.0,5,1,1,0.8810890955871329,1
CUST_01127,16.82,0.3407086740420074,0.575635501431029,1300913958.96,2,1,443232670.0,2,1,1,0.6999320692131787,1
CUST_23983,8.0,0.3205128205128205,0.3888579574821862,813462312.0,2,1,260725100.0,5,1,1,0.6126299223450403,1
CUST_11105,10.99,0.238095238095238,0.3866354821384413,1095045420.0,2,0,260725100.0,3,1,1,0.5561937975016703,1
CUST_18352,15.65,0.3883495145631068,0.5142602280717857,1342734265.0,2,0,521450199.9999999,3,1,1,0.7597970132102783,1
CUST_18294,10.99,0.3125,0.5211263929439977,500592191.9999999,1,1,156435060.0,4,1,1,0.5657884139705817,1
CUST_13604,9.76,0.144927536231884,0.4168920606869526,2158803828.0,3,1,312870120.0,1,1,0,0.39482366987249645,0
CUST_23873,15.62,0.23073753605274,0.509854000990269,1581949544.25,3,0,365015140.0,3,1,1,0.5684743892684371,1
CUST_28116,18.62,0.3845739689571892,0.509074663374393,1694895657.57,3,0,651812750.0,3,1,1,0.8062529793617033,1
CUST_26205,13.79,0.2916666666666667,0.410128981052052,1251480480.0,2,1,365015140.0,3,1,1,0.633827441731433,1
CUST_11838,17.74,0.334375470215505,0.5179144753094109,1559475040.63,3,1,521450199.9999999,5,1,1,0.7256154820662782,1
CUST_13723,15.28,0.1204761216326924,0.4166510160776508,2164122620.04,3,1,260725100.0,3,1,0,0.3412851835862747,0
CUST_18159,5.79,0.4006410256410256,0.470335103890323,406731156.0,3,1,162953187.5,3,1,1,0.5915800209160632,1
CUST_22998,18.79,0.3703703703703703,0.591437095035681,1407915540.0,1,0,521450199.9999999,5,1,1,0.7498312328390601,1
CUST_06100,14.46,0.1298913043478261,0.4191069709615929,1199335460.0,2,0,155783247.25,2,1,0,0.42178284063327304,0
CUST_32310,10.99,0.4508333333333333,0.6609002279471543,1564350600.0,2,0,705261395.5,5,1,1,0.8538913861336077,1
CUST_25217,13.16,0.16,0.2840329776526969,1955438250.0,3,0,312870120.0,0,1,0,0.43559618051385796,0
CUST_12299,13.79,0.3869969040247678,0.5320198626151003,808456390.0799999,2,1,312870120.0,3,1,1,0.6656584580550265,1
CUST_18221,16.0,0.224537037037037,0.4076741731682897,2815831080.0,2,1,632258367.5,0,1,1,0.6022646463652224,1
CUST_15566,17.9,0.0225563909774436,0.1067257951641682,3467643830.0,3,0,78217530.0,3,1,0,0.07406113874296424,0
CUST_12174,14.79,0.5,0.7410382131181632,625740240.0,2,1,312870120.0,0,1,1,0.6983764950920595,1
CUST_04467,15.23,0.1142857142857142,0.3645202944798513,1095045420.0,2,0,125148048.0,2,1,0,0.4104455845026603,0
CUST_22728,16.29,0.2645348837209302,0.3216631057874674,1345341516.0,3,1,355889761.5,4,1,1,0.6062448033537127,1
CUST_03953,12.73,0.0952380952380952,0.2462320774626044,1095045420.0,2,0,104290040.0,1,1,0,0.38875168088775325,0
CUST_00870,11.83,0.3431034482758621,0.5080836420500986,1512205580.0,2,1,518842948.9999999,5,1,1,0.7311058098387787,1
CUST_14426,15.27,0.5,0.6502361226137235,782175300.0,2,0,391087650.0,3,1,1,0.7406737794613515,1
CUST_10077,8.9,0.475,0.7221204423458923,521450199.9999999,2,1,247688845.0,4,1,1,0.6554594633589825,1
CUST_18627,14.35,0.3897550111358575,0.4541690319317617,1170655699.0,2,0,456268925.0,5,1,1,0.7332395989371407,1
CUST_20131,13.92,0.1388888888888889,0.2293674676052282,750888288.0,2,1,104290040.0,4,1,0,0.4580462770538949,0
CUST_02257,7.29,0.3611111111111111,0.4943264053484886,938610360.0,2,1,338942630.0,3,1,1,0.6668840168597852,1
CUST_23197,7.29,0.2976190476190476,0.4658822846250058,438018168.0,2,1,130362550.0,0,1,1,0.5506605823308452,1
CUST_03474,15.2,0.4479166666666667,0.7012181166654394,625740240.0,2,0,280279482.5,1,1,1,0.667803674171552,1
CUST_00660,10.99,0.3333333333333333,0.4996045148595531,1564350600.0,2,1,521450199.9999999,4,1,1,0.7248127241956719,1
CUST_24469,15.45,0.2040982937382643,0.2800898334931412,1277448699.96,2,1,260725100.0,1,1,1,0.5187467546940728,1
CUST_22775,8.49,0.4222222222222222,0.5850678639555699,469305180.0,2,1,198151076.0,1,1,1,0.6157188768526163,1
CUST_18860,12.86,0.0503693754197447,0.2666854942491927,776439347.8,2,0,39108765.0,0,1,0,0.3841565208280431,0
CUST_27692,14.74,0.1509803921568627,0.2649969145765591,3989094030.0,3,0,602274981.0,1,1,0,0.3352626146171245,0
CUST_16751,16.89,0.2325581395348837,0.4507730355268545,1121117930.0,3,1,260725100.0,3,1,1,0.5508701259264546,1
CUST_18890,13.49,0.0561403508771929,0.2864321253849586,743066535.0,3,1,41716016.0,4,1,0,0.3933948261533446,0
CUST_05720,7.66,0.21875,0.4614510293849729,625740240.0,2,1,136880677.5,2,1,1,0.5191159431879362,1
CUST_00955,14.83,0.3709349593495935,0.6559069149801506,1282767492.0,2,1,475823307.5,4,1,1,0.7317026237700207,1
CUST_26152,13.06,0.3111111111111111,0.579303706552635,1173262950.0,2,1,365015140.0,5,1,1,0.648692645718515,1
CUST_30759,11.11,0.3333333333333333,0.4496010367446089,703957770.0,2,1,234652590.0,5,1,1,0.6072596251906062,1
CUST_04925,10.99,0.1470588235294117,0.2690006855792093,886465340.0,2,1,130362550.0,0,1,0,0.45830223682859667,0
CUST_24407,10.99,0.2272520679938187,0.5258775001641405,1147294730.04,2,0,260725100.0,3,1,1,0.5455134110181373,1
CUST_27894,10.99,0.5,0.5933935252623435,208580080.0,2,1,104290040.0,2,1,1,0.5695118011567654,1
CUST_17040,7.9,0.3541666666666667,0.5997208115442019,625740240.0,2,1,221616335.0,5,1,1,0.6091900367995097,1
CUST_19229,10.99,0.4193548387096774,0.5925634369380501,808247810.0,3,1,338942630.0,3,1,1,0.690366771890198,1
CUST_01314,15.31,0.25,0.5203822688629446,1668640640.0,2,0,417160160.0,4,1,1,0.6058975307033194,1
CUST_04754,14.42,0.1666666666666666,0.2402254543489217,782175300.0,2,1,130362550.0,3,1,0,0.47975806046010616,0
CUST_05623,15.31,0.0684931506849315,0.1480621510834071,1903293230.0,2,0,130362550.0,2,1,0,0.26750650617588856,0
CUST_14242,10.99,0.2666666666666666,0.3772913735709924,1407915540.0,2,1,375444144.0,3,1,1,0.6141144557134807,1
CUST_19144,17.93,0.0827472072817542,0.1566878695667896,756207080.04,2,0,62574023.99999999,5,1,0,0.4125381528256647,0
CUST_21756,12.98,0.1022727272727272,0.2018358267196845,1147190440.0,3,1,117326295.0,3,1,0,0.3919502273790652,0
CUST_23894,8.9,0.4166666666666667,0.6273273150018444,625740240.0,2,1,260725100.0,3,1,1,0.6487346104439708,1
CUST_27271,15.88,0.2777777777777778,0.5746109157631698,1407915540.0,2,0,391087650.0,4,1,1,0.630058932648644,1
CUST_19238,13.61,0.3611111111111111,0.5567870698966967,938610360.0,2,1,338942630.0,5,1,1,0.6668840168597856,1
CUST_20529,15.58,0.0827643285743844,0.16047469850534,1512101289.96,2,0,125148048.0,0,1,0,0.33032694316385786,0
CUST_29778,9.99,0.2900625329616514,0.4865914343366336,346060425.23,2,1,100379163.5,3,1,1,0.5372588696073063,1
CUST_02278,16.0,0.3494623655913978,0.4595126420233649,969897372.0,2,1,338942630.0,4,1,1,0.6611168455544197,1
CUST_25842,10.99,0.1149425287356321,0.2807065181537899,2041477533.0,3,1,234652590.0,1,1,0,0.3386562776620854,0
CUST_16962,11.71,0.375,0.6322433909610238,1042900400.0,2,1,391087650.0,2,1,1,0.6972116998764143,1
CUST_09217,11.71,0.2367424242424242,0.4424390052684464,550651411.1999999,2,1,130362550.0,0,1,1,0.527541938646186,1
CUST_20398,16.95,0.1,0.1509882392418663,1173262950.0,2,1,117326295.0,0,1,0,0.386828385899506,0
CUST_08876,10.99,0.2051282051282051,0.4640809747875781,1016827890.0,2,1,208580080.0,3,1,1,0.5160587699917465,1
CUST_24207,14.11,0.2564102564102564,0.5175978656188064,1016827890.0,2,0,260725100.0,1,1,1,0.5720828650795111,1
CUST_06186,13.23,0.238095238095238,0.4977629494378068,657027252.0,2,0,156435060.0,1,1,1,0.5338076578281288,1
CUST_01387,13.06,0.03125,0.0813822127102705,834320320.0,2,1,26072510.0,2,1,0,0.35978673521446247,0
CUST_16051,12.84,0.35,0.5727734145270374,417160160.0,3,0,146006056.0,3,1,1,0.5716050338984093,1
CUST_30806,14.46,0.2794117647058823,0.3730703864958584,886465340.0,2,1,247688845.0,5,1,1,0.5845643497864961,1
CUST_08590,13.49,0.3478260869565217,0.645628378966477,599667730.0,2,1,208580080.0,1,1,1,0.6008304224826002,1
CUST_31633,16.4,0.3191489361702128,0.4633442994778003,1225407970.0,2,0,391087650.0,5,1,1,0.66446644816064,1
CUST_10346,13.16,0.4761904761904761,0.5952363374308905,547522710.0,2,0,260725100.0,5,1,1,0.6633161038661023,1
CUST_04876,9.91,0.1586495748191395,0.2948686851641511,821701225.16,2,1,130362550.0,3,1,0,0.47161319719917877,0
CUST_02104,17.19,0.08,0.2168742642549413,782175300.0,2,0,62574023.99999999,1,1,0,0.40734830283414436,0
CUST_03145,14.22,0.1166666666666666,0.3135064022237228,782175300.0,2,1,91253785.0,4,1,0,0.4376795497687702,0
CUST_13103,17.27,0.144578313253012,0.2488756128282241,2164018330.0,2,0,312870120.0,3,1,0,0.39379470580425835,0
CUST_20303,10.65,0.2610294117647059,0.3263403644016581,886465340.0,3,1,231393526.25,1,1,1,0.5673098624435352,1
CUST_24406,10.71,0.2272727272727272,0.5175009948970387,1147190440.0,2,1,260725100.0,1,1,1,0.5455347742676969,1
CUST_27198,15.62,0.3123275691545292,0.5942724957444772,2504342803.03,3,1,782175300.0,5,1,1,0.7895640267809166,1
CUST_28111,12.69,0.1666666666666666,0.4239537777317401,469305180.0,2,1,78217530.0,4,1,0,0.48785058664629055,0
CUST_00416,10.75,0.4,0.5610677227538586,1564350600.0,2,1,625740240.0,5,1,1,0.8054411804685725,1
CUST_27809,19.04,0.1146788990825688,0.3567794328016867,5683807180.0,3,0,651812750.0,3,1,0,0.13355278779390165,0
CUST_16889,19.41,0.2782608695652174,0.3743326363330019,1199335460.0,2,0,333728128.0,0,1,1,0.6120879735355936,1
CUST_13555,11.99,0.42,0.7144748714259743,782175300.0,2,1,328513626.0,5,1,1,0.685282759423673,1
CUST_18356,10.99,0.3333333333333333,0.4133508135261172,1564350600.0,2,1,521450199.9999999,0,1,1,0.7248127241956719,1
CUST_01197,10.62,0.351063829787234,0.5878018636728831,1225407970.0,2,1,430196415.0,4,1,1,0.7011615634910787,1
CUST_13267,10.74,0.41,0.523265581904632,782175300.0,2,1,320691873.0,2,1,1,0.6779228523312073,1
CUST_10557,9.88,0.2976190476190476,0.4066877684730511,876036336.0,2,1,260725100.0,3,1,1,0.6002915735332531,1
CUST_30937,18.09,0.4595588235294117,0.5950248689918715,1418344544.0,3,1,651812750.0,5,1,1,0.8394765392475245,1
CUST_03271,10.99,0.0733333333333333,0.29616524333569,782175300.0,3,1,57359522.0,1,1,0,0.40190160656289975,0
CUST_10221,14.27,0.1333333333333333,0.4184676713922121,1564350600.0,3,1,208580080.0,1,1,0,0.40416967159236833,0
CUST_12298,11.49,0.3262642740619902,0.5676569381425501,958946917.8,2,1,312870120.0,3,1,1,0.6374409390067795,1
CUST_17499,17.51,0.315407664406245,0.4196386607838624,1653257859.1,3,1,521450199.9999999,5,1,1,0.709921703601829,1
CUST_09158,10.99,0.3333333333333333,0.5828236407099299,391087650.0,2,0,130362550.0,4,1,1,0.5602348805268238,1
CUST_16538,13.99,0.1045454545454545,0.3755288615104016,1147190440.0,2,1,119933546.0,5,1,0,0.39464772599602255,0
CUST_11428,13.79,0.1851851851851851,0.4339642917025991,1407915540.0,2,1,260725100.0,2,1,0,0.4918074550645909,0
CUST_30558,13.98,0.1886792452830188,0.4241052789560593,1381843030.0,3,1,260725100.0,1,1,0,0.4971922079056875,0
CUST_23525,19.42,0.3080100574712643,0.5607218068515667,725858678.4,2,1,223571773.25,0,1,1,0.5913784824691063,1
CUST_04081,10.65,0.1617647058823529,0.4168588255342169,886465340.0,3,1,143398805.0,2,1,0,0.4723644266084788,0
CUST_10498,7.88,0.3255208333333333,0.4376257630232032,800947507.1999999,2,1,260725100.0,3,1,1,0.6150808962290525,1
CUST_30173,6.17,0.0714285714285714,0.2290481068141529,1095045420.0,3,1,78217530.0,3,1,0,0.36225016657470915,0
CUST_29588,16.77,0.2777777777777778,0.398314724340347,281583108.0,2,1,78217530.0,4,1,1,0.5265983493577938,1
CUST_04664,7.29,0.3291666666666666,0.4322754572008613,782175300.0,2,1,257466036.25,4,1,1,0.6154073423418442,1
CUST_00677,16.7,0.3669455452810803,0.4353282439351278,1421056085.04,2,0,521450199.9999999,0,1,1,0.7477890952836005,1
CUST_00523,13.49,0.4,0.5365152379395988,1407915540.0,2,1,563166216.0,4,1,1,0.7822096815389492,1
CUST_13268,10.99,0.3843269591301087,0.5239666968693312,834424610.04,2,0,320691873.0,2,1,1,0.6684255314705784,1
CUST_08543,14.91,0.24609375,0.3928357080393255,834320320.0,2,1,205321016.25,0,1,1,0.5500614289783025,1
CUST_08725,14.42,0.2705444707473791,0.5279254977673105,770964120.6999999,2,0,208580080.0,3,1,1,0.5664536636195513,1
CUST_03109,8.59,0.2693136349646045,0.4734819871954348,338838339.96,2,1,91253785.0,5,1,1,0.5288958541873106,1
CUST_06859,14.42,0.0922027230537541,0.3000769205270665,1696642515.74,2,0,156435060.0,2,1,0,0.3266179957692163,0
CUST_22204,11.22,0.1511111111111111,0.374286414351173,1173262950.0,2,0,177293068.0,2,1,0,0.45000461741404857,0
CUST_05702,13.23,0.0426257459505541,0.2840481701926445,3058305423.0,2,0,130362550.0,5,1,0,0.12329253810930976,0
CUST_22277,14.96,0.0969696969696969,0.3179760662089081,1720785660.0,2,1,166864064.0,4,1,0,0.3322003807525003,0
CUST_12890,12.68,0.1739130434782608,0.4084242289860359,1799003190.0,2,1,312870120.0,4,1,0,0.4675946352940678,0
CUST_19402,14.11,0.0874125874125874,0.2007434030354892,894808543.1999999,2,1,78217530.0,3,1,0,0.4012715375465453,0
CUST_23828,12.17,0.1777777777777777,0.4341450372002295,1407915540.0,2,0,250296096.0,0,1,0,0.4805117443210447,0
CUST_30886,10.99,0.3448275862068966,0.3949079103110646,756102790.0,2,1,260725100.0,3,1,1,0.6238149391296559,1
CUST_31991,10.99,0.1089630931458699,0.3919530625292932,1483525819.0,3,1,161649562.0,5,1,0,0.3717237694584957,0
CUST_12834,10.37,0.0833333333333333,0.1687712173344143,938610360.0,2,1,78217530.0,1,1,0,0.3926086263544494,0
CUST_13316,13.35,0.0775193798449612,0.2659563231675314,941739061.2,2,1,73003028.0,5,1,0,0.3866170408265387,0
CUST_30415,15.21,0.1450566757154402,0.4159837075799995,1258181115.07,3,0,182507570.0,5,1,0,0.43826559100292783,0
CUST_30195,11.36,0.1875,0.2999605192333298,834320320.0,2,1,156435060.0,3,1,0,0.49723824380161613,0
CUST_29585,7.29,0.021312872975277,0.2303045977340813,3058305423.0,2,1,65181274.99999999,5,1,0,0.09584791565103248,0
CUST_29853,15.62,0.081517711575515,0.3291709519549371,1407289799.76,2,0,114719044.0,4,1,0,0.33954376871369796,0
CUST_00063,10.99,0.0380228136882129,0.2798423905340866,6857070130.0,3,1,260725100.0,2,1,0,0.010612906186164513,0
CUST_00430,10.37,0.32,0.4325141634281274,1955438250.0,2,1,625740240.0,5,1,1,0.7497966877229095,1
CUST_15934,7.14,0.4166666666666667,0.5352458474473412,250296096.0,2,1,104290040.0,4,1,1,0.5610421573871233,1
CUST_28584,12.29,0.0411417824187449,0.1210436173042036,1330819127.93,3,1,54752271.0,4,1,0,0.29688878196991647,0
CUST_05300,7.51,0.4047619047619047,0.6144442040600409,547522710.0,2,1,221616335.0,0,1,1,0.6244628247071776,1
CUST_18495,10.99,0.1351351351351351,0.3964089532863448,3858731480.0,2,1,521450199.9999999,1,1,0,0.2834892024030594,0
CUST_28954,14.26,0.2564102564102564,0.337659644527778,2033655780.0,3,1,521450199.9999999,1,1,1,0.6412304310919554,1
CUST_24034,20.9,0.3253968253968254,0.5927782641075194,1642568130.0,1,0,534486454.9999999,4,1,1,0.7231939249076951,1
CUST_26653,5.79,0.4464285714285714,0.5048173559958163,876036336.0,2,1,391087650.0,3,1,1,0.725502606946703,1
CUST_02718,15.31,0.2727024815925825,0.4025326618031938,1147294730.04,2,0,312870120.0,5,1,1,0.6007655898133051,1
CUST_05003,14.84,0.1298701298701298,0.3089797730140239,1003791635.0,2,1,130362550.0,5,1,0,0.4343517915061676,0
CUST_29739,10.65,0.3092857142857143,0.5084306226514742,912537850.0,2,1,282234920.75,3,1,1,0.6153332565061699,1
CUST_01094,10.62,0.4289215686274509,0.5390643775289095,1063758408.0,2,1,456268925.0,5,1,1,0.7501557503649844,1
CUST_00461,7.88,0.7222222222222222,0.8874544482313198,469305180.0,1,1,338942630.0,0,1,1,0.7468492678846533,1
CUST_06323,17.49,0.0930232558139534,0.1605517254329083,1121117930.0,3,1,104290040.0,0,1,0,0.38364526494640633,0
CUST_10465,14.35,0.3333333333333333,0.4076621500124179,782175300.0,2,1,260725100.0,2,1,1,0.6187463989207399,1
CUST_26938,12.87,0.3092783505154639,0.3751671965573067,1264516735.0,2,0,391087650.0,0,1,1,0.6572244408923165,1
CUST_10572,15.27,0.1904761904761904,0.4896900377089864,1642568130.0,3,1,312870120.0,2,1,0,0.4998618880314145,0
CUST_07847,14.96,0.1944444444444444,0.3468007971447409,938610360.0,2,0,182507570.0,3,1,1,0.5039584444272671,1
CUST_25705,17.27,0.4487179487179487,0.5806981463429094,2033655780.0,3,0,912537850.0,1,1,1,0.9069066554719757,1
CUST_15667,16.4,0.1304347826086956,0.235877950631434,3598006380.0,3,1,469305180.0,2,1,0,0.28132510801804395,0
CUST_14531,11.48,0.1443298969072164,0.2743908354319541,2529033470.0,3,1,365015140.0,3,1,0,0.3759258106246363,0
CUST_20219,18.64,0.0975609756097561,0.1958243813388885,1068972910.0,2,1,104290040.0,0,1,0,0.39388262964276216,0
CUST_16149,10.99,0.3756443298969072,0.5238055760712823,1011613388.0,2,1,380006833.25,2,1,1,0.692505668418555,1
CUST_03480,14.59,0.2756410256410256,0.329048408474639,1016827890.0,2,0,280279482.5,1,1,1,0.5927005654614218,1
CUST_17648,8.94,0.1794871794871795,0.2624577615087207,1016827890.0,3,1,182507570.0,2,1,0,0.48780457660728016,0
CUST_12248,11.71,0.3529411764705882,0.5746126828738126,886465340.0,2,1,312870120.0,5,1,1,0.6511642009433464,1
CUST_15590,19.42,0.1146114964147173,0.2518191179802939,3548781481.12,3,1,406731156.0,1,1,0,0.2371183227901728,0
CUST_13932,6.91,0.1744104925352309,0.4591235241930316,2242340150.04,3,1,391087650.0,0,1,0,0.46084161333874685,0
CUST_23874,9.63,0.3611111111111111,0.4483757508460019,703957770.0,2,1,254206972.5,5,1,1,0.6272866673767595,1
CUST_13270,10.99,0.3153846153846154,0.5311879026222773,1016827890.0,2,1,320691873.0,5,1,1,0.6342204902536321,1
CUST_17897,17.93,0.0868055555555555,0.3637368358196635,7508882880.0,2,1,651812750.0,3,1,0,0.03299549171146977,0
CUST_30881,10.0,0.3086419753086419,0.4722422746861757,844749324.0,2,1,260725100.0,3,1,1,0.6064777274590369,1
CUST_22843,15.62,0.2271428571428571,0.436345054328236,912537850.0,2,1,207276454.5,3,1,1,0.5361299328969351,1
CUST_00475,10.99,0.2222222222222222,0.514867756859582,469305180.0,3,1,104290040.0,5,1,1,0.516104759690474,1
CUST_19255,14.84,0.1100933591685749,0.2778325295452684,592054557.0799999,2,0,65181274.99999999,4,1,0,0.4485452011383668,0
CUST_11793,13.99,0.1265886880348372,0.3763219919597376,2059623999.96,2,0,260725100.0,1,1,0,0.3609524562721064,0
CUST_21836,10.99,0.1052631578947368,0.4048127089535615,1486133070.0,2,1,156435060.0,2,1,0,0.36595888836288426,0
CUST_27332,16.29,0.0991735537190082,0.3932431575528393,3154773710.0,3,0,312870120.0,4,1,0,0.22270388159824722,0
CUST_08229,15.05,0.2179979072200907,0.3166593396370585,896998634.04,2,1,195543825.0,1,1,1,0.5266594780782863,1
CUST_14636,10.25,0.2551020408163265,0.464630134590125,2555105980.0,3,1,651812750.0,0,1,1,0.6715303557839404,1
CUST_26759,6.91,0.3947368421052631,0.4850986562481421,990755380.0,2,1,391087650.0,3,1,1,0.7062289731173936,1
CUST_13183,19.42,0.4524886877828054,0.6931344425892038,1728607413.0,3,1,782175300.0,5,1,1,0.8768824597698608,1
CUST_19906,13.57,0.27,0.3718911668112433,1042900400.0,2,1,281583108.0,4,1,1,0.5888591822621861,1
CUST_21269,16.63,0.375,0.6649032952326124,1042900400.0,0,0,391087650.0,3,1,1,0.6972116998764145,1
CUST_01884,15.37,0.4382868572773267,0.6490696032648238,886361049.9599999,2,0,388480399.0,2,1,1,0.721534793965416,1
CUST_15015,16.32,0.1633986928104575,0.426590651662009,2393456418.0,3,0,391087650.0,5,1,0,0.4300097446756248,0
CUST_06828,18.84,0.2727272727272727,0.3490153582876766,1147190440.0,3,0,312870120.0,5,1,1,0.6007862565429198,1
CUST_00805,7.49,0.0704545454545454,0.34600650139276,573595220.0,3,1,40412390.5,3,1,0,0.425876550271948,0
CUST_29788,16.07,0.1666666666666666,0.2206395547110628,625740240.0,2,1,104290040.0,3,1,0,0.48380326173119237,0
CUST_18268,14.72,0.4003134369037885,0.6080379541105062,1530560627.04,2,1,612703985.0,3,1,1,0.8009192449580832,1
CUST_03819,13.61,0.0540123456790123,0.2854929215440762,844749324.0,3,0,45626892.5,0,1,0,0.3775124193069449,0
CUST_23908,10.25,0.4081632653061224,0.6848759347582012,638776495.0,2,1,260725100.0,5,1,1,0.6462762415590915,1
CUST_01688,15.7,0.0767543859649122,0.2981257796590399,594453228.0,2,0,45626892.5,0,1,0,0.4271915947918563,0
CUST_15178,14.7,0.06,0.1848573242011088,651812750.0,2,1,39108765.0,3,1,0,0.40878924463152405,0
CUST_00577,7.49,0.3773148148148148,0.54422863515975,1407915540.0,2,1,531227391.2499999,0,1,1,0.7576990279186262,1
CUST_08532,15.62,0.1591836734693877,0.3380342123711736,1277552990.0,2,1,203365578.0,4,1,0,0.4566662898645789,0
CUST_29918,15.62,0.0970873786407767,0.2556670425467015,2685468530.0,2,0,260725100.0,2,1,0,0.2519342741815927,0
CUST_19897,15.99,0.1286549707602339,0.2304534009502801,2229199605.0,2,1,286797610.0,2,1,0,0.3547345331179543,0
CUST_00195,17.49,0.3623188405797101,0.4451594928002491,1799003190.0,2,1,651812750.0,0,1,1,0.7924616151890951,1
CUST_22855,7.66,0.4166666666666667,0.688195402493048,500592191.9999999,2,1,208580080.0,5,1,1,0.6202914216670532,1
CUST_06721,14.09,0.1111111111111111,0.3082101342052338,1407915540.0,2,0,156435060.0,3,1,0,0.3810798535296472,0
CUST_32322,7.49,0.3647438586252804,0.5584999338384116,1429633940.83,2,1,521450199.9999999,1,1,1,0.7464500879944743,1
CUST_11345,9.99,0.1480954919732243,0.3715155643631945,1760520165.24,3,1,260725100.0,0,1,0,0.41967571024711847,0
CUST_20871,15.05,0.1607142857142857,0.351764921663253,1460060560.0,2,0,234652590.0,5,1,0,0.4529136115823276,0
CUST_13420,19.29,0.1203703703703703,0.3101495557675626,563166216.0,2,0,67788526.0,2,1,0,0.45726025068586684,0
CUST_01342,16.29,0.0357142857142857,0.1938718000329424,730030280.0,2,0,26072510.0,1,1,0,0.37986468953585056,0
CUST_07093,14.96,0.1296296296296296,0.4286252310678526,1407915540.0,2,1,182507570.0,0,1,0,0.40807746141311513,0
CUST_18679,20.11,0.2042682926829268,0.3907988533101068,2137945820.0,2,0,436714542.5,4,1,1,0.5317406270051653,1
CUST_31655,17.27,0.0555555555555555,0.3225858995225859,2815831080.0,3,1,156435060.0,3,1,0,0.16134886261807727,0
CUST_22990,7.49,0.1388888888888889,0.3718108153965473,1407915540.0,3,1,195543825.0,3,1,0,0.4217985539116461,0
CUST_02023,16.0,0.4069767441860465,0.5912946027028647,896894344.0,2,0,365015140.0,3,1,1,0.6988106936988479,1
CUST_31051,15.62,0.1694915254237288,0.4521921145185304,1538278090.0,2,1,260725100.0,2,1,0,0.4649370844919701,0
CUST_08986,14.42,0.1739130434782608,0.3587179240082992,1199335460.0,2,1,208580080.0,0,1,0,0.4783795891515368,0
CUST_15744,9.91,0.3396739130434782,0.6325661841552797,1199335460.0,2,1,407382968.75,2,1,1,0.6847007295794622,1
CUST_16330,14.96,0.2293577981651376,0.522333849448022,1136761436.0,3,1,260725100.0,3,1,1,0.5476702397569378,1
CUST_22208,13.61,0.2127478512467024,0.3053339882017142,1225512260.04,3,0,260725100.0,0,1,1,0.5294492516166762,1
CUST_14042,14.79,0.0875,0.3084927489168684,2294380880.0,3,0,200758327.0,2,1,0,0.2640144054698778,0
CUST_26173,17.03,0.3460207612456747,0.6166265211699472,1883738847.5,0,0,651812750.0,5,1,1,0.7807113896069215,1
CUST_15146,12.53,0.1785714285714285,0.402165856602993,2920121120.0,3,1,521450199.9999999,3,1,0,0.4621441999173872,0
CUST_00497,14.11,0.2245869204855355,0.2772235229076895,487582009.51,3,0,109504542.0,0,1,1,0.5179797990902478,1
CUST_32385,6.54,0.2688172043010752,0.4237289408176498,969897372.0,3,1,260725100.0,0,1,1,0.5815475728951127,1
CUST_09210,20.89,0.238095238095238,0.5319976905012586,547522710.0,2,1,130362550.0,5,1,1,0.5281861863231263,1
CUST_21587,16.77,0.3069767441860465,0.433366462546934,1121117930.0,3,0,344157132.0,3,1,1,0.6378263654295894,1
CUST_19417,11.34,0.0954198473282442,0.2960239691367402,819719714.4,2,0,78217530.0,0,1,0,0.416263947363968,0
CUST_18355,7.51,0.3389830508474576,0.5805258459509001,1538278090.0,2,1,521450199.9999999,3,1,1,0.7290885677632679,1
CUST_30715,6.54,0.0929098194065385,0.2705974893007932,2244973473.55,2,1,208580080.0,5,1,0,0.27879020008213656,0
CUST_28665,10.38,0.3333333333333333,0.5248214053440273,782175300.0,2,1,260725100.0,4,1,1,0.6187463989207397,1
CUST_02026,17.49,0.3386550556361877,0.4801842862512883,1077837563.4,2,1,365015140.0,4,1,1,0.66644294775698,1
CUST_00193,10.99,0.373134328358209,0.5171649014581134,1746858170.0,2,1,651812750.0,4,1,1,0.799458178878735,1
CUST_28024,15.96,0.1395478649176667,0.4037035187675867,1121013639.96,2,1,156435060.0,4,1,0,0.4383352630312816,0
CUST_16021,16.45,0.078125,0.3301023545299981,834320320.0,2,1,65181274.99999999,5,1,0,0.39969956764198294,0
CUST_08485,10.99,0.3369565217391304,0.6339847119964969,599667730.0,2,0,202061952.5,2,1,1,0.5940333055964252,1
CUST_07746,13.16,0.2059065772443817,0.2933641138397108,886361049.9599999,2,1,182507570.0,3,1,1,0.514746704060188,1
CUST_03644,15.28,0.0550724637681159,0.1984080687112613,1799003190.0,2,0,99075538.0,2,1,0,0.2579211614627354,0
CUST_04174,12.21,0.25,0.3232600685457447,469305180.0,2,1,117326295.0,3,1,1,0.5302045791991522,1
CUST_19481,7.74,0.267761513745091,0.3994336063870387,876349206.12,3,1,234652590.0,0,1,1,0.5728217205311156,1
CUST_29037,17.58,0.2643649293484726,0.4147610441960812,1972463599.03,2,1,521450199.9999999,5,1,1,0.6527767478029474,1
CUST_00765,15.95,0.2702556618561159,0.403122966622609,1929470030.04,2,0,521450199.9999999,0,1,1,0.6607839480388605,1
CUST_20997,10.99,0.3695652173913043,0.4361020697581972,599667730.0,2,1,221616335.0,4,1,1,0.614306429354319,1
CUST_32353,10.38,0.1893939393939394,0.3225971448557921,412988558.4,2,1,78217530.0,5,1,0,0.4994807810997604,0
CUST_00779,14.11,0.2531773760696744,0.4681318954611785,2059623999.96,2,1,521450199.9999999,1,1,1,0.6362796597729912,1
CUST_22632,10.99,0.25,0.3835711563922984,782175300.0,2,0,195543825.0,2,1,1,0.550232304223962,1
CUST_27547,19.91,0.017391304347826,0.2576987371224042,3598006380.0,3,0,62574023.99999999,1,1,0,0.06288752380583419,0
CUST_18131,15.27,0.3312135665076841,0.4622650523892621,1967953054.8,2,0,651812750.0,5,1,1,0.7685668928575485,1
CUST_04250,14.46,0.1022727272727272,0.2830335630224661,1147190440.0,2,0,117326295.0,0,1,0,0.3919502273790652,0
CUST_28296,7.88,0.2638888888888889,0.4797918100739588,469305180.0,1,1,123844422.5,4,1,1,0.5372378575588606,1
CUST_18578,11.58,0.28125,0.4333990521388652,1668640640.0,2,1,469305180.0,3,1,1,0.6584055880138145,1
CUST_04184,16.45,0.2142857142857142,0.3227002906267986,547522710.0,2,0,117326295.0,2,1,1,0.5140813070261723,1
CUST_16956,7.51,0.5083333333333333,0.6671065533988688,312870120.0,1,1,159042311.0,1,1,1,0.6061349339425331,1
CUST_26520,13.23,0.3573100712155935,0.4583781167027001,1058048528.31,2,1,378051395.0,4,1,1,0.682441582428545,1
CUST_24385,15.27,0.2272727272727272,0.4418808946898477,1147190440.0,2,0,260725100.0,4,1,1,0.5455347742676974,1
CUST_24888,8.49,0.2124183006535947,0.3573882557886823,1595637612.0,3,1,338942630.0,5,1,1,0.5377458967659239,1
CUST_07431,10.37,0.5106382978723404,0.6854402149977905,1225407970.0,3,1,625740240.0,5,1,1,0.8456260571047437,1
CUST_28352,10.99,0.4166666666666667,0.6629843462389661,1564350600.0,2,1,651812750.0,0,1,1,0.8225476362067904,1
CUST_18531,9.99,0.3133333333333333,0.4999607944017836,1564350600.0,2,1,490163187.9999999,4,1,1,0.6969473209863768,1
CUST_12666,10.99,0.1923076923076923,0.4506815576003375,2033655780.0,3,1,391087650.0,0,1,1,0.5038663754169896,1
CUST_22496,11.71,0.2181818181818181,0.5055019238899079,860392830.0,2,1,187722072.0,2,1,1,0.525744537569956,1
CUST_05656,10.28,0.1174242424242424,0.4136397600295179,1032471396.0,3,1,121237171.5,3,1,0,0.4188781089590237,0
CUST_22076,16.29,0.0648148148148148,0.2587916461856783,2815831080.0,2,0,182507570.0,1,1,0,0.17723743405873965,0
CUST_01241,7.49,0.3636363636363636,0.6232755812544382,1147190440.0,2,1,417160160.0,5,1,1,0.7028562702345652,1
CUST_06754,6.99,0.1599099099099099,0.4375257867808986,1157619444.0,2,1,185114821.0,3,1,0,0.46162253762879163,0
CUST_00690,10.37,0.3076923076923077,0.5547692037840751,1694713150.0,2,1,521450199.9999999,5,1,1,0.70281780934015,1
CUST_11338,17.19,0.196078431372549,0.4176260817719948,1329698010.0,2,1,260725100.0,3,1,1,0.5079624183940715,1
CUST_28863,16.49,0.22,0.321431609247735,782175300.0,2,0,172078566.0,4,1,1,0.5249456827953655,1
CUST_16929,14.46,0.1684210526315789,0.4168559204360123,1486133070.0,2,1,250296096.0,5,1,0,0.46440580828177364,0
CUST_32150,11.71,0.3125,0.5331762854017353,834320320.0,2,1,260725100.0,3,1,1,0.608532320079746,1
CUST_15604,6.54,0.3125,0.4856092466863068,500592191.9999999,1,1,156435060.0,0,1,1,0.5657884139705813,1
CUST_22681,11.91,0.1744348311470834,0.4460588468041441,1121013639.96,2,1,195543825.0,5,1,0,0.48042295503606147,0
CUST_08266,12.53,0.2205882352941176,0.3352868893075464,886465340.0,2,0,195543825.0,5,1,1,0.5288285002175489,1
CUST_23778,14.27,0.384,0.5359332483811929,651812750.0,2,0,250296096.0,5,1,1,0.6333743720035958,1
CUST_27369,20.86,0.1788617886178861,0.4485896699239987,3206918730.0,1,0,573595220.0,3,1,0,0.4594451567481853,0
CUST_25119,12.21,0.3333333333333333,0.4479475150527163,938610360.0,2,1,312870120.0,3,1,1,0.6413151552356513,1
CUST_23412,14.96,0.074074074074074,0.1641114040038148,2815831080.0,2,0,208580080.0,0,1,0,0.19432806547339637,0
CUST_17804,6.62,0.1034482758620689,0.2661304662349187,756102790.0,2,1,78217530.0,2,1,0,0.429089407217644,0
CUST_03048,10.08,0.2586206896551724,0.3192416840636635,756102790.0,0,1,195543825.0,3,1,1,0.5555574364402173,1
CUST_21581,15.58,0.2068965517241379,0.307013009194151,756102790.0,2,0,156435060.0,0,1,1,0.5133913821779916,1
CUST_19243,11.83,0.3439153439153439,0.50425216293604,985540878.0,2,1,338942630.0,3,1,1,0.6582150871062483,1
CUST_18450,11.58,0.2308082906337995,0.4954306720062155,2259235136.52,2,1,521450199.9999999,1,1,1,0.5973243061452561,1
CUST_19693,16.32,0.1710886502421562,0.4150749660905786,495273399.96,2,1,84735657.5,3,1,0,0.4895513357114632,0
CUST_14901,10.99,0.3125,0.5886072250441442,1251480480.0,2,1,391087650.0,0,1,1,0.6596467917848262,1
CUST_01285,16.49,0.1578282828282828,0.2109687670278582,660781693.4399999,3,1,104290040.0,5,1,0,0.47657669677345044,0
CUST_00945,11.49,0.5213689864015542,0.8068202558575759,912642140.04,2,1,475823307.5,0,1,1,0.787360165234453,1
CUST_01189,10.99,0.3101851851851852,0.4221171650477965,1407915540.0,2,1,436714542.5,4,1,1,0.6748721131615559,1
CUST_03855,14.54,0.1379310344827586,0.2605539618361944,756102790.0,2,0,104290040.0,1,1,0,0.45697696388652187,0
CUST_06480,10.99,0.3409090909090909,0.4025180325809174,1147190440.0,3,0,391087650.0,3,1,1,0.6787183106920085,1
CUST_28267,14.91,0.1863143631436314,0.3349685087006762,808143519.9599999,2,1,150568745.25,3,1,0,0.49628630142472,0
CUST_00122,16.35,0.5901794145420207,0.661049342054998,1104431523.6,2,0,651812750.0,2,1,1,0.8714344790193119,1
CUST_18350,11.71,0.3508771929824561,0.5143751357917317,1486133070.0,2,1,521450199.9999999,3,1,1,0.7375139219049228,1
CUST_19742,11.71,0.1166666666666666,0.1860088914920051,782175300.0,2,1,91253785.0,0,1,0,0.43767954976877005,0
CUST_10568,15.7,0.4675781323059083,0.554528284879739,1394018892.17,3,0,651812750.0,5,1,1,0.8421664855130657,1
CUST_18402,17.14,0.2898550724637681,0.5176587874079132,1799003190.0,2,0,521450199.9999999,4,1,1,0.6845118865050205,1
CUST_30741,13.57,0.1909090909090909,0.2469400018169743,1147190440.0,2,0,219009084.0,2,1,1,0.5004418671643334,1
CUST_00536,12.42,0.6854838709677419,0.8792684131058621,808247810.0,2,1,554040837.5,3,1,1,0.8499852145365246,1
CUST_15848,17.58,0.1877346683354192,0.2720171161862363,4166387098.0,3,0,782175300.0,5,1,0,0.48727092094444974,0
CUST_30743,18.54,0.175,0.444292194249695,1251480480.0,2,1,219009084.0,2,1,0,0.4789125571389124,0
CUST_29313,12.68,0.3205128205128205,0.4281383686427579,1626924624.0,2,1,521450199.9999999,0,1,1,0.7143816895091355,1
CUST_27039,16.07,0.2723311546840958,0.4643974390425779,2393456418.0,3,1,651812750.0,5,1,1,0.7002889345475787,1
CUST_05831,10.99,0.1666666666666666,0.4565043403786792,860392830.0,2,0,143398805.0,3,1,0,0.47773642149908757,0
CUST_32182,9.25,0.3333333333333333,0.4779359126623655,782175300.0,2,1,260725100.0,0,1,1,0.6187463989207396,1
CUST_32316,16.77,0.3428571428571428,0.525107682937596,1825075700.0,2,1,625740240.0,0,1,1,0.7694551740872596,1
CUST_00408,10.74,0.4615384615384615,0.667334279550716,1355770520.0,2,1,625740240.0,0,1,1,0.8310363954917623,1
CUST_00598,11.11,0.5263157894736842,0.630707811097225,990755380.0,2,1,521450199.9999999,5,1,1,0.8088231883175606,1
CUST_23966,11.03,0.3333333333333333,0.4263630470942657,782175300.0,2,1,260725100.0,5,1,1,0.6187463989207398,1
CUST_29817,10.99,0.3625487174839119,0.5259029430959836,862974008.4899999,3,1,312870120.0,5,1,1,0.655559950488642,1
CUST_27897,12.73,0.2857142857142857,0.3393350895094351,109504542.0,2,1,31287012.0,0,1,1,0.5112937264109713,1
CUST_26749,11.14,0.4087193460490463,0.4689837276650085,956861117.0,2,1,391087650.0,0,1,1,0.712005292200247,1
CUST_21474,12.98,0.0285714285714285,0.2561946099478343,1095045420.0,3,1,31287012.0,1,1,0,0.3166741625353022,0
CUST_00643,10.99,0.3623188405797101,0.6153693806338144,1439202552.0,2,1,521450199.9999999,4,1,1,0.7449508949425062,1
CUST_19012,10.99,0.3511904761904761,0.6407251060026808,1095045420.0,2,1,384569522.5,3,1,1,0.6819416894316384,1
CUST_06116,14.74,0.3158559696778269,0.5125519466145196,495273399.96,2,0,156435060.0,5,1,1,0.5668677132999818,1
CUST_23294,12.73,0.0909090909090909,0.3034378705906504,1433988050.0,3,0,130362550.0,4,1,0,0.3498820533783178,0
CUST_06115,7.66,0.3296703296703296,0.5447197079686016,474519682.0,2,1,156435060.0,1,1,1,0.5710729414563971,1
CUST_20071,13.11,0.2777777777777778,0.5725613337675376,375444144.0,2,0,104290040.0,5,1,1,0.5354384545957092,1
CUST_32286,7.29,0.4,0.5890625911787113,312870120.0,1,1,125148048.0,2,1,1,0.5705587329711349,1
CUST_20330,15.27,0.0557692307692307,0.3083829221894619,2033655780.0,2,1,113415418.5,0,1,0,0.2335270912406167,0
CUST_02646,13.67,0.076283469372187,0.3704045731106263,1025353600.77,2,1,78217530.0,5,1,0,0.3756555109100987,0
CUST_24641,5.42,0.0682011935208866,0.330345631990487,1529152711.5,3,1,104290040.0,5,1,0,0.3076276186639836,0
CUST_00271,17.93,0.3770739064856712,0.4840131317872824,1728607413.0,2,0,651812750.0,5,1,1,0.8018648479808405,1
CUST_14368,13.16,0.2788676052004,0.4739644666748547,1355666229.96,2,0,378051395.0,1,1,1,0.6269408443728893,1
CUST_20667,6.54,0.2222222222222222,0.465114285202441,938610360.0,3,1,208580080.0,0,1,1,0.5321761381454349,1
CUST_02481,9.63,0.2083333333333333,0.383046024881346,375444144.0,2,1,78217530.0,1,1,1,0.5072353333245238,1
CUST_14213,10.99,0.32,0.5617089148865001,1173262950.0,2,1,375444144.0,2,1,1,0.6589271632349982,1
CUST_10143,10.37,0.3333333333333333,0.5716451197369931,750888288.0,2,1,250296096.0,2,1,1,0.6141668215669535,1
CUST_03549,8.94,0.344989281886388,0.5591563082373254,778420858.56,2,1,268546853.0,0,1,1,0.6274393825841015,1
CUST_19049,15.62,0.1333333333333333,0.382373902820561,782175300.0,3,0,104290040.0,5,1,0,0.45163653681046856,0
CUST_30564,15.65,0.32,0.4061845688534936,651812750.0,2,1,208580080.0,5,1,1,0.5904540596498092,1
CUST_19567,10.99,0.0564971751412429,0.1704392130045839,1384450281.0,2,1,78217530.0,5,1,0,0.3090156338893129,0
CUST_07256,14.83,0.2608695652173913,0.5019944745223338,1199335460.0,3,0,312870120.0,3,1,1,0.5904095282820632,1
CUST_22198,14.96,0.5319148936170213,0.751542715951876,1225407970.0,3,0,651812750.0,3,1,1,0.8598142369714938,1
CUST_32172,13.23,0.1666666666666666,0.4526831210042095,469305180.0,2,1,78217530.0,0,1,0,0.48785058664629055,0
CUST_18344,11.11,0.3703703703703703,0.4443272439989539,1407915540.0,2,1,521450199.9999999,4,1,1,0.7498312328390597,1
CUST_20804,9.99,0.1282051282051282,0.2764898324658555,1016827890.0,2,1,130362550.0,5,1,0,0.43170737788145536,0
CUST_00200,10.99,0.2777777777777778,0.4320644959257227,375444144.0,1,1,104290040.0,5,1,1,0.5354384545957089,1
CUST_26712,15.21,0.1440576230492196,0.2588615142575036,2171840083.0,3,1,312870120.0,5,1,0,0.3922530270582487,0
CUST_28364,6.62,0.4910760077956713,0.7593046421382211,508361799.98,2,1,249644283.25,1,1,1,0.659803202707668,1
CUST_14773,8.49,0.3488372093023256,0.5984674203906509,1121117930.0,2,1,391087650.0,2,1,1,0.6833975207754861,1
CUST_23835,20.16,0.4166666666666667,0.5486039542871006,1564350600.0,3,1,651812750.0,5,1,1,0.8225476362067908,1
CUST_10887,15.2,0.2564102564102564,0.5537682691964002,1016827890.0,2,0,260725100.0,0,1,1,0.5720828650795113,1
CUST_26184,15.65,0.3181818181818182,0.4715727769900735,1147190440.0,2,0,365015140.0,3,1,1,0.6535859601865438,1
CUST_18179,13.24,0.181159420289855,0.2529940790582846,3598006380.0,2,1,651812750.0,4,1,0,0.46342587688197684,0
CUST_02585,6.62,0.1034482758620689,0.2034321246934817,756102790.0,2,1,78217530.0,5,1,0,0.429089407217644,0
CUST_29113,14.11,0.1161290322580645,0.1913911208558194,808247810.0,2,0,93861036.0,5,1,0,0.4351616940062199,0
CUST_28425,16.29,0.1348819782690146,0.2099008088887262,1739688229.75,2,1,234652590.0,5,1,0,0.3965307715068709,0
CUST_06595,11.99,0.1136363636363636,0.3433168468937734,1147190440.0,3,1,130362550.0,5,1,0,0.4055005393874145,0
CUST_28012,9.99,0.3991666666666666,0.6785826438426805,782175300.0,2,1,312218307.25,2,1,1,0.6698488719581532,1
CUST_03500,12.99,0.3397435897435897,0.5265338114249798,813462312.0,2,1,276368606.0,5,1,1,0.6285986422390305,1
CUST_20193,13.47,0.1176609012825038,0.2883641970302516,886361049.9599999,2,1,104290040.0,2,1,0,0.43041903060599596,0
CUST_10090,17.74,0.2033898305084746,0.276669306849936,1538278090.0,1,0,312870120.0,5,1,1,0.521390650066432,1
CUST_10445,13.99,0.3333333333333333,0.5875622660491492,782175300.0,2,1,260725100.0,2,1,1,0.6187463989207399,1
CUST_02884,19.42,0.0551470588235294,0.1911064818008027,1418344544.0,2,1,78217530.0,5,1,0,0.3030681985826633,0
CUST_31879,16.4,0.1632653061224489,0.3961653847169086,2555105980.0,2,0,417160160.0,3,1,0,0.42498990861013447,0
CUST_00975,7.9,0.4186046511627907,0.5499873274147935,1121117930.0,2,1,469305180.0,5,1,1,0.7518634242324581,1
CUST_20136,12.69,0.1333333333333333,0.2544225716594901,782175300.0,2,1,104290040.0,2,1,0,0.4516365368104684,0
CUST_15463,14.42,0.234375,0.35719322642932,1668640640.0,2,0,391087650.0,3,1,1,0.578605483125892,1
CUST_31667,14.54,0.1851851851851851,0.4475741545776588,2815831080.0,3,0,521450199.9999999,1,1,0,0.48361930787276275,0
CUST_03391,15.31,0.25,0.5250603487670985,1147190440.0,2,1,286797610.0,3,1,1,0.5733894706075202,1
CUST_17946,14.91,0.1535087719298245,0.2878437315624546,5944532280.0,3,1,912537850.0,3,1,0,0.2779130784512179,0
CUST_03328,16.02,0.1065971810967665,0.184059405848269,880520807.7199999,2,0,93861036.0,1,1,0,0.4205451805677556,0
CUST_23511,11.14,0.112,0.3902809037636029,1955438250.0,2,1,219009084.0,3,1,0,0.3393865501557415,0
CUST_06783,19.13,0.0454545454545454,0.318084290193512,1147190440.0,3,0,52145020.0,5,1,0,0.3270092210249333,0
CUST_18328,10.99,0.547945205479452,0.7561008769562789,951646615.0,2,0,521450199.9999999,3,1,1,0.8137698574854542,1
CUST_31928,14.42,0.1978239366963402,0.2960519785895413,210874460.88,2,0,41716016.0,5,1,1,0.5016618414096446,1
CUST_02944,11.49,0.173491626519844,0.2516855702095947,454600284.36,2,1,78869342.75,4,1,0,0.49159293802871773,0
CUST_19193,8.9,0.0464992692971967,0.3180446397941922,784991131.0799999,3,1,36501514.0,2,1,0,0.3798197561718559,0
CUST_21013,16.07,0.2672955974842767,0.3962197206861572,829105818.0,2,1,221616335.0,5,1,1,0.5685365022974926,1
CUST_20271,10.99,0.2647370278856336,0.4402624263895094,886361049.9599999,0,0,234652590.0,3,1,1,0.570796363466145,1
CUST_01503,14.27,0.024074074074074,0.0810171227507814,1407915540.0,2,0,33894263.0,3,1,0,0.2657496183769953,0
CUST_00286,10.99,0.3066666666666666,0.4354981113250397,391087650.0,1,1,119933546.0,4,1,1,0.549065572723454,1
CUST_26145,10.99,0.3178278735045063,0.4115432142753917,1148467992.99,2,1,365015140.0,4,1,1,0.6533469330694841,1
CUST_15576,14.83,0.1865671641791045,0.2579056721903533,3493716340.0,3,1,651812750.0,3,1,0,0.48490684794598915,0
CUST_10472,7.51,0.3333333333333333,0.5521509444211687,782175300.0,2,1,260725100.0,5,1,1,0.6187463989207395,1
CUST_26114,11.36,0.3273809523809524,0.6089249892323668,1095045420.0,2,1,358497012.5,0,1,1,0.6569340366692601,1
CUST_06806,15.05,0.1022704029453876,0.3231891190969594,1529622016.68,2,0,156435060.0,5,1,0,0.3576623848498319,0
CUST_08841,15.28,0.2222222222222222,0.5111908876636698,938610360.0,2,1,208580080.0,0,1,1,0.5321761381454355,1
CUST_03273,15.95,0.24,0.5365340013783974,391087650.0,2,1,93861036.0,0,1,1,0.5209495749490388,1
CUST_00933,7.9,0.2534246575342466,0.5411698882684346,1903293230.0,2,1,482341435.0,1,1,1,0.6268776189290807,1
CUST_12287,11.11,0.4,0.6578954235119278,782175300.0,2,1,312870120.0,3,1,1,0.6704735926814077,1
CUST_05540,14.11,0.2051282051282051,0.373373369595175,1016827890.0,3,1,208580080.0,5,1,1,0.5160587699917467,1
CUST_31975,10.65,0.1666666666666666,0.4366747272352457,312870120.0,2,1,52145020.0,3,1,0,0.4918995052699712,0
CUST_16851,10.37,0.2713178294573643,0.4888314827997873,1345341516.0,2,1,365015140.0,2,1,1,0.615649160225116,1
CUST_19690,7.88,0.325,0.4876681876073793,260725100.0,2,1,84735657.5,2,1,1,0.5379244029370714,1
CUST_01818,13.57,0.168554476806904,0.4271478529586871,773414936.64,3,0,130362550.0,3,1,0,0.48156486501602175,0
CUST_24934,16.7,0.2777777777777778,0.500562765995759,1877220720.0,3,0,521450199.9999999,2,1,1,0.6703922161409388,1
CUST_07574,20.62,0.1684210526315789,0.4365591701605874,990755380.0,2,1,166864064.0,3,1,0,0.47624822146995494,0
CUST_20734,6.62,0.1586646780693682,0.4366265521529227,821623007.63,2,1,130362550.0,1,1,0,0.471629301522617,0
CUST_26197,13.43,0.2325581395348837,0.4321344344173421,2242235860.0,3,1,521450199.9999999,1,1,1,0.6006979197458797,1
CUST_16975,10.99,0.3076923076923077,0.4394343398766094,1016827890.0,2,1,312870120.0,0,1,1,0.6263176078747503,1
CUST_10413,7.49,0.3787878787878788,0.5272630418123877,688314264.0,2,1,260725100.0,2,1,1,0.6368645974532283,1
CUST_10084,13.92,0.3166666666666666,0.5746466801237432,782175300.0,2,1,247688845.0,4,1,1,0.6053258558893979,1
CUST_03179,6.62,0.2666666666666666,0.3447752270692034,782175300.0,3,1,208580080.0,3,1,1,0.5641774385777748,1
CUST_15929,17.49,0.3072916666666667,0.5138387444964038,250296096.0,2,0,76913904.5,4,1,1,0.5316306264776655,1
CUST_15841,16.32,0.1632586425043875,0.3388874720617042,2555210270.04,2,1,417160160.0,3,1,0,0.42496885174138843,0
CUST_09509,11.26,0.2678380115706021,0.4366110739991405,1460164850.04,3,1,391087650.0,0,1,1,0.6199414747358386,1
CUST_02426,14.61,0.2092675635276532,0.3762749231262983,348850183.8,2,0,73003028.0,0,1,1,0.507076104113692,1
CUST_04213,6.91,0.3602941176470588,0.5457239304364779,886465340.0,3,1,319388247.5,0,1,1,0.6575561946612157,1
CUST_23196,6.92,0.2976190476190476,0.5629774214672365,438018168.0,2,1,130362550.0,1,1,1,0.5506605823308451,1
CUST_27935,15.21,0.0869565217391304,0.2824637925597194,1799003190.0,2,1,156435060.0,3,1,0,0.3082966491999301,0
CUST_04708,15.23,0.1111111111111111,0.2482011302344765,938610360.0,3,0,104290040.0,5,1,0,0.4198689115924119,0
CUST_17913,18.64,0.1356589147286821,0.1984569647653272,6726707580.0,2,0,912537850.0,2,1,0,0.16782905986113725,0
CUST_03016,11.14,0.3862068965517241,0.5848608210560488,756102790.0,3,1,292012112.0,1,1,1,0.6550768251655184,1
CUST_14009,17.58,0.2272727272727272,0.357772608122247,2294380880.0,3,1,521450199.9999999,0,1,1,0.5903204610988014,1
CUST_02859,14.84,0.0530973451327433,0.1776253118191464,1473096815.0,2,0,78217530.0,3,1,0,0.2935991320461459,0
CUST_28749,7.51,0.2176470588235294,0.4379461012126963,2216163350.0,2,1,482341435.0,5,1,1,0.5647205957518363,1
CUST_23945,14.54,0.3333333333333333,0.5420167277955513,782175300.0,2,1,260725100.0,4,1,1,0.6187463989207399,1
CUST_04933,12.73,0.1470588235294117,0.3444274985669761,886465340.0,2,0,130362550.0,3,1,0,0.4583022368285967,0
CUST_19497,15.99,0.2702702702702703,0.4720175982704089,1157619444.0,2,1,312870120.0,1,1,1,0.5987178179949317,1
CUST_18509,7.88,0.0833333333333333,0.3548499375505236,312870120.0,2,1,26072510.0,2,1,0,0.4637006339192716,0
CUST_03240,6.99,0.2241666666666666,0.3487946717643367,782175300.0,3,1,175337629.75,1,1,1,0.5284683560461195,1
CUST_20035,9.91,0.1275862068965517,0.1890172248110868,756102790.0,2,1,96468287.0,0,1,0,0.44857416376182174,0
CUST_05655,14.84,0.0581368308450769,0.1730835031298217,2242340150.04,2,1,130362550.0,0,1,0,0.21628635104904917,0
CUST_19961,15.58,0.2386363636363636,0.3541365171445751,1147190440.0,2,0,273761355.0,0,1,1,0.5595089573994152,1
CUST_25586,7.9,0.04,0.1489607082288992,1955438250.0,3,1,78217530.0,0,1,0,0.21814806942149478,0
CUST_01508,12.87,0.0509615384615384,0.2822286314492571,677885260.0,2,1,34546075.75,5,1,0,0.39884063113156054,0
CUST_25417,16.29,0.0684931506849315,0.2273478236460415,1903293230.0,3,1,130362550.0,3,1,0,0.26750650617588867,0
CUST_15390,10.99,0.2083333333333333,0.3718922740976348,3128701200.0,3,1,651812750.0,1,1,1,0.5600080220308512,1
CUST_00988,13.11,0.36,0.4234998936315874,1303625500.0,2,1,469305180.0,2,1,1,0.7226776256611667,1
CUST_27423,15.99,0.2734375,0.5160903487556451,3337281280.0,3,1,912537850.0,3,1,1,0.7684083338099342,1
CUST_00543,15.95,0.3269230769230769,0.5451427789726129,1694713150.0,2,0,554040837.5,2,1,1,0.7314639953194022,1
CUST_15930,7.29,0.15625,0.2997408467089634,250296096.0,2,1,39108765.0,4,1,0,0.4906938981831514,0
CUST_09777,7.9,0.3360089602389397,0.5178084280780709,698352180.3499999,2,1,234652590.0,5,1,1,0.6083636643332095,1
CUST_04625,14.27,0.1388888888888889,0.3230090455496847,938610360.0,3,0,130362550.0,5,1,0,0.4476270624142295,0
CUST_00721,16.89,0.0769412878787878,0.2988548501084007,550651411.1999999,3,0,42367828.75,3,1,0,0.43259792127180846,0
CUST_02517,9.99,0.15625,0.2065784222947969,500592191.9999999,2,1,78217530.0,0,1,0,0.4813942416637795,0
CUST_02660,10.99,0.0714285714285714,0.1622689217667669,1095045420.0,2,0,78217530.0,3,1,0,0.36225016657470943,0
CUST_20716,17.99,0.1666666666666666,0.387529342588479,782175300.0,2,0,130362550.0,3,1,0,0.47975806046010633,0
CUST_19036,14.42,0.037037037037037,0.187520352844322,1407915540.0,2,1,52145020.0,5,1,0,0.2814740581736709,0
CUST_30666,14.93,0.1851851851851851,0.3853507784390521,1407915540.0,3,0,260725100.0,5,1,0,0.4918074550645911,0
CUST_17419,12.18,0.0833333333333333,0.1465863707085657,469305180.0,2,1,39108765.0,5,1,0,0.4456703362875223,0
CUST_09816,10.99,0.3103448275862069,0.4366901108425219,756102790.0,2,1,234652590.0,5,1,1,0.5969382734755616,1
CUST_21042,16.29,0.1545454545454545,0.2903134907558148,1433988050.0,2,0,221616335.0,0,1,0,0.44426069531659407,0
CUST_10362,10.99,0.4166666666666667,0.5495473648384044,625740240.0,2,1,260725100.0,5,1,1,0.6487346104439711,1
CUST_00120,14.59,0.2770083102493075,0.4708728564902416,338838339.96,1,1,93861036.0,5,1,1,0.5317116789336248,1
CUST_01119,12.99,0.5782312925170068,0.6504658153474719,766531794.0,2,0,443232670.0,1,1,1,0.7838924577493586,1
CUST_17465,11.46,0.1590764475956731,0.2654581949110434,1147294730.04,2,1,182507570.0,2,1,0,0.4609331245641341,0
CUST_02876,13.47,0.05,0.2398752338712396,1564350600.0,2,0,78217530.0,5,1,0,0.2782088119696091,0
CUST_00490,11.99,0.1640509651665117,0.3249574235601908,476787990.3699999,1,1,78217530.0,1,1,0,0.4863059941313282,0
CUST_30559,13.8,0.3333333333333333,0.633325214817534,625740240.0,2,1,208580080.0,4,1,1,0.5956529311021108,1
CUST_19647,10.99,0.2666666666666666,0.505612113738385,312870120.0,2,1,83432032.0,5,1,1,0.5257904526254893,1
CUST_01606,12.23,0.0428816466552315,0.2540035909947764,912016399.8,2,0,39108765.0,3,1,0,0.35802184779545887,0
CUST_04992,16.45,0.1351351351351351,0.3892881941500085,964682870.0,2,1,130362550.0,5,1,0,0.4423069014069436,0
CUST_29457,10.36,0.0384615384615384,0.2416404582437951,1016827890.0,2,1,39108765.0,3,1,0,0.3383718164188715,0
CUST_14907,11.89,0.3125,0.5538312024683982,1251480480.0,2,1,391087650.0,5,1,1,0.6596467917848262,1
CUST_28823,10.99,0.3636363636363636,0.637930075564211,1147190440.0,2,1,417160160.0,2,1,1,0.7028562702345654,1
CUST_32472,14.59,0.1851851851851851,0.4368638481470555,1407915540.0,2,0,260725100.0,5,1,0,0.4918074550645911,0
CUST_14702,14.27,0.375,0.5049481877700197,1042900400.0,2,1,391087650.0,3,1,1,0.6972116998764144,1
CUST_08176,16.32,0.1761904761904762,0.3183608016401837,1095045420.0,2,1,192936574.0,2,1,0,0.48295724748356345,0
CUST_08510,10.95,0.2363636363636363,0.4551137002501979,860392830.0,2,1,203365578.0,0,1,1,0.5426209244381008,1
CUST_20737,18.25,0.15625,0.3917808531388544,834320320.0,2,0,130362550.0,3,1,0,0.46901583004928216,0
CUST_07617,16.4,0.0927536231884058,0.2830579860905711,1799003190.0,2,0,166864064.0,2,1,0,0.3180223347138541,0
CUST_30492,13.47,0.2851711026615969,0.5382170270052694,685707013.0,2,1,195543825.0,3,1,1,0.5698683636144828,1
CUST_01325,11.89,0.2318840579710145,0.4654348790457395,1799003190.0,2,1,417160160.0,3,1,1,0.579906797360152,1
CUST_20083,11.12,0.2222222222222222,0.5077581915765406,469305180.0,2,1,104290040.0,4,1,1,0.516104759690474,1
CUST_08648,9.91,0.2666666666666666,0.5496466176870353,782175300.0,2,1,208580080.0,2,1,1,0.5641774385777751,1
CUST_17882,11.99,0.4383561643835616,0.5419562956715234,1903293230.0,2,1,834320320.0,0,1,1,0.8854414525159198,1
CUST_23761,9.63,0.2033898305084746,0.3559977692005905,1538278090.0,3,1,312870120.0,3,1,1,0.5213906500664315,1
CUST_17808,10.65,0.4152249134948096,0.4876334275103439,1883738847.5,2,1,782175300.0,5,1,1,0.862363364304349,1
CUST_10373,8.7,0.4166666666666667,0.6589095048122243,625740240.0,2,1,260725100.0,4,1,1,0.6487346104439708,1
CUST_09647,14.5,0.1909090909090909,0.4307690591469148,1147190440.0,2,0,219009084.0,5,1,1,0.5004418671643335,1
CUST_00530,5.99,0.3645833333333333,0.6237234375814444,500592191.9999999,3,1,182507570.0,1,1,1,0.5933271289065529,1
CUST_03633,8.88,0.3454545454545454,0.4304826936806828,286797610.0,2,1,99075538.0,1,1,1,0.5480077521976837,1
CUST_18300,11.99,0.3125,0.5401161401375583,500592191.9999999,1,1,156435060.0,0,1,1,0.5657884139705818,1
CUST_01899,11.99,0.5666666666666667,0.6969427494900268,782175300.0,3,1,443232670.0,3,1,1,0.7816948477749387,1
CUST_09866,6.03,0.0847457627118644,0.1554836578375816,1538278090.0,3,1,130362550.0,3,1,0,0.3305441458784377,0
CUST_04102,10.99,0.2210526315789473,0.2895882759529482,495377689.9999999,2,0,109504542.0,1,1,1,0.5163714490724531,1
CUST_01546,16.29,0.0555555555555555,0.2284892855856781,703957770.0,2,0,39108765.0,5,1,0,0.3984191171072635,0
CUST_29542,10.99,0.1714285714285714,0.3629839496372408,365015140.0,2,1,62574023.99999999,3,1,0,0.49243331608498914,0
CUST_14708,10.99,0.375,0.5123153198161257,1042900400.0,2,1,391087650.0,5,1,1,0.6972116998764143,1
CUST_03800,15.21,0.1333333333333333,0.2351130331655333,782175300.0,2,1,104290040.0,4,1,0,0.45163653681046856,0
CUST_22294,10.36,0.1041666666666666,0.3446152359539992,1251480480.0,3,1,130362550.0,0,1,0,0.38490861431642803,0
CUST_23522,10.78,0.0869897959183673,0.2105202230974082,2555105980.0,2,1,222268147.75,0,1,0,0.2409716041905851,0
CUST_31233,19.03,0.4653760238272524,0.5466605257134562,1680738284.64,3,1,782175300.0,5,1,1,0.8810890955871329,1
CUST_18536,16.02,0.367063492063492,0.5989369508987966,1314054504.0,2,1,482341435.0,4,1,1,0.7321758576107081,1
CUST_21078,15.31,0.1020408163265306,0.1663283525687404,1277552990.0,2,0,130362550.0,1,1,0,0.37982131090499244,0
CUST_28103,11.12,0.0700280112044818,0.2535530056484692,1861577214.0,2,1,130362550.0,5,1,0,0.27431406578174633,0
CUST_09709,9.99,0.4427083333333333,0.6844610875016031,500592191.9999999,2,1,221616335.0,3,1,1,0.633511177048881,1
CUST_00939,13.16,0.3763704794632629,0.5709236622571725,1274632868.88,2,1,479734184.0,0,1,1,0.7363254311940671,1
CUST_15088,15.27,0.1217404963870562,0.1984317884847088,331955197.32,2,1,40412390.5,1,1,0,0.4752589026695149,0
CUST_10163,16.77,0.3096774193548387,0.4923558968898052,808247810.0,2,1,250296096.0,3,1,1,0.6028775588640862,1
CUST_16192,10.99,0.28,0.4096701526408494,782175300.0,2,1,219009084.0,5,1,1,0.575261989657389,1
CUST_18548,14.65,0.4285714285714285,0.5001743968583784,1095045420.0,2,1,469305180.0,0,1,1,0.7558605298406533,1
CUST_07819,18.3,0.2039627039627039,0.4047356514737847,894808543.1999999,2,0,182507570.0,3,1,1,0.5130031615556546,1
CUST_27033,16.69,0.0634920634920634,0.3511484389912822,657027252.0,2,1,41716016.0,5,1,0,0.410481233331239,0
CUST_12361,15.05,0.2027027027027027,0.2670982729316823,1929365740.0,3,1,391087650.0,0,1,1,0.5253864306538829,1
CUST_00019,18.25,0.3097345132743362,0.3625784248574288,2946193630.0,2,1,912537850.0,3,1,1,0.8209023406998118,1
CUST_13444,16.49,0.2206433961431534,0.3890135790954422,1772487447.33,3,0,391087650.0,5,1,1,0.5575563061298375,1
CUST_15342,16.0,0.2678571428571428,0.4316458489043372,1460060560.0,2,1,391087650.0,5,1,1,0.6199617767532137,1
CUST_09198,10.99,0.250400641025641,0.5032664334776956,520615879.6799999,2,1,130362550.0,5,1,1,0.5337226185251992,1
CUST_13583,16.0,0.32,0.4851177857270842,1042900400.0,2,0,333728128.0,2,1,1,0.6422971423904306,1
CUST_23199,14.35,0.2976190476190476,0.5163984718892431,438018168.0,2,0,130362550.0,0,1,1,0.5506605823308457,1
CUST_31650,13.98,0.3125,0.447309584598541,1251480480.0,2,1,391087650.0,5,1,1,0.6596467917848264,1
CUST_26253,15.33,0.2005428025188176,0.3329156245117921,1950145530.47,3,0,391087650.0,5,1,1,0.5211035250366333,1
CUST_02429,8.0,0.1891891891891892,0.3027635440510495,385873148.0,2,1,73003028.0,3,1,0,0.49942922846127297,0
CUST_08030,12.18,0.1020408163265306,0.386542492301022,1277552990.0,3,1,130362550.0,5,1,0,0.37982131090499227,0
CUST_14338,9.88,0.4027777777777778,0.695219474613225,938610360.0,2,1,378051395.0,3,1,1,0.7034327437092024,1
CUST_19916,15.99,0.225,0.3903703921708478,1251480480.0,2,1,281583108.0,3,1,1,0.5465935939001368,1
CUST_03751,12.87,0.1538461538461538,0.3230371021735119,677885260.0,2,0,104290040.0,0,1,0,0.47305281553900175,0
CUST_21464,7.66,0.1309523809523809,0.3336636406519423,1095045420.0,3,1,143398805.0,2,1,0,0.4297209698998995,0
CUST_16302,14.65,0.3225806451612903,0.6018176490718253,808247810.0,2,0,260725100.0,2,1,1,0.6136518624214576,1
CUST_17165,11.86,0.3571428571428571,0.4267188584442145,1825075700.0,2,1,651812750.0,0,1,1,0.7888963891670786,1
CUST_00006,7.14,0.2525252525252525,0.4759334478483417,258117849.0,1,1,65181274.99999999,4,1,1,0.5173323767369772,1
CUST_18030,14.09,0.3623188405797101,0.5439740775358535,1799003190.0,2,0,651812750.0,2,1,1,0.7924616151890949,1
CUST_14891,9.63,0.3571428571428571,0.4442211482658275,1095045420.0,2,1,391087650.0,5,1,1,0.688039905295602,1
CUST_18609,13.99,0.1754112419115927,0.3124900817221572,2675456686.16,2,0,469305180.0,5,1,0,0.4561970447317976,0
CUST_02011,14.42,0.3768708947991817,0.5913849006316557,968541601.48,2,1,365015140.0,2,1,1,0.686206602050083,1
CUST_20965,16.89,0.1136363636363636,0.4114182264158669,1147190440.0,2,0,130362550.0,4,1,0,0.4055005393874148,0
CUST_08755,14.3,0.2564102564102564,0.3211240268348305,813462312.0,2,0,208580080.0,0,1,1,0.5578111538204643,1
CUST_14823,12.99,0.3198976327575176,0.4705302666279468,1222539993.9,2,0,391087650.0,0,1,1,0.6649945464904108,1
CUST_32575,15.58,0.3076733739462187,0.5777516583079262,1694817440.04,2,0,521450199.9999999,0,1,1,0.7027998116968477,1
CUST_23398,12.29,0.0901785714285714,0.363537795873456,1460060560.0,3,0,131666175.5,1,1,0,0.3462764538335494,0
CUST_14221,10.99,0.3139238298707244,0.4829060484689575,1195972106.21,2,0,375444144.0,1,1,1,0.6546978542347248,1
CUST_06051,9.63,0.1868932038834951,0.4030222837316681,805640559.0,2,1,150568745.25,0,1,0,0.4968032805231529,0
CUST_00585,13.11,0.5262603936427744,0.7792518103385278,990859670.04,2,1,521450199.9999999,5,1,1,0.8088098640643396,1
CUST_29404,7.9,0.32,0.5611862165894232,1303625500.0,2,1,417160160.0,0,1,1,0.6751750349644814,1
CUST_16628,15.28,0.125,0.3405369743417949,1668640640.0,2,1,208580080.0,2,1,0,0.3836017216468013,0
CUST_17278,10.99,0.092063492063492,0.2230552552157666,821284065.0,2,0,75610279.0,3,1,0,0.4132062013744378,0
CUST_10535,11.14,0.3069367710251688,0.4152145259605802,849442375.8,2,1,260725100.0,0,1,1,0.6055519257023229,1
CUST_19836,16.32,0.1058948111542534,0.3359013593188669,886361049.9599999,2,1,93861036.0,5,1,0,0.4193697541125235,0
CUST_02174,13.11,0.1984126984126984,0.3208316783986326,328513626.0,2,0,65181274.99999999,4,1,1,0.5027985621617866,1
CUST_09234,13.06,0.2174669450243563,0.3866249035153292,599459149.92,2,0,130362550.0,1,1,1,0.5174811429554556,1
CUST_31210,11.03,0.1351351351351351,0.1988662028280853,1929365740.0,3,1,260725100.0,0,1,0,0.38612986686290673,0
CUST_00514,7.4,0.2105263157894736,0.4025206743887559,495377689.9999999,1,1,104290040.0,3,1,1,0.5107232313659431,1
CUST_27638,8.0,0.3888888888888889,0.4416290652221834,469305180.0,1,1,182507570.0,5,1,1,0.5995491655797501,1
CUST_04167,7.49,0.25,0.4498121468326972,469305180.0,2,1,117326295.0,4,1,1,0.530204579199152,1
CUST_23313,16.49,0.1355840282014778,0.2178390554081467,1538382380.04,2,0,208580080.0,5,1,0,0.40934699585196244,0
CUST_00993,12.98,0.3461538461538461,0.4411320577789605,1355770520.0,2,1,469305180.0,4,1,1,0.7139607500426873,1
CUST_05224,16.45,0.0629370629370629,0.3609605271352241,3728368930.0,2,0,234652590.0,4,1,0,0.11274095693907216,0
CUST_04352,8.49,0.32,0.5741659333247014,391087650.0,2,1,125148048.0,4,1,1,0.5546571277449241,1
CUST_07587,8.49,0.046875,0.2756882281047586,1251480480.0,3,1,58663147.5,0,1,0,0.3143956631276126,0
CUST_22736,11.28,0.1136363636363636,0.2440314527541259,1720785660.0,2,0,195543825.0,4,1,0,0.36033823610387244,0
CUST_00578,9.76,0.7711538461538462,1.053888087378513,677885260.0,2,1,522753825.4999999,2,1,1,0.8463864431253199,1
CUST_31888,15.62,0.0546925001454587,0.3365637475767975,4481082293.7,3,0,245081594.0,5,1,0,0.06662436858467459,0
CUST_00959,8.88,0.5055555555555555,0.7833928516703529,938610360.0,2,1,474519682.0,4,1,1,0.7827862676785929,1
CUST_09353,15.68,0.276268115942029,0.4501590763432726,1439202552.0,3,1,397605777.5,0,1,1,0.6306209437554627,1
CUST_28121,14.72,0.1851851851851851,0.3810271051545607,281583108.0,2,0,52145020.0,5,1,0,0.49836135022526873,0
CUST_20092,16.45,0.2003205128205128,0.2836985595884743,520615879.6799999,2,1,104290040.0,3,1,1,0.5055115306376977,1
CUST_00273,14.96,0.3164556962025316,0.5110997672663155,2059728290.0,2,0,651812750.0,3,1,1,0.7548057163377062,1
CUST_25810,14.84,0.1636904761904762,0.3273879832266538,438018168.0,2,0,71699402.5,1,1,0,0.48724797408580395,0
CUST_27078,14.07,0.2682461873638344,0.458377037142038,2393456418.0,3,0,642035558.75,5,1,1,0.6913164233446607,1
CUST_09965,15.05,0.1875,0.4496586158991382,1251480480.0,2,0,234652590.0,1,1,0,0.495857418363781,0
CUST_24323,10.99,0.2409638554216867,0.4977088079359163,1082009165.0,2,0,260725100.0,3,1,1,0.5588508801166572,1
CUST_18269,13.57,0.3527777777777778,0.4185993584339262,469305180.0,1,1,165560438.5,5,1,1,0.5817850282201392,1
CUST_29597,14.09,0.1388888888888889,0.3462122638072131,563166216.0,2,0,78217530.0,1,1,0,0.4685023157056671,0
CUST_12814,14.09,0.136986301369863,0.2703546401016095,1903293230.0,3,1,260725100.0,3,1,0,0.3912483609486294,0
CUST_12760,10.99,0.2178570131803493,0.3226865505587296,1436125995.82,2,0,312870120.0,5,1,1,0.5424018458629,1
CUST_28382,15.62,0.3167420814479638,0.4205130403956647,1728607413.0,3,0,547522710.0,5,1,1,0.7202690322243498,1
CUST_09787,5.99,0.3,0.4747919718731733,782175300.0,2,1,234652590.0,2,1,1,0.5917446013150311,1
CUST_08557,7.51,0.5161290322580645,0.5802227948644927,404123905.0,2,1,208580080.0,1,1,1,0.6388762556650851,1
CUST_02547,15.2,0.1,0.3848765287061619,782175300.0,2,0,78217530.0,5,1,0,0.4238205218503842,0
CUST_28745,10.99,0.0641025641025641,0.1677018533899201,2033655780.0,3,1,130362550.0,3,1,0,0.24693624571326706,0
CUST_19062,6.76,0.1859723698193411,0.4639754420825736,294410782.92,2,1,54752271.0,5,1,0,0.49853791766044614,0
CUST_26162,14.83,0.1384083044982699,0.4134771990398933,1883738847.5,3,0,260725100.0,5,1,0,0.3951030623045208,0
CUST_01365,7.88,0.4614674665436086,0.610544001055763,677989550.04,3,1,312870120.0,0,1,1,0.6892057995686969,1
CUST_04847,14.17,0.1666666666666666,0.4622524942611252,782175300.0,2,0,130362550.0,0,1,0,0.47975806046010605,0
CUST_20022,10.99,0.0534591194968553,0.1774120915601504,829105818.0,3,1,44323267.0,0,1,0,0.379222989280693,0
CUST_01307,16.32,0.2711864406779661,0.4308706265894277,1538278090.0,2,1,417160160.0,5,1,1,0.6313026028417584,1
CUST_02206,7.66,0.403030303030303,0.6058366841609795,860392830.0,2,1,346764383.0,3,1,1,0.6884033699097629,1
CUST_27350,14.96,0.2459016393442623,0.3611453334223776,1590423110.0,2,0,391087650.0,0,1,1,0.5942774770957031,1
CUST_09810,6.62,0.2622377622377622,0.377707384594683,894808543.1999999,2,1,234652590.0,2,1,1,0.5690856195348816,1
CUST_21700,15.96,0.1395478649176667,0.2307919573839941,1121013639.96,2,1,156435060.0,4,1,0,0.4383352630312816,0
CUST_01026,16.0,0.3308823529411764,0.5496891449214654,1418344544.0,2,0,469305180.0,5,1,1,0.703286759883074,1
CUST_25827,14.11,0.1809954751131221,0.429143990539036,1728607413.0,3,1,312870120.0,5,1,0,0.4820975374186194,0
CUST_17826,6.54,0.3596982423393996,0.5109885883526287,670480667.16,2,1,241170717.5,5,1,1,0.620513771615494,1
CUST_30585,16.89,0.0648148148148148,0.3645370987347118,1407915540.0,3,0,91253785.0,2,1,0,0.31700095044028426,0
CUST_25184,10.99,0.2688172043010752,0.5649152751958266,1939794744.0,3,1,521450199.9999999,1,1,1,0.6588692203072551,1
CUST_18375,13.8,0.3076923076923077,0.40728503553504,1694713150.0,2,0,521450199.9999999,4,1,1,0.7028178093401503,1
CUST_24633,13.49,0.1694915254237288,0.4549296307101823,1538278090.0,2,0,260725100.0,0,1,0,0.46493708449196985,0
CUST_19726,9.32,0.1822916666666666,0.2325159725987142,500592191.9999999,2,1,91253785.0,4,1,0,0.495516835795044,0
CUST_17759,7.4,0.1794871794871795,0.2503691685691882,406731156.0,2,1,73003028.0,5,1,0,0.4951210177989607,0
CUST_27557,10.99,0.072463768115942,0.2669629954589528,3598006380.0,3,1,260725100.0,1,1,0,0.13678109307631942,0
CUST_10720,8.32,0.2945681630729351,0.5390461610501573,885109569.4799999,2,1,260725100.0,5,1,1,0.5984914930448106,1
CUST_00119,9.64,0.5208333333333334,0.8037196437256436,1251480480.0,2,1,651812750.0,2,1,1,0.8571975396331625,1
CUST_07881,11.99,0.0408163265306122,0.2620746511473567,1277552990.0,3,1,52145020.0,5,1,0,0.3037608717127118,0
CUST_12348,5.99,0.3125,0.5259506981904319,1001184384.0,2,1,312870120.0,5,1,1,0.6293376744128526,1
CUST_22523,9.76,0.3061224489795918,0.5979004152338601,1277552990.0,3,1,391087650.0,0,1,1,0.6547938718981666,1
CUST_23758,15.65,0.3050847457627119,0.5511456530456686,1538278090.0,3,0,469305180.0,3,1,1,0.6822012030932578,1
CUST_24839,12.21,0.1249937503124843,0.2894795737825308,2085905090.04,2,1,260725100.0,3,1,0,0.35595901527552865,0
CUST_00994,13.85,0.3461538461538461,0.4297142680019767,1355770520.0,2,0,469305180.0,4,1,1,0.7139607500426874,1
CUST_03088,10.99,0.3090909090909091,0.5504058875855465,286797610.0,2,1,88646534.0,5,1,1,0.5367846646120753,1
CUST_32133,10.99,0.3137931034482759,0.5830107461393436,1512205580.0,2,1,474519682.0,4,1,1,0.6916954579581839,1
CUST_09096,14.61,0.1454545454545454,0.2617344674901331,1433988050.0,2,1,208580080.0,1,1,0,0.43035276144330487,0
CUST_17636,13.79,0.2941176470588235,0.5874916842144061,886465340.0,2,0,260725100.0,2,1,1,0.5982222859692887,1
CUST_00226,15.21,0.3147980255867835,0.510006408034854,2070574454.16,2,0,651812750.0,4,1,1,0.7531434092003949,1
CUST_10160,14.91,0.32,0.4109795003756994,782175300.0,2,0,250296096.0,5,1,1,0.6080234181551538,1
CUST_11916,11.48,0.4029304029304029,0.6154800925189801,711779523.0,2,1,286797610.0,5,1,1,0.6582358006526436,1
CUST_16607,16.77,0.160919540229885,0.2591343656103215,907323348.0,2,1,146006056.0,5,1,0,0.4708870493163605,0
CUST_17868,10.78,0.1949406111161483,0.4933113098238274,287553712.79,3,0,56055896.5,5,1,1,0.5013673920600566,1
CUST_12030,15.28,0.2206896551724138,0.2966623948714367,1890256975.0,3,0,417160160.0,4,1,1,0.5614365841302094,1
CUST_01537,15.62,0.217391304347826,0.3181069311761901,719601276.0,3,0,156435060.0,5,1,1,0.5209220009830055,1
CUST_00587,11.22,0.5187260089220873,0.769788811194984,1005251695.56,2,0,521450199.9999999,0,1,1,0.8069643129159991,1
CUST_09476,14.26,0.1045751633986928,0.2601245087756408,1994547015.0,2,1,208580080.0,3,1,0,0.3222258748960573,0
CUST_09145,7.88,0.4686914135733033,0.6873929697619774,278141536.68,2,1,130362550.0,1,1,1,0.5830810965904397,1
CUST_24322,9.91,0.0363636363636363,0.2298059428449495,1720785660.0,3,1,62574023.99999999,1,1,0,0.24040799051622222,0
CUST_21827,15.7,0.2991452991452991,0.5898499234962044,610096734.0,2,0,182507570.0,2,1,1,0.5713254781990189,1
CUST_22875,7.14,0.0943396226415094,0.1814317540759799,1381843030.0,3,1,130362550.0,2,1,0,0.35974431931663126,0
CUST_11705,14.96,0.4262574595055413,0.5270172623391328,1529152711.5,3,1,651812750.0,5,1,1,0.8267527141699871,1
CUST_19280,13.57,0.0833333333333333,0.2277428523110678,782175300.0,2,0,65181274.99999999,1,1,0,0.4100803043701787,0
CUST_30756,7.66,0.4090909090909091,0.6143478251241982,573595220.0,2,1,234652590.0,0,1,1,0.6326301306164094,1
CUST_23450,6.62,0.4381578947368421,0.5513963573971778,495377689.9999999,2,1,217053645.75,0,1,1,0.6299108753480857,1
CUST_25212,9.63,0.3243243243243243,0.413844322928491,964682870.0,2,1,312870120.0,1,1,1,0.6363449503005372,1
CUST_07153,10.99,0.1286764705882352,0.2846450139199547,1418344544.0,2,0,182507570.0,5,1,0,0.4059977481694985,0
CUST_23773,9.76,0.2542372881355932,0.4787286777753286,1538278090.0,3,1,391087650.0,3,1,1,0.6046218353776359,1
CUST_00960,9.91,0.5,0.586095465478916,949039364.0,2,1,474519682.0,0,1,1,0.7813175787221627,1
CUST_05563,16.49,0.0919117647058823,0.227381086070752,1418344544.0,2,1,130362550.0,5,1,0,0.3528277296143859,0
CUST_08320,13.92,0.1704545454545454,0.3316889368775539,1147190440.0,2,1,195543825.0,5,1,0,0.4750267409413613,0
CUST_26208,10.99,0.2188782489740082,0.3607272707910562,1905900481.0,3,0,417160160.0,5,1,1,0.5582516105848713,1
CUST_01249,13.06,0.4102564102564102,0.571860770741986,1016827890.0,2,1,417160160.0,1,1,1,0.7248494529535069,1
CUST_27939,9.91,0.3666666666666666,0.6006280749086185,782175300.0,2,1,286797610.0,0,1,1,0.6450336001136509,1
CUST_07994,11.86,0.2857142857142857,0.5130975997947222,657027252.0,2,1,187722072.0,2,1,1,0.5673618395822626,1
CUST_29649,16.89,0.0555555555555555,0.221330927872261,1407915540.0,2,1,78217530.0,2,1,0,0.3048912883554065,0
CUST_13470,7.29,0.1602564102564102,0.2382605674401819,406731156.0,2,1,65181274.99999999,3,1,0,0.48664539859350825,0
CUST_09334,14.96,0.1418439716312056,0.2075179574172193,1470489564.0,2,0,208580080.0,5,1,0,0.42297546832223554,0
CUST_27116,11.48,0.0833333333333333,0.376398337211186,469305180.0,2,1,39108765.0,5,1,0,0.44567033628752223,0
CUST_19371,7.14,0.1500600240096038,0.2062440047352502,521241619.92,2,1,78217530.0,2,1,0,0.477136321057509,0
CUST_32297,18.62,0.2884615384615384,0.5523557144640884,1355770520.0,2,0,391087650.0,2,1,1,0.64004357929543,1
CUST_03570,10.36,0.222809307063055,0.5044707929717478,819120046.67,3,1,182507570.0,2,1,1,0.5286087929323712,1
CUST_14811,12.84,0.3333333333333333,0.5914881486490954,1173262950.0,2,1,391087650.0,0,1,1,0.6740029336091702,1
CUST_32360,16.0,0.1296296296296296,0.1864235886033038,703957770.0,2,0,91253785.0,1,1,0,0.45364366420599084,0
CUST_21252,14.72,0.3381410256410256,0.6082524876182489,406731156.0,2,0,137532490.25,0,1,1,0.5647047805679718,1
CUST_30554,15.25,0.3065134099616858,0.5263095973227804,1360985022.0,3,1,417160160.0,3,1,1,0.6646962834664437,1
CUST_20571,14.17,0.0788821275636691,0.1435093418191943,925469814.96,3,0,73003028.0,2,1,0,0.38980957589190596,0
CUST_02135,10.65,0.0647249190938511,0.2601261391789052,966768670.8,2,1,62574023.99999999,0,1,0,0.37111080433257987,0
CUST_21825,13.72,0.3333333333333333,0.4232109597703817,547522710.0,2,1,182507570.0,5,1,1,0.583938237909493,1
CUST_29259,13.85,0.4,0.5393677062439994,1564350600.0,2,1,625740240.0,0,1,1,0.8054411804685727,1
CUST_19908,16.29,0.2571428571428571,0.3844178910476576,1095045420.0,2,0,281583108.0,3,1,1,0.578389994969566,1
CUST_19971,8.49,0.502706883217324,0.6044640539199018,539388086.88,2,1,271154104.0,0,1,1,0.6748157242373616,1
CUST_09760,11.34,0.4864864864864865,0.7040865397536107,482341435.0,2,0,234652590.0,4,1,1,0.6499713263783035,1
CUST_00444,11.11,0.2777777777777778,0.4009071038432898,469305180.0,1,1,130362550.0,2,1,1,0.544256348519228,1
CUST_12587,18.53,0.0935064935064935,0.3455530002163626,2007583270.0,3,1,187722072.0,3,1,0,0.3005308953881854,0
CUST_22238,12.42,0.1458333333333333,0.3084805201487777,1251480480.0,3,1,182507570.0,0,1,0,0.43962901644757685,0
CUST_29816,9.32,0.1142857142857142,0.2265134496445276,912537850.0,2,1,104290040.0,5,1,0,0.42512491781779516,0
CUST_16127,10.37,0.3255208333333333,0.4100309060866356,800947507.1999999,2,1,260725100.0,5,1,1,0.6150808962290526,1
CUST_23416,12.42,0.150709219858156,0.202704334054746,1470489564.0,3,1,221616335.0,2,1,0,0.4368278129648181,0
CUST_31443,12.18,0.0337349397590361,0.1711006946207129,2164018330.0,3,1,73003028.0,2,1,0,0.1867245007378067,0
CUST_00398,10.39,0.3571428571428571,0.4680875423927821,438018168.0,3,1,156435060.0,4,1,1,0.5784438809097543,1
CUST_26383,14.74,0.4708333333333333,0.5526728044324425,782175300.0,2,1,368274203.75,3,1,1,0.7212269792560451,1
CUST_30961,15.95,0.1537799101925324,0.332626620421829,1695443180.28,3,1,260725100.0,2,1,0,0.43282451749977213,0
CUST_02439,11.49,0.1166666666666666,0.277942907493974,625740240.0,2,1,73003028.0,5,1,0,0.4500501948693521,0
CUST_28759,18.09,0.1627206899357253,0.3622591606337169,1602286102.05,3,1,260725100.0,5,1,0,0.4518082108054255,0
CUST_08318,16.4,0.1704545454545454,0.2912329960127534,1147190440.0,2,1,195543825.0,1,1,0,0.47502674094136144,0
CUST_32159,8.9,0.4117647058823529,0.5734990293256862,2216163350.0,2,1,912537850.0,3,1,1,0.893370773438338,1
CUST_18692,10.25,0.3857142857142857,0.5321175159838565,1095045420.0,2,1,422374662.0,5,1,1,0.7163910494286365,1
CUST_20214,17.27,0.1075268817204301,0.1764559186582599,969897372.0,2,1,104290040.0,2,1,0,0.4135857124573382,0
CUST_21551,12.84,0.1904761904761904,0.3246940145589084,821284065.0,2,1,156435060.0,2,1,0,0.49993094401439037,0
CUST_00149,12.98,0.3409090909090909,0.5941211885534184,344157132.0,1,1,117326295.0,4,1,1,0.5558574660887515,1
CUST_02007,10.62,0.4117647058823529,0.6260421666294719,886465340.0,2,1,365015140.0,3,1,1,0.7006211813555417,1
CUST_29056,15.33,0.1583419834972466,0.2771927882349528,1481935395.89,2,1,234652590.0,5,1,0,0.44843921456362945,0
CUST_22426,10.99,0.2346938775510204,0.285054635412811,1277552990.0,3,1,299833865.0,5,1,1,0.5608244825223633,1
CUST_18319,16.82,0.352233676975945,0.5963811994137833,1517420082.0,2,0,534486454.9999999,2,1,1,0.7434086218415558,1
CUST_30043,10.62,0.3269230769230769,0.4338031803597406,677885260.0,2,1,221616335.0,3,1,1,0.5988859069608393,1
CUST_05792,11.71,0.3055555555555556,0.5507825891835502,469305180.0,2,1,143398805.0,0,1,1,0.5582380092523002,1
CUST_02491,16.29,0.1865671641791045,0.4432012807429779,419245960.8,2,0,78217530.0,3,1,0,0.4981882792584831,0
CUST_00549,17.26,0.5,0.6567472017040056,1095045420.0,2,0,547522710.0,5,1,1,0.812945319673728,1
CUST_24327,11.71,0.238095238095238,0.396831558017619,1095045420.0,2,1,260725100.0,2,1,1,0.5561937975016703,1
CUST_08514,13.79,0.2294117647058823,0.3357785273731147,886465340.0,2,1,203365578.0,3,1,1,0.5372698934696422,1
CUST_32566,8.9,0.375,0.6620703685062319,1042900400.0,2,1,391087650.0,5,1,1,0.6972116998764142,1
CUST_31845,10.99,0.3714285714285714,0.6607622026041167,1095045420.0,2,1,406731156.0,0,1,1,0.7024100234030722,1
CUST_04603,10.99,0.0671140939597315,0.1485424040343221,932352957.6,3,1,62574023.99999999,1,1,0,0.37777119072953735,0
CUST_29386,10.38,0.3333333333333333,0.432163581405794,1329698010.0,2,1,443232670.0,1,1,1,0.6949135404097488,1
CUST_20445,14.65,0.3333333333333333,0.6304440633311159,375444144.0,2,0,125148048.0,4,1,1,0.5578474910095149,1
CUST_12945,14.96,0.1907790143084261,0.4055885421793647,1639960879.0,2,1,312870120.0,5,1,1,0.5004004336021234,1
CUST_03755,14.17,0.1515151515151515,0.3544035930953553,688314264.0,2,1,104290040.0,2,1,0,0.4709054018540033,0
CUST_25113,7.49,0.3333333333333333,0.5160223387325844,938610360.0,2,1,312870120.0,4,1,1,0.641315155235651,1
CUST_01340,14.61,0.5576923076923077,0.7202089589820321,677885260.0,3,0,378051395.0,5,1,1,0.7463267540377158,1
CUST_24151,14.54,0.4972426470588235,0.6231373836372952,1418344544.0,3,1,705261395.5,5,1,1,0.8683088379062257,1
CUST_01190,20.11,0.3101851851851852,0.449151289613435,1407915540.0,2,0,436714542.5,0,1,1,0.6748721131615564,1
CUST_22826,7.9,0.1705287833371762,0.3253219358278011,1356917710.44,3,1,231393526.25,2,1,0,0.4705797933910922,0
